-- MySQL dump 10.13  Distrib 8.4.8, for Linux (x86_64)
--
-- Host: localhost    Database: spdb
-- ------------------------------------------------------
-- Server version	8.4.8

/*!40101 SET @OLD_CHARACTER_SET_CLIENT=@@CHARACTER_SET_CLIENT */;
/*!40101 SET @OLD_CHARACTER_SET_RESULTS=@@CHARACTER_SET_RESULTS */;
/*!40101 SET @OLD_COLLATION_CONNECTION=@@COLLATION_CONNECTION */;
/*!50503 SET NAMES utf8mb4 */;
/*!40103 SET @OLD_TIME_ZONE=@@TIME_ZONE */;
/*!40103 SET TIME_ZONE='+00:00' */;
/*!40014 SET @OLD_UNIQUE_CHECKS=@@UNIQUE_CHECKS, UNIQUE_CHECKS=0 */;
/*!40014 SET @OLD_FOREIGN_KEY_CHECKS=@@FOREIGN_KEY_CHECKS, FOREIGN_KEY_CHECKS=0 */;
/*!40101 SET @OLD_SQL_MODE=@@SQL_MODE, SQL_MODE='NO_AUTO_VALUE_ON_ZERO' */;
/*!40111 SET @OLD_SQL_NOTES=@@SQL_NOTES, SQL_NOTES=0 */;

--
-- Table structure for table `admin_permissions`
--

DROP TABLE IF EXISTS `admin_permissions`;
/*!40101 SET @saved_cs_client     = @@character_set_client */;
/*!50503 SET character_set_client = utf8mb4 */;
CREATE TABLE `admin_permissions` (
  `id` int unsigned NOT NULL AUTO_INCREMENT,
  `document_id` varchar(255) DEFAULT NULL,
  `action` varchar(255) DEFAULT NULL,
  `action_parameters` json DEFAULT NULL,
  `subject` varchar(255) DEFAULT NULL,
  `properties` json DEFAULT NULL,
  `conditions` json DEFAULT NULL,
  `created_at` datetime(6) DEFAULT NULL,
  `updated_at` datetime(6) DEFAULT NULL,
  `published_at` datetime(6) DEFAULT NULL,
  `created_by_id` int unsigned DEFAULT NULL,
  `updated_by_id` int unsigned DEFAULT NULL,
  `locale` varchar(255) DEFAULT NULL,
  PRIMARY KEY (`id`),
  KEY `admin_permissions_documents_idx` (`document_id`,`locale`,`published_at`),
  KEY `admin_permissions_created_by_id_fk` (`created_by_id`),
  KEY `admin_permissions_updated_by_id_fk` (`updated_by_id`),
  CONSTRAINT `admin_permissions_created_by_id_fk` FOREIGN KEY (`created_by_id`) REFERENCES `admin_users` (`id`) ON DELETE SET NULL,
  CONSTRAINT `admin_permissions_updated_by_id_fk` FOREIGN KEY (`updated_by_id`) REFERENCES `admin_users` (`id`) ON DELETE SET NULL
) ENGINE=InnoDB AUTO_INCREMENT=228 DEFAULT CHARSET=utf8mb4 COLLATE=utf8mb4_0900_ai_ci;
/*!40101 SET character_set_client = @saved_cs_client */;

--
-- Dumping data for table `admin_permissions`
--

LOCK TABLES `admin_permissions` WRITE;
/*!40000 ALTER TABLE `admin_permissions` DISABLE KEYS */;
INSERT INTO `admin_permissions` VALUES (1,'jrh1eq3xdmppazmzps5yrudj','plugin::content-manager.explorer.create','{}','api::check-in.check-in','{\"fields\": [\"event\", \"coach\", \"latitude\", \"longitude\", \"coachSelfie\", \"studentPhotots\", \"state\", \"moderatorNote\"]}','[]','2026-03-12 14:49:25.922000','2026-03-12 14:49:25.922000','2026-03-12 14:49:25.922000',NULL,NULL,NULL),(2,'t16ig4u597wybvgducsb052v','plugin::content-manager.explorer.create','{}','api::coach.coach','{\"fields\": [\"avatar\", \"firstName\", \"lastName\", \"middleName\", \"students\", \"discipline\", \"Desc\", \"events\", \"check_ins\", \"users_permissions_user\"]}','[]','2026-03-12 14:49:25.951000','2026-03-12 14:49:25.951000','2026-03-12 14:49:25.952000',NULL,NULL,NULL),(3,'f1z02r7x71ow9cb4cwzhmk96','plugin::content-manager.explorer.create','{}','api::discipline.discipline','{\"fields\": [\"name\", \"coaches\", \"students\"]}','[]','2026-03-12 14:49:25.978000','2026-03-12 14:49:25.978000','2026-03-12 14:49:25.979000',NULL,NULL,NULL),(4,'dnp7nfqiqc4zly2acev4zost','plugin::content-manager.explorer.create','{}','api::event.event','{\"fields\": [\"title\", \"date\", \"location\", \"coaches\", \"state\", \"check_ins\"]}','[]','2026-03-12 14:49:25.993000','2026-03-12 14:49:25.993000','2026-03-12 14:49:25.994000',NULL,NULL,NULL),(5,'zaeykxe3m0e0b7inbbbxxdcp','plugin::content-manager.explorer.create','{}','api::header.header','{\"fields\": [\"LogoHeader\", \"Title\", \"loginBtn\", \"FooterTitle\", \"FooterAddr\", \"FooterLogos\", \"LangSwitch.label\", \"LangSwitch.url\", \"PhoneNumber\", \"Coords.Name\", \"Coords.latitude\", \"Coords.longitude\", \"Coords.Address\"]}','[]','2026-03-12 14:49:26.161000','2026-03-16 09:36:28.623000','2026-03-12 14:49:26.161000',NULL,NULL,NULL),(6,'bvojeqcjiyhm9p8veg8cc1cf','plugin::content-manager.explorer.create','{}','api::home.home','{\"fields\": [\"HeroTitle\", \"HeroDesc\", \"Achivments\", \"Medals\", \"Sportsmens\", \"Scolarship\", \"OurPride\", \"BtnCoach\", \"BtnAth\"]}','[]','2026-03-12 14:49:26.198000','2026-03-12 14:49:26.198000','2026-03-12 14:49:26.200000',NULL,NULL,NULL),(7,'qp8imsqgtmbtcn5nor7hk4he','plugin::content-manager.explorer.create','{}','api::slider.slider','{\"fields\": []}','[]','2026-03-12 14:49:26.235000','2026-03-12 14:49:26.235000','2026-03-12 14:49:26.236000',NULL,NULL,NULL),(8,'hi29o9vzczi7d9ugbvrxfj8j','plugin::content-manager.explorer.create','{}','api::student.student','{\"fields\": [\"firstName\", \"lastName\", \"middleName\", \"avatar\", \"coach\", \"discipline\"]}','[]','2026-03-12 14:49:26.251000','2026-03-12 14:49:26.251000','2026-03-12 14:49:26.251000',NULL,NULL,NULL),(9,'pwvnbg6scnoyxkh6faza7ijh','plugin::content-manager.explorer.read','{}','api::check-in.check-in','{\"fields\": [\"event\", \"coach\", \"latitude\", \"longitude\", \"coachSelfie\", \"studentPhotots\", \"state\", \"moderatorNote\"]}','[]','2026-03-12 14:49:26.266000','2026-03-12 14:49:26.266000','2026-03-12 14:49:26.266000',NULL,NULL,NULL),(10,'gtcuz7fnfakd8ytz11o77r5j','plugin::content-manager.explorer.read','{}','api::coach.coach','{\"fields\": [\"avatar\", \"firstName\", \"lastName\", \"middleName\", \"students\", \"discipline\", \"Desc\", \"events\", \"check_ins\", \"users_permissions_user\"]}','[]','2026-03-12 14:49:26.285000','2026-03-12 14:49:26.285000','2026-03-12 14:49:26.285000',NULL,NULL,NULL),(11,'e4hxgvrerntd9d54rfzujyhb','plugin::content-manager.explorer.read','{}','api::discipline.discipline','{\"fields\": [\"name\", \"coaches\", \"students\"]}','[]','2026-03-12 14:49:26.306000','2026-03-12 14:49:26.306000','2026-03-12 14:49:26.306000',NULL,NULL,NULL),(12,'ffuzn7sch48ot5baynsibfnu','plugin::content-manager.explorer.read','{}','api::event.event','{\"fields\": [\"title\", \"date\", \"location\", \"coaches\", \"state\", \"check_ins\"]}','[]','2026-03-12 14:49:26.327000','2026-03-12 14:49:26.327000','2026-03-12 14:49:26.327000',NULL,NULL,NULL),(13,'wgo1w06aian44k8qd2794lty','plugin::content-manager.explorer.read','{}','api::header.header','{\"fields\": [\"LogoHeader\", \"Title\", \"loginBtn\", \"FooterTitle\", \"FooterAddr\", \"FooterLogos\", \"LangSwitch.label\", \"LangSwitch.url\", \"PhoneNumber\", \"Coords.Name\", \"Coords.latitude\", \"Coords.longitude\", \"Coords.Address\"]}','[]','2026-03-12 14:49:26.337000','2026-03-16 09:36:28.623000','2026-03-12 14:49:26.337000',NULL,NULL,NULL),(14,'a3saz2eh5f5k26q8xzflg6wa','plugin::content-manager.explorer.read','{}','api::home.home','{\"fields\": [\"HeroTitle\", \"HeroDesc\", \"Achivments\", \"Medals\", \"Sportsmens\", \"Scolarship\", \"OurPride\", \"BtnCoach\", \"BtnAth\"]}','[]','2026-03-12 14:49:26.351000','2026-03-12 14:49:26.351000','2026-03-12 14:49:26.351000',NULL,NULL,NULL),(15,'fjbhskkumwmcif8rwaog1p0a','plugin::content-manager.explorer.read','{}','api::slider.slider','{\"fields\": []}','[]','2026-03-12 14:49:26.375000','2026-03-12 14:49:26.375000','2026-03-12 14:49:26.376000',NULL,NULL,NULL),(16,'a4tdybpyh2856b270byffe90','plugin::content-manager.explorer.read','{}','api::student.student','{\"fields\": [\"firstName\", \"lastName\", \"middleName\", \"avatar\", \"coach\", \"discipline\"]}','[]','2026-03-12 14:49:26.392000','2026-03-12 14:49:26.392000','2026-03-12 14:49:26.392000',NULL,NULL,NULL),(17,'tifnmwnx8r94dqyk2pqqp187','plugin::content-manager.explorer.update','{}','api::check-in.check-in','{\"fields\": [\"event\", \"coach\", \"latitude\", \"longitude\", \"coachSelfie\", \"studentPhotots\", \"state\", \"moderatorNote\"]}','[]','2026-03-12 14:49:26.408000','2026-03-12 14:49:26.408000','2026-03-12 14:49:26.408000',NULL,NULL,NULL),(18,'we3fhzagf3i6xzwj6jr63f2x','plugin::content-manager.explorer.update','{}','api::coach.coach','{\"fields\": [\"avatar\", \"firstName\", \"lastName\", \"middleName\", \"students\", \"discipline\", \"Desc\", \"events\", \"check_ins\", \"users_permissions_user\"]}','[]','2026-03-12 14:49:26.420000','2026-03-12 14:49:26.420000','2026-03-12 14:49:26.420000',NULL,NULL,NULL),(19,'n6c590fpd6xye9yl5i3ne8tl','plugin::content-manager.explorer.update','{}','api::discipline.discipline','{\"fields\": [\"name\", \"coaches\", \"students\"]}','[]','2026-03-12 14:49:26.429000','2026-03-12 14:49:26.429000','2026-03-12 14:49:26.430000',NULL,NULL,NULL),(20,'z3dyf8pfplqf4wscnc5zivip','plugin::content-manager.explorer.update','{}','api::event.event','{\"fields\": [\"title\", \"date\", \"location\", \"coaches\", \"state\", \"check_ins\"]}','[]','2026-03-12 14:49:26.446000','2026-03-12 14:49:26.446000','2026-03-12 14:49:26.446000',NULL,NULL,NULL),(21,'u3dahz7kqulyh8t7d5mfd9xx','plugin::content-manager.explorer.update','{}','api::header.header','{\"fields\": [\"LogoHeader\", \"Title\", \"loginBtn\", \"FooterTitle\", \"FooterAddr\", \"FooterLogos\", \"LangSwitch.label\", \"LangSwitch.url\", \"PhoneNumber\", \"Coords.Name\", \"Coords.latitude\", \"Coords.longitude\", \"Coords.Address\"]}','[]','2026-03-12 14:49:26.467000','2026-03-16 09:36:28.623000','2026-03-12 14:49:26.467000',NULL,NULL,NULL),(22,'y5g74g4w6x8742mlfysx6pev','plugin::content-manager.explorer.update','{}','api::home.home','{\"fields\": [\"HeroTitle\", \"HeroDesc\", \"Achivments\", \"Medals\", \"Sportsmens\", \"Scolarship\", \"OurPride\", \"BtnCoach\", \"BtnAth\"]}','[]','2026-03-12 14:49:26.480000','2026-03-12 14:49:26.480000','2026-03-12 14:49:26.481000',NULL,NULL,NULL),(23,'v65w2l5dts2qaqlqlys8jq20','plugin::content-manager.explorer.update','{}','api::slider.slider','{\"fields\": []}','[]','2026-03-12 14:49:26.493000','2026-03-12 14:49:26.493000','2026-03-12 14:49:26.493000',NULL,NULL,NULL),(24,'ho12p7ioksv2f8qt5cjjsm15','plugin::content-manager.explorer.update','{}','api::student.student','{\"fields\": [\"firstName\", \"lastName\", \"middleName\", \"avatar\", \"coach\", \"discipline\"]}','[]','2026-03-12 14:49:26.507000','2026-03-12 14:49:26.507000','2026-03-12 14:49:26.507000',NULL,NULL,NULL),(25,'yd5uf6epeyc8jur1gb62728b','plugin::content-manager.explorer.delete','{}','api::check-in.check-in','{}','[]','2026-03-12 14:49:26.530000','2026-03-12 14:49:26.530000','2026-03-12 14:49:26.530000',NULL,NULL,NULL),(28,'xm6lh4lbd006f77mdxv7qgyf','plugin::content-manager.explorer.delete','{}','api::event.event','{}','[]','2026-03-12 14:49:26.586000','2026-03-12 14:49:26.586000','2026-03-12 14:49:26.587000',NULL,NULL,NULL),(31,'xp7az240hen35oz9i68jkrwv','plugin::content-manager.explorer.delete','{}','api::slider.slider','{}','[]','2026-03-12 14:49:26.644000','2026-03-12 14:49:26.644000','2026-03-12 14:49:26.644000',NULL,NULL,NULL),(33,'av08ujbdvwsh1vettk37bepb','plugin::content-manager.explorer.publish','{}','api::check-in.check-in','{}','[]','2026-03-12 14:49:26.670000','2026-03-12 14:49:26.670000','2026-03-12 14:49:26.671000',NULL,NULL,NULL),(36,'xfffnccsm3juqdlvuyra99h7','plugin::content-manager.explorer.publish','{}','api::event.event','{}','[]','2026-03-12 14:49:26.721000','2026-03-12 14:49:26.721000','2026-03-12 14:49:26.721000',NULL,NULL,NULL),(39,'aalw8vq0dlicbnttemzlceo4','plugin::content-manager.explorer.publish','{}','api::slider.slider','{}','[]','2026-03-12 14:49:26.782000','2026-03-12 14:49:26.782000','2026-03-12 14:49:26.782000',NULL,NULL,NULL),(41,'ywgdo25nyw4lxxz8k8j7wapn','plugin::upload.read','{}',NULL,'{}','[]','2026-03-12 14:49:26.816000','2026-03-12 14:49:26.816000','2026-03-12 14:49:26.816000',NULL,NULL,NULL),(42,'cga16x9f5slhoi61hgdlb8dx','plugin::upload.configure-view','{}',NULL,'{}','[]','2026-03-12 14:49:26.829000','2026-03-12 14:49:26.829000','2026-03-12 14:49:26.829000',NULL,NULL,NULL),(43,'p25fljdccrkfar9loeuit1aw','plugin::upload.assets.create','{}',NULL,'{}','[]','2026-03-12 14:49:26.850000','2026-03-12 14:49:26.850000','2026-03-12 14:49:26.851000',NULL,NULL,NULL),(44,'yhaykjquayknb6o9nlfdee4y','plugin::upload.assets.update','{}',NULL,'{}','[]','2026-03-12 14:49:26.868000','2026-03-12 14:49:26.868000','2026-03-12 14:49:26.868000',NULL,NULL,NULL),(45,'uo2a20q3xkf1e5zp4z80euhf','plugin::upload.assets.download','{}',NULL,'{}','[]','2026-03-12 14:49:26.884000','2026-03-12 14:49:26.884000','2026-03-12 14:49:26.884000',NULL,NULL,NULL),(46,'x0ph46753f6pkq67kmep5xea','plugin::upload.assets.copy-link','{}',NULL,'{}','[]','2026-03-12 14:49:26.900000','2026-03-12 14:49:26.900000','2026-03-12 14:49:26.900000',NULL,NULL,NULL),(47,'lj2ljv0kyqc7mwhfn4rv1j78','plugin::content-manager.explorer.create','{}','api::check-in.check-in','{\"fields\": [\"event\", \"coach\", \"latitude\", \"longitude\", \"coachSelfie\", \"studentPhotots\", \"state\", \"moderatorNote\"]}','[\"admin::is-creator\"]','2026-03-12 14:49:26.923000','2026-03-12 14:49:26.923000','2026-03-12 14:49:26.923000',NULL,NULL,NULL),(48,'sw8hs7mhshqlsnzfbmcbqrx5','plugin::content-manager.explorer.create','{}','api::coach.coach','{\"fields\": [\"avatar\", \"firstName\", \"lastName\", \"middleName\", \"students\", \"discipline\", \"Desc\", \"events\", \"check_ins\", \"users_permissions_user\"]}','[\"admin::is-creator\"]','2026-03-12 14:49:26.935000','2026-03-12 14:49:26.935000','2026-03-12 14:49:26.935000',NULL,NULL,NULL),(49,'s1i7pi6cb9qxg4pue2u9lt0z','plugin::content-manager.explorer.create','{}','api::discipline.discipline','{\"fields\": [\"name\", \"coaches\", \"students\"]}','[\"admin::is-creator\"]','2026-03-12 14:49:26.967000','2026-03-12 14:49:26.967000','2026-03-12 14:49:26.967000',NULL,NULL,NULL),(50,'oxgrskvmiuor69pue23bhn6o','plugin::content-manager.explorer.create','{}','api::event.event','{\"fields\": [\"title\", \"date\", \"location\", \"coaches\", \"state\", \"check_ins\"]}','[\"admin::is-creator\"]','2026-03-12 14:49:26.979000','2026-03-12 14:49:26.979000','2026-03-12 14:49:26.979000',NULL,NULL,NULL),(51,'jd9lfdl16l97wkvfoa9kffyy','plugin::content-manager.explorer.create','{}','api::header.header','{\"fields\": [\"LogoHeader\", \"Title\", \"loginBtn\", \"FooterTitle\", \"FooterAddr\", \"FooterLogos\", \"LangSwitch.label\", \"LangSwitch.url\", \"PhoneNumber\", \"Coords.Name\", \"Coords.latitude\", \"Coords.longitude\", \"Coords.Address\"]}','[\"admin::is-creator\"]','2026-03-12 14:49:26.991000','2026-03-16 09:36:28.623000','2026-03-12 14:49:26.991000',NULL,NULL,NULL),(52,'gieyc64iw687qecrfkqp3rjf','plugin::content-manager.explorer.create','{}','api::home.home','{\"fields\": [\"HeroTitle\", \"HeroDesc\", \"Achivments\", \"Medals\", \"Sportsmens\", \"Scolarship\", \"OurPride\", \"BtnCoach\", \"BtnAth\"]}','[\"admin::is-creator\"]','2026-03-12 14:49:27.010000','2026-03-12 14:49:27.010000','2026-03-12 14:49:27.011000',NULL,NULL,NULL),(53,'e7hpuj88s7lwhm8azzpxu9k0','plugin::content-manager.explorer.create','{}','api::slider.slider','{\"fields\": []}','[\"admin::is-creator\"]','2026-03-12 14:49:27.034000','2026-03-12 14:49:27.034000','2026-03-12 14:49:27.034000',NULL,NULL,NULL),(54,'juxqu4lzj4a7tzxiwmvd7uuk','plugin::content-manager.explorer.create','{}','api::student.student','{\"fields\": [\"firstName\", \"lastName\", \"middleName\", \"avatar\", \"coach\", \"discipline\"]}','[\"admin::is-creator\"]','2026-03-12 14:49:27.044000','2026-03-12 14:49:27.044000','2026-03-12 14:49:27.044000',NULL,NULL,NULL),(55,'a84m404knp2d5evj08ebnnq2','plugin::content-manager.explorer.read','{}','api::check-in.check-in','{\"fields\": [\"event\", \"coach\", \"latitude\", \"longitude\", \"coachSelfie\", \"studentPhotots\", \"state\", \"moderatorNote\"]}','[\"admin::is-creator\"]','2026-03-12 14:49:27.058000','2026-03-12 14:49:27.058000','2026-03-12 14:49:27.058000',NULL,NULL,NULL),(56,'e2e3cy1bgfl9mwe4vl5artd4','plugin::content-manager.explorer.read','{}','api::coach.coach','{\"fields\": [\"avatar\", \"firstName\", \"lastName\", \"middleName\", \"students\", \"discipline\", \"Desc\", \"events\", \"check_ins\", \"users_permissions_user\"]}','[\"admin::is-creator\"]','2026-03-12 14:49:27.074000','2026-03-12 14:49:27.074000','2026-03-12 14:49:27.074000',NULL,NULL,NULL),(57,'ekuvlk3dufkfb1dg5il8yxn2','plugin::content-manager.explorer.read','{}','api::discipline.discipline','{\"fields\": [\"name\", \"coaches\", \"students\"]}','[\"admin::is-creator\"]','2026-03-12 14:49:27.094000','2026-03-12 14:49:27.094000','2026-03-12 14:49:27.095000',NULL,NULL,NULL),(58,'ir9tgqqydqtl0p3kute0caa8','plugin::content-manager.explorer.read','{}','api::event.event','{\"fields\": [\"title\", \"date\", \"location\", \"coaches\", \"state\", \"check_ins\"]}','[\"admin::is-creator\"]','2026-03-12 14:49:27.114000','2026-03-12 14:49:27.114000','2026-03-12 14:49:27.114000',NULL,NULL,NULL),(59,'qja78gqf4hg8ucr5tuuw6r1i','plugin::content-manager.explorer.read','{}','api::header.header','{\"fields\": [\"LogoHeader\", \"Title\", \"loginBtn\", \"FooterTitle\", \"FooterAddr\", \"FooterLogos\", \"LangSwitch.label\", \"LangSwitch.url\", \"PhoneNumber\", \"Coords.Name\", \"Coords.latitude\", \"Coords.longitude\", \"Coords.Address\"]}','[\"admin::is-creator\"]','2026-03-12 14:49:27.123000','2026-03-16 09:36:28.623000','2026-03-12 14:49:27.123000',NULL,NULL,NULL),(60,'dhakg4gwh0dasijnw71ekdtc','plugin::content-manager.explorer.read','{}','api::home.home','{\"fields\": [\"HeroTitle\", \"HeroDesc\", \"Achivments\", \"Medals\", \"Sportsmens\", \"Scolarship\", \"OurPride\", \"BtnCoach\", \"BtnAth\"]}','[\"admin::is-creator\"]','2026-03-12 14:49:27.137000','2026-03-12 14:49:27.137000','2026-03-12 14:49:27.137000',NULL,NULL,NULL),(61,'oha1v9cv52ewh3ldchnmt0y4','plugin::content-manager.explorer.read','{}','api::slider.slider','{\"fields\": []}','[\"admin::is-creator\"]','2026-03-12 14:49:27.150000','2026-03-12 14:49:27.150000','2026-03-12 14:49:27.150000',NULL,NULL,NULL),(62,'rfw110smgwwedkdqw9xopybu','plugin::content-manager.explorer.read','{}','api::student.student','{\"fields\": [\"firstName\", \"lastName\", \"middleName\", \"avatar\", \"coach\", \"discipline\"]}','[\"admin::is-creator\"]','2026-03-12 14:49:27.168000','2026-03-12 14:49:27.168000','2026-03-12 14:49:27.169000',NULL,NULL,NULL),(63,'rsm8ye03neuepheng97vbfql','plugin::content-manager.explorer.update','{}','api::check-in.check-in','{\"fields\": [\"event\", \"coach\", \"latitude\", \"longitude\", \"coachSelfie\", \"studentPhotots\", \"state\", \"moderatorNote\"]}','[\"admin::is-creator\"]','2026-03-12 14:49:27.192000','2026-03-12 14:49:27.192000','2026-03-12 14:49:27.192000',NULL,NULL,NULL),(64,'yz1mfajget9brfhnf0cxgrxk','plugin::content-manager.explorer.update','{}','api::coach.coach','{\"fields\": [\"avatar\", \"firstName\", \"lastName\", \"middleName\", \"students\", \"discipline\", \"Desc\", \"events\", \"check_ins\", \"users_permissions_user\"]}','[\"admin::is-creator\"]','2026-03-12 14:49:27.211000','2026-03-12 14:49:27.211000','2026-03-12 14:49:27.211000',NULL,NULL,NULL),(65,'co549hfnmmjah80uz1r7nvoh','plugin::content-manager.explorer.update','{}','api::discipline.discipline','{\"fields\": [\"name\", \"coaches\", \"students\"]}','[\"admin::is-creator\"]','2026-03-12 14:49:27.231000','2026-03-12 14:49:27.231000','2026-03-12 14:49:27.231000',NULL,NULL,NULL),(66,'jvcwecguj9gvvhc2qh9bsmq5','plugin::content-manager.explorer.update','{}','api::event.event','{\"fields\": [\"title\", \"date\", \"location\", \"coaches\", \"state\", \"check_ins\"]}','[\"admin::is-creator\"]','2026-03-12 14:49:27.255000','2026-03-12 14:49:27.255000','2026-03-12 14:49:27.255000',NULL,NULL,NULL),(67,'jpd5xohdqqgk5nku16qtsd73','plugin::content-manager.explorer.update','{}','api::header.header','{\"fields\": [\"LogoHeader\", \"Title\", \"loginBtn\", \"FooterTitle\", \"FooterAddr\", \"FooterLogos\", \"LangSwitch.label\", \"LangSwitch.url\", \"PhoneNumber\", \"Coords.Name\", \"Coords.latitude\", \"Coords.longitude\", \"Coords.Address\"]}','[\"admin::is-creator\"]','2026-03-12 14:49:27.274000','2026-03-16 09:36:28.623000','2026-03-12 14:49:27.274000',NULL,NULL,NULL),(68,'kdsc53navs69j376t4on7djf','plugin::content-manager.explorer.update','{}','api::home.home','{\"fields\": [\"HeroTitle\", \"HeroDesc\", \"Achivments\", \"Medals\", \"Sportsmens\", \"Scolarship\", \"OurPride\", \"BtnCoach\", \"BtnAth\"]}','[\"admin::is-creator\"]','2026-03-12 14:49:27.299000','2026-03-12 14:49:27.299000','2026-03-12 14:49:27.299000',NULL,NULL,NULL),(69,'iqu5ujz6zd2h2ug1rcialg8n','plugin::content-manager.explorer.update','{}','api::slider.slider','{\"fields\": []}','[\"admin::is-creator\"]','2026-03-12 14:49:27.318000','2026-03-12 14:49:27.318000','2026-03-12 14:49:27.318000',NULL,NULL,NULL),(70,'vd36c7m0jz5il5devk9euegm','plugin::content-manager.explorer.update','{}','api::student.student','{\"fields\": [\"firstName\", \"lastName\", \"middleName\", \"avatar\", \"coach\", \"discipline\"]}','[\"admin::is-creator\"]','2026-03-12 14:49:27.340000','2026-03-12 14:49:27.340000','2026-03-12 14:49:27.340000',NULL,NULL,NULL),(71,'qd43nz3yvf1ezlf46vnxxcao','plugin::content-manager.explorer.delete','{}','api::check-in.check-in','{}','[\"admin::is-creator\"]','2026-03-12 14:49:27.358000','2026-03-12 14:49:27.358000','2026-03-12 14:49:27.358000',NULL,NULL,NULL),(74,'jj3vc2inai0hm4j7f21g8m8m','plugin::content-manager.explorer.delete','{}','api::event.event','{}','[\"admin::is-creator\"]','2026-03-12 14:49:27.407000','2026-03-12 14:49:27.407000','2026-03-12 14:49:27.407000',NULL,NULL,NULL),(77,'dj3agwo4lq8q0ofa4kx7696z','plugin::content-manager.explorer.delete','{}','api::slider.slider','{}','[\"admin::is-creator\"]','2026-03-12 14:49:27.460000','2026-03-12 14:49:27.460000','2026-03-12 14:49:27.460000',NULL,NULL,NULL),(79,'m5e7k79fs4qgk891m64xfq21','plugin::upload.read','{}',NULL,'{}','[\"admin::is-creator\"]','2026-03-12 14:49:27.497000','2026-03-12 14:49:27.497000','2026-03-12 14:49:27.497000',NULL,NULL,NULL),(80,'yphsbkbq11mwbl72ihprdhg2','plugin::upload.configure-view','{}',NULL,'{}','[]','2026-03-12 14:49:27.517000','2026-03-12 14:49:27.517000','2026-03-12 14:49:27.517000',NULL,NULL,NULL),(81,'wrthi53jjcsvna8ghzfmbmia','plugin::upload.assets.create','{}',NULL,'{}','[]','2026-03-12 14:49:27.531000','2026-03-12 14:49:27.531000','2026-03-12 14:49:27.531000',NULL,NULL,NULL),(82,'b5hvczkip0a4b63nxo12dcs2','plugin::upload.assets.update','{}',NULL,'{}','[\"admin::is-creator\"]','2026-03-12 14:49:27.547000','2026-03-12 14:49:27.547000','2026-03-12 14:49:27.547000',NULL,NULL,NULL),(83,'v1gelz4cvaldaq4uf8cwmzmc','plugin::upload.assets.download','{}',NULL,'{}','[]','2026-03-12 14:49:27.567000','2026-03-12 14:49:27.567000','2026-03-12 14:49:27.567000',NULL,NULL,NULL),(84,'c0lqyh0eln4i7zo1t1p52lo9','plugin::upload.assets.copy-link','{}',NULL,'{}','[]','2026-03-12 14:49:27.595000','2026-03-12 14:49:27.595000','2026-03-12 14:49:27.596000',NULL,NULL,NULL),(85,'hvgo86u6si0m5winzfv0q4bp','plugin::content-manager.explorer.create','{}','plugin::users-permissions.user','{\"fields\": [\"username\", \"email\", \"provider\", \"password\", \"resetPasswordToken\", \"confirmationToken\", \"confirmed\", \"blocked\", \"role\"]}','[]','2026-03-12 14:49:27.636000','2026-03-12 14:49:27.636000','2026-03-12 14:49:27.636000',NULL,NULL,NULL),(86,'eek3hs1lt7t6trmlbp3f9sa4','plugin::content-manager.explorer.create','{}','api::check-in.check-in','{\"fields\": [\"event\", \"coach\", \"latitude\", \"longitude\", \"coachSelfie\", \"studentPhotots\", \"state\", \"moderatorNote\"]}','[]','2026-03-12 14:49:27.655000','2026-03-12 14:49:27.655000','2026-03-12 14:49:27.656000',NULL,NULL,NULL),(87,'mty7f8fqlz2og5fbpped317q','plugin::content-manager.explorer.create','{}','api::coach.coach','{\"fields\": [\"avatar\", \"firstName\", \"lastName\", \"middleName\", \"students\", \"discipline\", \"Desc\", \"events\", \"check_ins\", \"users_permissions_user\"], \"locales\": [\"en\", \"ru\", \"kk-Cyrl-KZ\"]}','[]','2026-03-17 14:28:55.698000','2026-03-17 14:28:55.698000','2026-03-17 14:28:55.698000',NULL,NULL,NULL),(88,'nutg89pgnzc23wlpktok9z6k','plugin::content-manager.explorer.create','{}','api::discipline.discipline','{\"fields\": [\"name\", \"coaches\", \"students\"], \"locales\": [\"en\", \"ru\", \"kk-Cyrl-KZ\"]}','[]','2026-03-17 14:28:55.712000','2026-03-17 14:28:55.712000','2026-03-17 14:28:55.712000',NULL,NULL,NULL),(89,'navymst2o4pb9j7rzpi37g30','plugin::content-manager.explorer.create','{}','api::event.event','{\"fields\": [\"title\", \"date\", \"location\", \"coaches\", \"state\", \"check_ins\"]}','[]','2026-03-12 14:49:27.713000','2026-03-12 14:49:27.713000','2026-03-12 14:49:27.713000',NULL,NULL,NULL),(92,'vqp43jae9j02im37aq1o66w8','plugin::content-manager.explorer.create','{}','api::slider.slider','{\"fields\": []}','[]','2026-03-12 14:49:27.797000','2026-03-12 14:49:27.797000','2026-03-12 14:49:27.797000',NULL,NULL,NULL),(93,'p7xa17gxtfgvxsepgbi0yhzy','plugin::content-manager.explorer.create','{}','api::student.student','{\"fields\": [\"firstName\", \"lastName\", \"middleName\", \"avatar\", \"coach\", \"discipline\"], \"locales\": [\"en\", \"ru\", \"kk-Cyrl-KZ\"]}','[]','2026-03-17 14:28:55.725000','2026-03-17 14:28:55.725000','2026-03-17 14:28:55.726000',NULL,NULL,NULL),(94,'mi8n63vifs9sktbsijk7s16n','plugin::content-manager.explorer.read','{}','plugin::users-permissions.user','{\"fields\": [\"username\", \"email\", \"provider\", \"password\", \"resetPasswordToken\", \"confirmationToken\", \"confirmed\", \"blocked\", \"role\"]}','[]','2026-03-12 14:49:27.847000','2026-03-12 14:49:27.847000','2026-03-12 14:49:27.847000',NULL,NULL,NULL),(95,'dtdpz8pp2104jx9179sb76to','plugin::content-manager.explorer.read','{}','api::check-in.check-in','{\"fields\": [\"event\", \"coach\", \"latitude\", \"longitude\", \"coachSelfie\", \"studentPhotots\", \"state\", \"moderatorNote\"]}','[]','2026-03-12 14:49:27.867000','2026-03-12 14:49:27.867000','2026-03-12 14:49:27.867000',NULL,NULL,NULL),(96,'a8ilujx05i1wx6pj1edagbxh','plugin::content-manager.explorer.read','{}','api::coach.coach','{\"fields\": [\"avatar\", \"firstName\", \"lastName\", \"middleName\", \"students\", \"discipline\", \"Desc\", \"events\", \"check_ins\", \"users_permissions_user\"], \"locales\": [\"en\", \"ru\", \"kk-Cyrl-KZ\"]}','[]','2026-03-17 14:28:55.738000','2026-03-17 14:28:55.738000','2026-03-17 14:28:55.738000',NULL,NULL,NULL),(97,'bxxg55jjy990kylctzl0arps','plugin::content-manager.explorer.read','{}','api::discipline.discipline','{\"fields\": [\"name\", \"coaches\", \"students\"], \"locales\": [\"en\", \"ru\", \"kk-Cyrl-KZ\"]}','[]','2026-03-17 14:28:55.752000','2026-03-17 14:28:55.752000','2026-03-17 14:28:55.752000',NULL,NULL,NULL),(98,'lkfv26dq6w1a7ps7gog5rdgu','plugin::content-manager.explorer.read','{}','api::event.event','{\"fields\": [\"title\", \"date\", \"location\", \"coaches\", \"state\", \"check_ins\"]}','[]','2026-03-12 14:49:27.931000','2026-03-12 14:49:27.931000','2026-03-12 14:49:27.931000',NULL,NULL,NULL),(101,'ypdkx34rwpec6irthxtqw0vp','plugin::content-manager.explorer.read','{}','api::slider.slider','{\"fields\": []}','[]','2026-03-12 14:49:27.996000','2026-03-12 14:49:27.996000','2026-03-12 14:49:27.996000',NULL,NULL,NULL),(102,'np8yqbraswcp3xwrxy40ugr7','plugin::content-manager.explorer.read','{}','api::student.student','{\"fields\": [\"firstName\", \"lastName\", \"middleName\", \"avatar\", \"coach\", \"discipline\"], \"locales\": [\"en\", \"ru\", \"kk-Cyrl-KZ\"]}','[]','2026-03-17 14:28:55.764000','2026-03-17 14:28:55.764000','2026-03-17 14:28:55.764000',NULL,NULL,NULL),(103,'nr3dvn4zv32js8763b7w9h9m','plugin::content-manager.explorer.update','{}','plugin::users-permissions.user','{\"fields\": [\"username\", \"email\", \"provider\", \"password\", \"resetPasswordToken\", \"confirmationToken\", \"confirmed\", \"blocked\", \"role\"]}','[]','2026-03-12 14:49:28.040000','2026-03-12 14:49:28.040000','2026-03-12 14:49:28.040000',NULL,NULL,NULL),(104,'lyb1uoa64j5brci931yvvtar','plugin::content-manager.explorer.update','{}','api::check-in.check-in','{\"fields\": [\"event\", \"coach\", \"latitude\", \"longitude\", \"coachSelfie\", \"studentPhotots\", \"state\", \"moderatorNote\"]}','[]','2026-03-12 14:49:28.062000','2026-03-12 14:49:28.062000','2026-03-12 14:49:28.063000',NULL,NULL,NULL),(105,'d38g18xu9rzrpti77efe68n0','plugin::content-manager.explorer.update','{}','api::coach.coach','{\"fields\": [\"avatar\", \"firstName\", \"lastName\", \"middleName\", \"students\", \"discipline\", \"Desc\", \"events\", \"check_ins\", \"users_permissions_user\"], \"locales\": [\"en\", \"ru\", \"kk-Cyrl-KZ\"]}','[]','2026-03-17 14:28:55.776000','2026-03-17 14:28:55.776000','2026-03-17 14:28:55.776000',NULL,NULL,NULL),(106,'redjm8hetjarsyy4afh7uvu3','plugin::content-manager.explorer.update','{}','api::discipline.discipline','{\"fields\": [\"name\", \"coaches\", \"students\"], \"locales\": [\"en\", \"ru\", \"kk-Cyrl-KZ\"]}','[]','2026-03-17 14:28:55.831000','2026-03-17 14:28:55.831000','2026-03-17 14:28:55.831000',NULL,NULL,NULL),(107,'hus4aytx2quxif6gk1jk29q4','plugin::content-manager.explorer.update','{}','api::event.event','{\"fields\": [\"title\", \"date\", \"location\", \"coaches\", \"state\", \"check_ins\"]}','[]','2026-03-12 14:49:28.104000','2026-03-12 14:49:28.104000','2026-03-12 14:49:28.104000',NULL,NULL,NULL),(110,'b10dsh1vk9tvexyh8vvcbgm4','plugin::content-manager.explorer.update','{}','api::slider.slider','{\"fields\": []}','[]','2026-03-12 14:49:28.176000','2026-03-12 14:49:28.176000','2026-03-12 14:49:28.176000',NULL,NULL,NULL),(111,'q1z4dazqc49pazis39ihjsfr','plugin::content-manager.explorer.update','{}','api::student.student','{\"fields\": [\"firstName\", \"lastName\", \"middleName\", \"avatar\", \"coach\", \"discipline\"], \"locales\": [\"en\", \"ru\", \"kk-Cyrl-KZ\"]}','[]','2026-03-17 14:28:55.844000','2026-03-17 14:28:55.844000','2026-03-17 14:28:55.844000',NULL,NULL,NULL),(112,'lbsdbkiuk486gtjc9rwocnn4','plugin::content-manager.explorer.delete','{}','plugin::users-permissions.user','{}','[]','2026-03-12 14:49:28.222000','2026-03-12 14:49:28.222000','2026-03-12 14:49:28.222000',NULL,NULL,NULL),(113,'eyw5svew32ogfwx6gwpse06s','plugin::content-manager.explorer.delete','{}','api::check-in.check-in','{}','[]','2026-03-12 14:49:28.243000','2026-03-12 14:49:28.243000','2026-03-12 14:49:28.243000',NULL,NULL,NULL),(114,'kn5h6b7o37ttvgmmmh45z1sy','plugin::content-manager.explorer.delete','{}','api::coach.coach','{\"locales\": [\"en\", \"ru\", \"kk-Cyrl-KZ\"]}','[]','2026-03-17 14:28:55.856000','2026-03-17 14:28:55.856000','2026-03-17 14:28:55.856000',NULL,NULL,NULL),(115,'c72yhie0odkwm3j8bzg5vw6v','plugin::content-manager.explorer.delete','{}','api::discipline.discipline','{\"locales\": [\"en\", \"ru\", \"kk-Cyrl-KZ\"]}','[]','2026-03-17 14:28:55.866000','2026-03-17 14:28:55.866000','2026-03-17 14:28:55.866000',NULL,NULL,NULL),(116,'arwq2s1f4k2fmtkcgsa6i02r','plugin::content-manager.explorer.delete','{}','api::event.event','{}','[]','2026-03-12 14:49:28.287000','2026-03-12 14:49:28.287000','2026-03-12 14:49:28.287000',NULL,NULL,NULL),(117,'qf2l8ns1ciscaj187y4u9d93','plugin::content-manager.explorer.delete','{}','api::header.header','{\"locales\": [\"en\", \"ru\", \"kk-Cyrl-KZ\"]}','[]','2026-03-17 14:28:55.878000','2026-03-17 14:28:55.878000','2026-03-17 14:28:55.878000',NULL,NULL,NULL),(118,'m2nwjgmwykzsxjf0c3lc06mn','plugin::content-manager.explorer.delete','{}','api::home.home','{\"locales\": [\"en\", \"ru\", \"kk-Cyrl-KZ\"]}','[]','2026-03-17 14:28:55.890000','2026-03-17 14:28:55.890000','2026-03-17 14:28:55.890000',NULL,NULL,NULL),(119,'lu1b7auyuhp925p9ahn85udr','plugin::content-manager.explorer.delete','{}','api::slider.slider','{}','[]','2026-03-12 14:49:28.331000','2026-03-12 14:49:28.331000','2026-03-12 14:49:28.331000',NULL,NULL,NULL),(120,'vpgrndoeco3yqe2x0btudkl4','plugin::content-manager.explorer.delete','{}','api::student.student','{\"locales\": [\"en\", \"ru\", \"kk-Cyrl-KZ\"]}','[]','2026-03-17 14:28:55.900000','2026-03-17 14:28:55.900000','2026-03-17 14:28:55.900000',NULL,NULL,NULL),(121,'dytqidwwab6wh8m1s532zy6l','plugin::content-manager.explorer.publish','{}','plugin::users-permissions.user','{}','[]','2026-03-12 14:49:28.353000','2026-03-12 14:49:28.353000','2026-03-12 14:49:28.353000',NULL,NULL,NULL),(122,'stw8u1yhkn6q5dxif9t0o3wr','plugin::content-manager.explorer.publish','{}','api::check-in.check-in','{}','[]','2026-03-12 14:49:28.362000','2026-03-12 14:49:28.362000','2026-03-12 14:49:28.362000',NULL,NULL,NULL),(123,'g5njh4nzhwv9qywh53qihfo7','plugin::content-manager.explorer.publish','{}','api::coach.coach','{\"locales\": [\"en\", \"ru\", \"kk-Cyrl-KZ\"]}','[]','2026-03-17 14:28:55.910000','2026-03-17 14:28:55.910000','2026-03-17 14:28:55.910000',NULL,NULL,NULL),(124,'hryncrkxtf0x3c5ozznhitpm','plugin::content-manager.explorer.publish','{}','api::discipline.discipline','{\"locales\": [\"en\", \"ru\", \"kk-Cyrl-KZ\"]}','[]','2026-03-17 14:28:55.919000','2026-03-17 14:28:55.919000','2026-03-17 14:28:55.919000',NULL,NULL,NULL),(125,'opgfnk3i3e6coj0zboqaqvmh','plugin::content-manager.explorer.publish','{}','api::event.event','{}','[]','2026-03-12 14:49:28.410000','2026-03-12 14:49:28.410000','2026-03-12 14:49:28.410000',NULL,NULL,NULL),(126,'tb0yqmwxid2i8thdiirortk3','plugin::content-manager.explorer.publish','{}','api::header.header','{\"locales\": [\"en\", \"ru\", \"kk-Cyrl-KZ\"]}','[]','2026-03-17 14:28:55.929000','2026-03-17 14:28:55.929000','2026-03-17 14:28:55.929000',NULL,NULL,NULL),(127,'mnyy7g7bh0wnvfrxrtgdhxun','plugin::content-manager.explorer.publish','{}','api::home.home','{\"locales\": [\"en\", \"ru\", \"kk-Cyrl-KZ\"]}','[]','2026-03-17 14:28:55.941000','2026-03-17 14:28:55.941000','2026-03-17 14:28:55.942000',NULL,NULL,NULL),(128,'xvosdf7qfit298b1zoiv6q42','plugin::content-manager.explorer.publish','{}','api::slider.slider','{}','[]','2026-03-12 14:49:28.449000','2026-03-12 14:49:28.449000','2026-03-12 14:49:28.450000',NULL,NULL,NULL),(129,'s2s5z3yp8bf64xzdd0rb2lau','plugin::content-manager.explorer.publish','{}','api::student.student','{\"locales\": [\"en\", \"ru\", \"kk-Cyrl-KZ\"]}','[]','2026-03-17 14:28:55.954000','2026-03-17 14:28:55.954000','2026-03-17 14:28:55.954000',NULL,NULL,NULL),(130,'bw45a7ivvwy6cxq2tog86g5e','plugin::content-manager.single-types.configure-view','{}',NULL,'{}','[]','2026-03-12 14:49:28.485000','2026-03-12 14:49:28.485000','2026-03-12 14:49:28.485000',NULL,NULL,NULL),(131,'q1mcgrn540weefr11tatehur','plugin::content-manager.collection-types.configure-view','{}',NULL,'{}','[]','2026-03-12 14:49:28.497000','2026-03-12 14:49:28.497000','2026-03-12 14:49:28.497000',NULL,NULL,NULL),(132,'c0h4oblgq9ie2tr4ejdopnox','plugin::content-manager.components.configure-layout','{}',NULL,'{}','[]','2026-03-12 14:49:28.513000','2026-03-12 14:49:28.513000','2026-03-12 14:49:28.513000',NULL,NULL,NULL),(133,'mawypgf86sga4dd1a3oj28a3','plugin::content-type-builder.read','{}',NULL,'{}','[]','2026-03-12 14:49:28.532000','2026-03-12 14:49:28.532000','2026-03-12 14:49:28.533000',NULL,NULL,NULL),(134,'pb4qrnus867e5glydzru1p8a','plugin::email.settings.read','{}',NULL,'{}','[]','2026-03-12 14:49:28.549000','2026-03-12 14:49:28.549000','2026-03-12 14:49:28.549000',NULL,NULL,NULL),(135,'frcq6thpzygqmcpcwhwbjl73','plugin::upload.read','{}',NULL,'{}','[]','2026-03-12 14:49:28.567000','2026-03-12 14:49:28.567000','2026-03-12 14:49:28.567000',NULL,NULL,NULL),(136,'kpnm70z0mj4033cui7yzjguj','plugin::upload.assets.create','{}',NULL,'{}','[]','2026-03-12 14:49:28.577000','2026-03-12 14:49:28.577000','2026-03-12 14:49:28.577000',NULL,NULL,NULL),(137,'nn1d4aspzjus2addu2l2lsne','plugin::upload.assets.update','{}',NULL,'{}','[]','2026-03-12 14:49:28.587000','2026-03-12 14:49:28.587000','2026-03-12 14:49:28.587000',NULL,NULL,NULL),(138,'erp7brejpb2ttpilamauyx1h','plugin::upload.assets.download','{}',NULL,'{}','[]','2026-03-12 14:49:28.628000','2026-03-12 14:49:28.628000','2026-03-12 14:49:28.628000',NULL,NULL,NULL),(139,'t20qkahmfbx7w9un4vybgmq4','plugin::upload.assets.copy-link','{}',NULL,'{}','[]','2026-03-12 14:49:28.638000','2026-03-12 14:49:28.638000','2026-03-12 14:49:28.638000',NULL,NULL,NULL),(140,'y7j63shnsd7gz0a8fp6yk36s','plugin::upload.configure-view','{}',NULL,'{}','[]','2026-03-12 14:49:28.648000','2026-03-12 14:49:28.648000','2026-03-12 14:49:28.648000',NULL,NULL,NULL),(141,'f54x1zrsd91g376p7avw5xkh','plugin::upload.settings.read','{}',NULL,'{}','[]','2026-03-12 14:49:28.680000','2026-03-12 14:49:28.680000','2026-03-12 14:49:28.680000',NULL,NULL,NULL),(142,'rxrdriquxmds6luwjpyap6lg','plugin::i18n.locale.create','{}',NULL,'{}','[]','2026-03-12 14:49:28.697000','2026-03-12 14:49:28.697000','2026-03-12 14:49:28.697000',NULL,NULL,NULL),(143,'td3hhrtrtkf99bfyszvpu3s5','plugin::i18n.locale.read','{}',NULL,'{}','[]','2026-03-12 14:49:28.717000','2026-03-12 14:49:28.717000','2026-03-12 14:49:28.717000',NULL,NULL,NULL),(144,'tgqn6741njweme394scbvu42','plugin::i18n.locale.update','{}',NULL,'{}','[]','2026-03-12 14:49:28.735000','2026-03-12 14:49:28.735000','2026-03-12 14:49:28.735000',NULL,NULL,NULL),(145,'ho5acqiqthv4idibh5th1vas','plugin::i18n.locale.delete','{}',NULL,'{}','[]','2026-03-12 14:49:28.750000','2026-03-12 14:49:28.750000','2026-03-12 14:49:28.750000',NULL,NULL,NULL),(146,'piawp4hagf0b3p8hmk4iqaqs','plugin::users-permissions.roles.create','{}',NULL,'{}','[]','2026-03-12 14:49:28.768000','2026-03-12 14:49:28.768000','2026-03-12 14:49:28.768000',NULL,NULL,NULL),(147,'tsypakcmvv9yxafgk0y5o4c9','plugin::users-permissions.roles.read','{}',NULL,'{}','[]','2026-03-12 14:49:28.787000','2026-03-12 14:49:28.787000','2026-03-12 14:49:28.787000',NULL,NULL,NULL),(148,'lnog6ylkbulug72jlu9og8jz','plugin::users-permissions.roles.update','{}',NULL,'{}','[]','2026-03-12 14:49:28.802000','2026-03-12 14:49:28.802000','2026-03-12 14:49:28.803000',NULL,NULL,NULL),(149,'by1rfn6za2q0si8k03f8tuhg','plugin::users-permissions.roles.delete','{}',NULL,'{}','[]','2026-03-12 14:49:28.814000','2026-03-12 14:49:28.814000','2026-03-12 14:49:28.814000',NULL,NULL,NULL),(150,'ixxse84d72cqtxw7w96hp9wc','plugin::users-permissions.providers.read','{}',NULL,'{}','[]','2026-03-12 14:49:28.829000','2026-03-12 14:49:28.829000','2026-03-12 14:49:28.829000',NULL,NULL,NULL),(151,'e99p4dmu65rr8ki74wz9gfj5','plugin::users-permissions.providers.update','{}',NULL,'{}','[]','2026-03-12 14:49:28.843000','2026-03-12 14:49:28.843000','2026-03-12 14:49:28.843000',NULL,NULL,NULL),(152,'flc0pztiz3fgymvfww21va0m','plugin::users-permissions.email-templates.read','{}',NULL,'{}','[]','2026-03-12 14:49:28.864000','2026-03-12 14:49:28.864000','2026-03-12 14:49:28.864000',NULL,NULL,NULL),(153,'ve9u28lqa39suinaclgnsjqc','plugin::users-permissions.email-templates.update','{}',NULL,'{}','[]','2026-03-12 14:49:28.879000','2026-03-12 14:49:28.879000','2026-03-12 14:49:28.879000',NULL,NULL,NULL),(154,'jdc0hs8b0y1egasgbmij2sne','plugin::users-permissions.advanced-settings.read','{}',NULL,'{}','[]','2026-03-12 14:49:28.889000','2026-03-12 14:49:28.889000','2026-03-12 14:49:28.889000',NULL,NULL,NULL),(155,'wozte8tngvye3g9nzgm6k3xy','plugin::users-permissions.advanced-settings.update','{}',NULL,'{}','[]','2026-03-12 14:49:28.901000','2026-03-12 14:49:28.901000','2026-03-12 14:49:28.902000',NULL,NULL,NULL),(156,'laowgqhfhn7g9vh0ivhnys7k','admin::marketplace.read','{}',NULL,'{}','[]','2026-03-12 14:49:28.917000','2026-03-12 14:49:28.917000','2026-03-12 14:49:28.917000',NULL,NULL,NULL),(157,'jgnlzf4r2ru6x5odyh56tico','admin::webhooks.create','{}',NULL,'{}','[]','2026-03-12 14:49:28.937000','2026-03-12 14:49:28.937000','2026-03-12 14:49:28.937000',NULL,NULL,NULL),(158,'qe8msdprskhkxcvs544heair','admin::webhooks.read','{}',NULL,'{}','[]','2026-03-12 14:49:28.957000','2026-03-12 14:49:28.957000','2026-03-12 14:49:28.957000',NULL,NULL,NULL),(159,'qlcd3k9s0y91yz8untnvdpim','admin::webhooks.update','{}',NULL,'{}','[]','2026-03-12 14:49:28.973000','2026-03-12 14:49:28.973000','2026-03-12 14:49:28.973000',NULL,NULL,NULL),(160,'re5zhalyohp263lc12eln21k','admin::webhooks.delete','{}',NULL,'{}','[]','2026-03-12 14:49:28.983000','2026-03-12 14:49:28.983000','2026-03-12 14:49:28.983000',NULL,NULL,NULL),(161,'h2ktofsahs45xgqjf8b4v17g','admin::users.create','{}',NULL,'{}','[]','2026-03-12 14:49:28.993000','2026-03-12 14:49:28.993000','2026-03-12 14:49:28.993000',NULL,NULL,NULL),(162,'g8j3zg7dn68kpad5q7gozijh','admin::users.read','{}',NULL,'{}','[]','2026-03-12 14:49:29.008000','2026-03-12 14:49:29.008000','2026-03-12 14:49:29.009000',NULL,NULL,NULL),(163,'izvzsh0u95o93ptkz0sa9cu2','admin::users.update','{}',NULL,'{}','[]','2026-03-12 14:49:29.030000','2026-03-12 14:49:29.030000','2026-03-12 14:49:29.030000',NULL,NULL,NULL),(164,'v2gs4e67jhjcxm960yvzfl4c','admin::users.delete','{}',NULL,'{}','[]','2026-03-12 14:49:29.041000','2026-03-12 14:49:29.041000','2026-03-12 14:49:29.041000',NULL,NULL,NULL),(165,'hyd0qi2pyzj6tt8h45176lzo','admin::roles.create','{}',NULL,'{}','[]','2026-03-12 14:49:29.054000','2026-03-12 14:49:29.054000','2026-03-12 14:49:29.054000',NULL,NULL,NULL),(166,'ocspqych9qkx1ywpq68ny0iz','admin::roles.read','{}',NULL,'{}','[]','2026-03-12 14:49:29.066000','2026-03-12 14:49:29.066000','2026-03-12 14:49:29.066000',NULL,NULL,NULL),(167,'mftaguky7ikymwb43j0lprj4','admin::roles.update','{}',NULL,'{}','[]','2026-03-12 14:49:29.078000','2026-03-12 14:49:29.078000','2026-03-12 14:49:29.078000',NULL,NULL,NULL),(168,'sv9lyaet1u1osfjjqjxy3ykh','admin::roles.delete','{}',NULL,'{}','[]','2026-03-12 14:49:29.100000','2026-03-12 14:49:29.100000','2026-03-12 14:49:29.100000',NULL,NULL,NULL),(169,'mi9tak4gb21l11r4n5607rqs','admin::api-tokens.access','{}',NULL,'{}','[]','2026-03-12 14:49:29.116000','2026-03-12 14:49:29.116000','2026-03-12 14:49:29.116000',NULL,NULL,NULL),(170,'ipmqj40th232e0jrk7fpk81o','admin::api-tokens.create','{}',NULL,'{}','[]','2026-03-12 14:49:29.129000','2026-03-12 14:49:29.129000','2026-03-12 14:49:29.129000',NULL,NULL,NULL),(171,'zjj5g8zkp1538qc77bfoo3dg','admin::api-tokens.read','{}',NULL,'{}','[]','2026-03-12 14:49:29.148000','2026-03-12 14:49:29.148000','2026-03-12 14:49:29.148000',NULL,NULL,NULL),(172,'zu9mam10fo6prv3iopvk10ke','admin::api-tokens.update','{}',NULL,'{}','[]','2026-03-12 14:49:29.163000','2026-03-12 14:49:29.163000','2026-03-12 14:49:29.163000',NULL,NULL,NULL),(173,'am2xx9pmlbouhimnc4joa5yn','admin::api-tokens.regenerate','{}',NULL,'{}','[]','2026-03-12 14:49:29.183000','2026-03-12 14:49:29.183000','2026-03-12 14:49:29.183000',NULL,NULL,NULL),(174,'pbxbtiyu90bkg2vcsdotyyzj','admin::api-tokens.delete','{}',NULL,'{}','[]','2026-03-12 14:49:29.201000','2026-03-12 14:49:29.201000','2026-03-12 14:49:29.201000',NULL,NULL,NULL),(175,'w7u7ei55x2tmxnofeb201wnn','admin::project-settings.update','{}',NULL,'{}','[]','2026-03-12 14:49:29.220000','2026-03-12 14:49:29.220000','2026-03-12 14:49:29.220000',NULL,NULL,NULL),(176,'j8kt14z2jm8d5staoej1aruj','admin::project-settings.read','{}',NULL,'{}','[]','2026-03-12 14:49:29.232000','2026-03-12 14:49:29.232000','2026-03-12 14:49:29.232000',NULL,NULL,NULL),(177,'s7m3vffrl59p1u9xul9c4ldh','admin::transfer.tokens.access','{}',NULL,'{}','[]','2026-03-12 14:49:29.252000','2026-03-12 14:49:29.252000','2026-03-12 14:49:29.252000',NULL,NULL,NULL),(178,'wf049kkt0wieo9q64eisabxb','admin::transfer.tokens.create','{}',NULL,'{}','[]','2026-03-12 14:49:29.268000','2026-03-12 14:49:29.268000','2026-03-12 14:49:29.268000',NULL,NULL,NULL),(179,'f0oyd75r8h748ksvimbjkoyx','admin::transfer.tokens.read','{}',NULL,'{}','[]','2026-03-12 14:49:29.281000','2026-03-12 14:49:29.281000','2026-03-12 14:49:29.281000',NULL,NULL,NULL),(180,'kbt30h1q0jth016u15vb0s6g','admin::transfer.tokens.update','{}',NULL,'{}','[]','2026-03-12 14:49:29.298000','2026-03-12 14:49:29.298000','2026-03-12 14:49:29.298000',NULL,NULL,NULL),(181,'glfznb93hbg5trwv3c652lst','admin::transfer.tokens.regenerate','{}',NULL,'{}','[]','2026-03-12 14:49:29.311000','2026-03-12 14:49:29.311000','2026-03-12 14:49:29.311000',NULL,NULL,NULL),(182,'oggosjs8g2xfycblnf9wi00g','admin::transfer.tokens.delete','{}',NULL,'{}','[]','2026-03-12 14:49:29.325000','2026-03-12 14:49:29.325000','2026-03-12 14:49:29.326000',NULL,NULL,NULL),(186,'b6alblygfcsrm0hp81bsqhpu','plugin::content-manager.explorer.delete','{}','api::moderator-base.moderator-base','{}','[]','2026-03-13 14:36:21.070000','2026-03-13 14:36:21.070000','2026-03-13 14:36:21.070000',NULL,NULL,NULL),(187,'w95xd2c2gra04f6rpmfob2z5','plugin::content-manager.explorer.publish','{}','api::moderator-base.moderator-base','{}','[]','2026-03-13 14:36:21.136000','2026-03-13 14:36:21.136000','2026-03-13 14:36:21.136000',NULL,NULL,NULL),(206,'cg2cqog354eyu2ii65emni9b','plugin::content-manager.explorer.delete','{}','api::login.login','{\"locales\": [\"en\", \"ru\", \"kk-Cyrl-KZ\"]}','[]','2026-03-17 14:28:55.966000','2026-03-17 14:28:55.966000','2026-03-17 14:28:55.966000',NULL,NULL,NULL),(207,'efbedtifg7pcqnxozgadqd14','plugin::content-manager.explorer.publish','{}','api::login.login','{\"locales\": [\"en\", \"ru\", \"kk-Cyrl-KZ\"]}','[]','2026-03-17 14:28:55.979000','2026-03-17 14:28:55.979000','2026-03-17 14:28:55.979000',NULL,NULL,NULL),(208,'z253tj30ku9brz16bjnby1wq','plugin::content-manager.explorer.create','{}','api::login.login','{\"fields\": [\"username\", \"password\", \"loginBtn\", \"langswitch.label\", \"langswitch.url\", \"BackToSite\", \"title\"], \"locales\": [\"en\", \"ru\", \"kk-Cyrl-KZ\"]}','[]','2026-03-17 14:28:55.991000','2026-03-17 14:28:55.991000','2026-03-17 14:28:55.991000',NULL,NULL,NULL),(209,'t7d92tz6py92xvoinwrbpjms','plugin::content-manager.explorer.read','{}','api::login.login','{\"fields\": [\"username\", \"password\", \"loginBtn\", \"langswitch.label\", \"langswitch.url\", \"BackToSite\", \"title\"], \"locales\": [\"en\", \"ru\", \"kk-Cyrl-KZ\"]}','[]','2026-03-17 14:28:56.000000','2026-03-17 14:28:56.000000','2026-03-17 14:28:56.000000',NULL,NULL,NULL),(210,'tkvl41z4nn3bag2vmbfeuz4u','plugin::content-manager.explorer.update','{}','api::login.login','{\"fields\": [\"username\", \"password\", \"loginBtn\", \"langswitch.label\", \"langswitch.url\", \"BackToSite\", \"title\"], \"locales\": [\"en\", \"ru\", \"kk-Cyrl-KZ\"]}','[]','2026-03-17 14:28:56.010000','2026-03-17 14:28:56.010000','2026-03-17 14:28:56.010000',NULL,NULL,NULL),(211,'s19i39p9hbl7uat5b3qtykvf','plugin::content-manager.explorer.create','{}','api::header.header','{\"fields\": [\"LogoHeader\", \"Title\", \"loginBtn\", \"FooterTitle\", \"FooterAddr\", \"FooterLogos\", \"LangSwitch.label\", \"LangSwitch.url\", \"PhoneNumber\", \"Coords.Name\", \"Coords.latitude\", \"Coords.longitude\", \"Coords.Address\"], \"locales\": [\"en\", \"ru\", \"kk-Cyrl-KZ\"]}','[]','2026-03-17 14:28:56.023000','2026-03-17 14:28:56.023000','2026-03-17 14:28:56.023000',NULL,NULL,NULL),(212,'vuc7qep71vd8hbqly1wvn7v9','plugin::content-manager.explorer.create','{}','api::home.home','{\"fields\": [\"HeroTitle\", \"HeroDesc\", \"Achivments\", \"Medals\", \"Sportsmens\", \"Scolarship\", \"OurPride\", \"BtnCoach\", \"BtnAth\", \"BackVid\"], \"locales\": [\"en\", \"ru\", \"kk-Cyrl-KZ\"]}','[]','2026-03-17 14:28:56.035000','2026-03-17 14:28:56.035000','2026-03-17 14:28:56.035000',NULL,NULL,NULL),(213,'nlq1y8eq6cjtjoawenfml019','plugin::content-manager.explorer.read','{}','api::header.header','{\"fields\": [\"LogoHeader\", \"Title\", \"loginBtn\", \"FooterTitle\", \"FooterAddr\", \"FooterLogos\", \"LangSwitch.label\", \"LangSwitch.url\", \"PhoneNumber\", \"Coords.Name\", \"Coords.latitude\", \"Coords.longitude\", \"Coords.Address\"], \"locales\": [\"en\", \"ru\", \"kk-Cyrl-KZ\"]}','[]','2026-03-17 14:28:56.046000','2026-03-17 14:28:56.046000','2026-03-17 14:28:56.047000',NULL,NULL,NULL),(214,'oe6pezd43bjh4svo1ni87qjz','plugin::content-manager.explorer.read','{}','api::home.home','{\"fields\": [\"HeroTitle\", \"HeroDesc\", \"Achivments\", \"Medals\", \"Sportsmens\", \"Scolarship\", \"OurPride\", \"BtnCoach\", \"BtnAth\", \"BackVid\"], \"locales\": [\"en\", \"ru\", \"kk-Cyrl-KZ\"]}','[]','2026-03-17 14:28:56.056000','2026-03-17 14:28:56.056000','2026-03-17 14:28:56.056000',NULL,NULL,NULL),(215,'qqezflln628weoei7hmy94mb','plugin::content-manager.explorer.update','{}','api::header.header','{\"fields\": [\"LogoHeader\", \"Title\", \"loginBtn\", \"FooterTitle\", \"FooterAddr\", \"FooterLogos\", \"LangSwitch.label\", \"LangSwitch.url\", \"PhoneNumber\", \"Coords.Name\", \"Coords.latitude\", \"Coords.longitude\", \"Coords.Address\"], \"locales\": [\"en\", \"ru\", \"kk-Cyrl-KZ\"]}','[]','2026-03-17 14:28:56.069000','2026-03-17 14:28:56.069000','2026-03-17 14:28:56.069000',NULL,NULL,NULL),(216,'i85bc67g97f6tpjydngxlr5k','plugin::content-manager.explorer.update','{}','api::home.home','{\"fields\": [\"HeroTitle\", \"HeroDesc\", \"Achivments\", \"Medals\", \"Sportsmens\", \"Scolarship\", \"OurPride\", \"BtnCoach\", \"BtnAth\", \"BackVid\"], \"locales\": [\"en\", \"ru\", \"kk-Cyrl-KZ\"]}','[]','2026-03-17 14:28:56.079000','2026-03-17 14:28:56.079000','2026-03-17 14:28:56.079000',NULL,NULL,NULL),(217,'txyolsiwr0dtay5w122ucgul','plugin::content-manager.explorer.create','{}','api::coach-base.coach-base','{\"fields\": [\"CoachTitle\", \"title\", \"logout\", \"checkInBtn\", \"EventTitle\", \"AthListTitle\", \"coaches\", \"events\", \"students\", \"langSwitch.label\", \"langSwitch.url\"], \"locales\": [\"en\", \"ru\", \"kk-Cyrl-KZ\"]}','[]','2026-03-17 14:28:56.091000','2026-03-17 14:28:56.091000','2026-03-17 14:28:56.091000',NULL,NULL,NULL),(218,'dnel3xne85o6ozujyi5v55px','plugin::content-manager.explorer.read','{}','api::coach-base.coach-base','{\"fields\": [\"CoachTitle\", \"title\", \"logout\", \"checkInBtn\", \"EventTitle\", \"AthListTitle\", \"coaches\", \"events\", \"students\", \"langSwitch.label\", \"langSwitch.url\"], \"locales\": [\"en\", \"ru\", \"kk-Cyrl-KZ\"]}','[]','2026-03-17 14:28:56.104000','2026-03-17 14:28:56.104000','2026-03-17 14:28:56.104000',NULL,NULL,NULL),(219,'y4ztogpxie9wvgld125k6gli','plugin::content-manager.explorer.update','{}','api::coach-base.coach-base','{\"fields\": [\"CoachTitle\", \"title\", \"logout\", \"checkInBtn\", \"EventTitle\", \"AthListTitle\", \"coaches\", \"events\", \"students\", \"langSwitch.label\", \"langSwitch.url\"], \"locales\": [\"en\", \"ru\", \"kk-Cyrl-KZ\"]}','[]','2026-03-17 14:28:56.116000','2026-03-17 14:28:56.116000','2026-03-17 14:28:56.116000',NULL,NULL,NULL),(220,'v7264u5gwkvun84arnemoj18','plugin::content-manager.explorer.delete','{}','api::coach-base.coach-base','{\"locales\": [\"en\", \"ru\", \"kk-Cyrl-KZ\"]}','[]','2026-03-17 14:28:56.128000','2026-03-17 14:28:56.128000','2026-03-17 14:28:56.128000',NULL,NULL,NULL),(221,'jzfqb6ey5jyobwqv963glg2v','plugin::content-manager.explorer.publish','{}','api::coach-base.coach-base','{\"locales\": [\"en\", \"ru\", \"kk-Cyrl-KZ\"]}','[]','2026-03-17 14:28:56.140000','2026-03-17 14:28:56.140000','2026-03-17 14:28:56.140000',NULL,NULL,NULL),(225,'jus4yui08lc63368jau0wflv','plugin::content-manager.explorer.create','{}','api::moderator-base.moderator-base','{\"fields\": [\"title\", \"langswitch.label\", \"langswitch.url\", \"logout\", \"disciplines\", \"SelectSport\"]}','[]','2026-03-19 13:00:42.254000','2026-03-19 13:00:42.254000','2026-03-19 13:00:42.255000',NULL,NULL,NULL),(226,'sjjoekcde8u0p9zjgnf2adyj','plugin::content-manager.explorer.read','{}','api::moderator-base.moderator-base','{\"fields\": [\"title\", \"langswitch.label\", \"langswitch.url\", \"logout\", \"disciplines\", \"SelectSport\"]}','[]','2026-03-19 13:00:42.270000','2026-03-19 13:00:42.270000','2026-03-19 13:00:42.271000',NULL,NULL,NULL),(227,'t0h1eb0xk0e1r8k2g11ghe7v','plugin::content-manager.explorer.update','{}','api::moderator-base.moderator-base','{\"fields\": [\"title\", \"langswitch.label\", \"langswitch.url\", \"logout\", \"disciplines\", \"SelectSport\"]}','[]','2026-03-19 13:00:42.319000','2026-03-19 13:00:42.319000','2026-03-19 13:00:42.319000',NULL,NULL,NULL);
/*!40000 ALTER TABLE `admin_permissions` ENABLE KEYS */;
UNLOCK TABLES;

--
-- Table structure for table `admin_permissions_role_lnk`
--

DROP TABLE IF EXISTS `admin_permissions_role_lnk`;
/*!40101 SET @saved_cs_client     = @@character_set_client */;
/*!50503 SET character_set_client = utf8mb4 */;
CREATE TABLE `admin_permissions_role_lnk` (
  `id` int unsigned NOT NULL AUTO_INCREMENT,
  `permission_id` int unsigned DEFAULT NULL,
  `role_id` int unsigned DEFAULT NULL,
  `permission_ord` double unsigned DEFAULT NULL,
  PRIMARY KEY (`id`),
  UNIQUE KEY `admin_permissions_role_lnk_uq` (`permission_id`,`role_id`),
  KEY `admin_permissions_role_lnk_fk` (`permission_id`),
  KEY `admin_permissions_role_lnk_ifk` (`role_id`),
  KEY `admin_permissions_role_lnk_oifk` (`permission_ord`),
  CONSTRAINT `admin_permissions_role_lnk_fk` FOREIGN KEY (`permission_id`) REFERENCES `admin_permissions` (`id`) ON DELETE CASCADE,
  CONSTRAINT `admin_permissions_role_lnk_ifk` FOREIGN KEY (`role_id`) REFERENCES `admin_roles` (`id`) ON DELETE CASCADE
) ENGINE=InnoDB AUTO_INCREMENT=298 DEFAULT CHARSET=utf8mb4 COLLATE=utf8mb4_0900_ai_ci;
/*!40101 SET character_set_client = @saved_cs_client */;

--
-- Dumping data for table `admin_permissions_role_lnk`
--

LOCK TABLES `admin_permissions_role_lnk` WRITE;
/*!40000 ALTER TABLE `admin_permissions_role_lnk` DISABLE KEYS */;
INSERT INTO `admin_permissions_role_lnk` VALUES (1,1,2,1),(2,2,2,2),(3,3,2,3),(4,4,2,4),(5,5,2,5),(6,6,2,6),(7,7,2,7),(8,8,2,8),(9,9,2,9),(10,10,2,10),(11,11,2,11),(12,12,2,12),(13,13,2,13),(14,14,2,14),(15,15,2,15),(16,16,2,16),(17,17,2,17),(18,18,2,18),(19,19,2,19),(20,20,2,20),(21,21,2,21),(22,22,2,22),(23,23,2,23),(24,24,2,24),(25,25,2,25),(28,28,2,28),(31,31,2,31),(33,33,2,33),(36,36,2,36),(39,39,2,39),(41,41,2,41),(42,42,2,42),(43,43,2,43),(44,44,2,44),(45,45,2,45),(46,46,2,46),(47,47,3,1),(48,48,3,2),(49,49,3,3),(50,50,3,4),(51,51,3,5),(52,52,3,6),(53,53,3,7),(54,54,3,8),(55,55,3,9),(56,56,3,10),(57,57,3,11),(58,58,3,12),(59,59,3,13),(60,60,3,14),(61,61,3,15),(62,62,3,16),(63,63,3,17),(64,64,3,18),(65,65,3,19),(66,66,3,20),(67,67,3,21),(68,68,3,22),(69,69,3,23),(70,70,3,24),(71,71,3,25),(74,74,3,28),(77,77,3,31),(79,79,3,33),(80,80,3,34),(81,81,3,35),(82,82,3,36),(83,83,3,37),(84,84,3,38),(85,85,1,1),(86,86,1,2),(89,89,1,5),(92,92,1,8),(94,94,1,10),(95,95,1,11),(98,98,1,14),(101,101,1,17),(103,103,1,19),(104,104,1,20),(107,107,1,23),(110,110,1,26),(112,112,1,28),(113,113,1,29),(116,116,1,32),(119,119,1,35),(121,121,1,37),(122,122,1,38),(125,125,1,41),(128,128,1,44),(130,130,1,46),(131,131,1,47),(132,132,1,48),(133,133,1,49),(134,134,1,50),(135,135,1,51),(136,136,1,52),(137,137,1,53),(138,138,1,54),(139,139,1,55),(140,140,1,56),(141,141,1,57),(142,142,1,58),(143,143,1,59),(144,144,1,60),(145,145,1,61),(146,146,1,62),(147,147,1,63),(148,148,1,64),(149,149,1,65),(150,150,1,66),(151,151,1,67),(152,152,1,68),(153,153,1,69),(154,154,1,70),(155,155,1,71),(156,156,1,72),(157,157,1,73),(158,158,1,74),(159,159,1,75),(160,160,1,76),(161,161,1,77),(162,162,1,78),(163,163,1,79),(164,164,1,80),(165,165,1,81),(166,166,1,82),(167,167,1,83),(168,168,1,84),(169,169,1,85),(170,170,1,86),(171,171,1,87),(172,172,1,88),(173,173,1,89),(174,174,1,90),(175,175,1,91),(176,176,1,92),(177,177,1,93),(178,178,1,94),(179,179,1,95),(180,180,1,96),(181,181,1,97),(182,182,1,98),(186,186,1,102),(187,187,1,103),(257,87,1,104),(258,88,1,105),(259,93,1,106),(260,96,1,107),(261,97,1,108),(262,102,1,109),(263,105,1,110),(264,106,1,111),(265,111,1,112),(266,114,1,113),(267,115,1,114),(268,117,1,115),(269,118,1,116),(270,120,1,117),(271,123,1,118),(272,124,1,119),(273,126,1,120),(274,127,1,121),(275,129,1,122),(276,206,1,123),(277,207,1,124),(278,208,1,125),(279,209,1,126),(280,210,1,127),(281,211,1,128),(282,212,1,129),(283,213,1,130),(284,214,1,131),(285,215,1,132),(286,216,1,133),(287,217,1,134),(288,218,1,135),(289,219,1,136),(290,220,1,137),(291,221,1,138),(295,225,1,139),(296,226,1,140),(297,227,1,141);
/*!40000 ALTER TABLE `admin_permissions_role_lnk` ENABLE KEYS */;
UNLOCK TABLES;

--
-- Table structure for table `admin_roles`
--

DROP TABLE IF EXISTS `admin_roles`;
/*!40101 SET @saved_cs_client     = @@character_set_client */;
/*!50503 SET character_set_client = utf8mb4 */;
CREATE TABLE `admin_roles` (
  `id` int unsigned NOT NULL AUTO_INCREMENT,
  `document_id` varchar(255) DEFAULT NULL,
  `name` varchar(255) DEFAULT NULL,
  `code` varchar(255) DEFAULT NULL,
  `description` varchar(255) DEFAULT NULL,
  `created_at` datetime(6) DEFAULT NULL,
  `updated_at` datetime(6) DEFAULT NULL,
  `published_at` datetime(6) DEFAULT NULL,
  `created_by_id` int unsigned DEFAULT NULL,
  `updated_by_id` int unsigned DEFAULT NULL,
  `locale` varchar(255) DEFAULT NULL,
  PRIMARY KEY (`id`),
  KEY `admin_roles_documents_idx` (`document_id`,`locale`,`published_at`),
  KEY `admin_roles_created_by_id_fk` (`created_by_id`),
  KEY `admin_roles_updated_by_id_fk` (`updated_by_id`),
  CONSTRAINT `admin_roles_created_by_id_fk` FOREIGN KEY (`created_by_id`) REFERENCES `admin_users` (`id`) ON DELETE SET NULL,
  CONSTRAINT `admin_roles_updated_by_id_fk` FOREIGN KEY (`updated_by_id`) REFERENCES `admin_users` (`id`) ON DELETE SET NULL
) ENGINE=InnoDB AUTO_INCREMENT=4 DEFAULT CHARSET=utf8mb4 COLLATE=utf8mb4_0900_ai_ci;
/*!40101 SET character_set_client = @saved_cs_client */;

--
-- Dumping data for table `admin_roles`
--

LOCK TABLES `admin_roles` WRITE;
/*!40000 ALTER TABLE `admin_roles` DISABLE KEYS */;
INSERT INTO `admin_roles` VALUES (1,'yc2aweg8de9blvokgqyduesd','Super Admin','strapi-super-admin','Super Admins can access and manage all features and settings.','2026-03-12 14:49:25.881000','2026-03-12 14:49:25.881000','2026-03-12 14:49:25.882000',NULL,NULL,NULL),(2,'m712yd8go6jbc7istq5pqkeg','Editor','strapi-editor','Editors can manage and publish contents including those of other users.','2026-03-12 14:49:25.897000','2026-03-12 14:49:25.897000','2026-03-12 14:49:25.897000',NULL,NULL,NULL),(3,'e72wr0nh3cc4vgky6025k195','Author','strapi-author','Authors can manage the content they have created.','2026-03-12 14:49:25.907000','2026-03-12 14:49:25.907000','2026-03-12 14:49:25.907000',NULL,NULL,NULL);
/*!40000 ALTER TABLE `admin_roles` ENABLE KEYS */;
UNLOCK TABLES;

--
-- Table structure for table `admin_users`
--

DROP TABLE IF EXISTS `admin_users`;
/*!40101 SET @saved_cs_client     = @@character_set_client */;
/*!50503 SET character_set_client = utf8mb4 */;
CREATE TABLE `admin_users` (
  `id` int unsigned NOT NULL AUTO_INCREMENT,
  `document_id` varchar(255) DEFAULT NULL,
  `firstname` varchar(255) DEFAULT NULL,
  `lastname` varchar(255) DEFAULT NULL,
  `username` varchar(255) DEFAULT NULL,
  `email` varchar(255) DEFAULT NULL,
  `password` varchar(255) DEFAULT NULL,
  `reset_password_token` varchar(255) DEFAULT NULL,
  `registration_token` varchar(255) DEFAULT NULL,
  `is_active` tinyint(1) DEFAULT NULL,
  `blocked` tinyint(1) DEFAULT NULL,
  `prefered_language` varchar(255) DEFAULT NULL,
  `created_at` datetime(6) DEFAULT NULL,
  `updated_at` datetime(6) DEFAULT NULL,
  `published_at` datetime(6) DEFAULT NULL,
  `created_by_id` int unsigned DEFAULT NULL,
  `updated_by_id` int unsigned DEFAULT NULL,
  `locale` varchar(255) DEFAULT NULL,
  PRIMARY KEY (`id`),
  KEY `admin_users_documents_idx` (`document_id`,`locale`,`published_at`),
  KEY `admin_users_created_by_id_fk` (`created_by_id`),
  KEY `admin_users_updated_by_id_fk` (`updated_by_id`),
  CONSTRAINT `admin_users_created_by_id_fk` FOREIGN KEY (`created_by_id`) REFERENCES `admin_users` (`id`) ON DELETE SET NULL,
  CONSTRAINT `admin_users_updated_by_id_fk` FOREIGN KEY (`updated_by_id`) REFERENCES `admin_users` (`id`) ON DELETE SET NULL
) ENGINE=InnoDB AUTO_INCREMENT=2 DEFAULT CHARSET=utf8mb4 COLLATE=utf8mb4_0900_ai_ci;
/*!40101 SET character_set_client = @saved_cs_client */;

--
-- Dumping data for table `admin_users`
--

LOCK TABLES `admin_users` WRITE;
/*!40000 ALTER TABLE `admin_users` DISABLE KEYS */;
INSERT INTO `admin_users` VALUES (1,'dkfixw20kzga4gp702ubrdr4','Admin',NULL,'admin','dvpnmrv@gmail.com','$2a$10$URzMESVwLtF42woOukb2PuuQbejITwa1hO6GDnS4mrO6JJM5xe7KS',NULL,NULL,1,0,NULL,'2026-03-12 14:50:00.109000','2026-03-12 17:10:17.198000','2026-03-12 14:50:00.109000',NULL,NULL,NULL);
/*!40000 ALTER TABLE `admin_users` ENABLE KEYS */;
UNLOCK TABLES;

--
-- Table structure for table `admin_users_roles_lnk`
--

DROP TABLE IF EXISTS `admin_users_roles_lnk`;
/*!40101 SET @saved_cs_client     = @@character_set_client */;
/*!50503 SET character_set_client = utf8mb4 */;
CREATE TABLE `admin_users_roles_lnk` (
  `id` int unsigned NOT NULL AUTO_INCREMENT,
  `user_id` int unsigned DEFAULT NULL,
  `role_id` int unsigned DEFAULT NULL,
  `role_ord` double unsigned DEFAULT NULL,
  `user_ord` double unsigned DEFAULT NULL,
  PRIMARY KEY (`id`),
  UNIQUE KEY `admin_users_roles_lnk_uq` (`user_id`,`role_id`),
  KEY `admin_users_roles_lnk_fk` (`user_id`),
  KEY `admin_users_roles_lnk_ifk` (`role_id`),
  KEY `admin_users_roles_lnk_ofk` (`role_ord`),
  KEY `admin_users_roles_lnk_oifk` (`user_ord`),
  CONSTRAINT `admin_users_roles_lnk_fk` FOREIGN KEY (`user_id`) REFERENCES `admin_users` (`id`) ON DELETE CASCADE,
  CONSTRAINT `admin_users_roles_lnk_ifk` FOREIGN KEY (`role_id`) REFERENCES `admin_roles` (`id`) ON DELETE CASCADE
) ENGINE=InnoDB AUTO_INCREMENT=5 DEFAULT CHARSET=utf8mb4 COLLATE=utf8mb4_0900_ai_ci;
/*!40101 SET character_set_client = @saved_cs_client */;

--
-- Dumping data for table `admin_users_roles_lnk`
--

LOCK TABLES `admin_users_roles_lnk` WRITE;
/*!40000 ALTER TABLE `admin_users_roles_lnk` DISABLE KEYS */;
INSERT INTO `admin_users_roles_lnk` VALUES (1,1,1,1,1);
/*!40000 ALTER TABLE `admin_users_roles_lnk` ENABLE KEYS */;
UNLOCK TABLES;

--
-- Table structure for table `check_ins`
--

DROP TABLE IF EXISTS `check_ins`;
/*!40101 SET @saved_cs_client     = @@character_set_client */;
/*!50503 SET character_set_client = utf8mb4 */;
CREATE TABLE `check_ins` (
  `id` int unsigned NOT NULL AUTO_INCREMENT,
  `document_id` varchar(255) DEFAULT NULL,
  `latitude` decimal(10,2) DEFAULT NULL,
  `longitude` decimal(10,2) DEFAULT NULL,
  `state` varchar(255) DEFAULT NULL,
  `moderator_note` varchar(255) DEFAULT NULL,
  `created_at` datetime(6) DEFAULT NULL,
  `updated_at` datetime(6) DEFAULT NULL,
  `published_at` datetime(6) DEFAULT NULL,
  `created_by_id` int unsigned DEFAULT NULL,
  `updated_by_id` int unsigned DEFAULT NULL,
  `locale` varchar(255) DEFAULT NULL,
  PRIMARY KEY (`id`),
  KEY `check_ins_documents_idx` (`document_id`,`locale`,`published_at`),
  KEY `check_ins_created_by_id_fk` (`created_by_id`),
  KEY `check_ins_updated_by_id_fk` (`updated_by_id`),
  CONSTRAINT `check_ins_created_by_id_fk` FOREIGN KEY (`created_by_id`) REFERENCES `admin_users` (`id`) ON DELETE SET NULL,
  CONSTRAINT `check_ins_updated_by_id_fk` FOREIGN KEY (`updated_by_id`) REFERENCES `admin_users` (`id`) ON DELETE SET NULL
) ENGINE=InnoDB DEFAULT CHARSET=utf8mb4 COLLATE=utf8mb4_0900_ai_ci;
/*!40101 SET character_set_client = @saved_cs_client */;

--
-- Dumping data for table `check_ins`
--

LOCK TABLES `check_ins` WRITE;
/*!40000 ALTER TABLE `check_ins` DISABLE KEYS */;
/*!40000 ALTER TABLE `check_ins` ENABLE KEYS */;
UNLOCK TABLES;

--
-- Table structure for table `check_ins_coach_lnk`
--

DROP TABLE IF EXISTS `check_ins_coach_lnk`;
/*!40101 SET @saved_cs_client     = @@character_set_client */;
/*!50503 SET character_set_client = utf8mb4 */;
CREATE TABLE `check_ins_coach_lnk` (
  `id` int unsigned NOT NULL AUTO_INCREMENT,
  `check_in_id` int unsigned DEFAULT NULL,
  `coach_id` int unsigned DEFAULT NULL,
  `check_in_ord` double unsigned DEFAULT NULL,
  PRIMARY KEY (`id`),
  UNIQUE KEY `check_ins_coach_lnk_uq` (`check_in_id`,`coach_id`),
  KEY `check_ins_coach_lnk_fk` (`check_in_id`),
  KEY `check_ins_coach_lnk_ifk` (`coach_id`),
  KEY `check_ins_coach_lnk_oifk` (`check_in_ord`),
  CONSTRAINT `check_ins_coach_lnk_fk` FOREIGN KEY (`check_in_id`) REFERENCES `check_ins` (`id`) ON DELETE CASCADE,
  CONSTRAINT `check_ins_coach_lnk_ifk` FOREIGN KEY (`coach_id`) REFERENCES `coaches` (`id`) ON DELETE CASCADE
) ENGINE=InnoDB DEFAULT CHARSET=utf8mb4 COLLATE=utf8mb4_0900_ai_ci;
/*!40101 SET character_set_client = @saved_cs_client */;

--
-- Dumping data for table `check_ins_coach_lnk`
--

LOCK TABLES `check_ins_coach_lnk` WRITE;
/*!40000 ALTER TABLE `check_ins_coach_lnk` DISABLE KEYS */;
/*!40000 ALTER TABLE `check_ins_coach_lnk` ENABLE KEYS */;
UNLOCK TABLES;

--
-- Table structure for table `check_ins_event_lnk`
--

DROP TABLE IF EXISTS `check_ins_event_lnk`;
/*!40101 SET @saved_cs_client     = @@character_set_client */;
/*!50503 SET character_set_client = utf8mb4 */;
CREATE TABLE `check_ins_event_lnk` (
  `id` int unsigned NOT NULL AUTO_INCREMENT,
  `check_in_id` int unsigned DEFAULT NULL,
  `event_id` int unsigned DEFAULT NULL,
  `check_in_ord` double unsigned DEFAULT NULL,
  PRIMARY KEY (`id`),
  UNIQUE KEY `check_ins_event_lnk_uq` (`check_in_id`,`event_id`),
  KEY `check_ins_event_lnk_fk` (`check_in_id`),
  KEY `check_ins_event_lnk_ifk` (`event_id`),
  KEY `check_ins_event_lnk_oifk` (`check_in_ord`),
  CONSTRAINT `check_ins_event_lnk_fk` FOREIGN KEY (`check_in_id`) REFERENCES `check_ins` (`id`) ON DELETE CASCADE,
  CONSTRAINT `check_ins_event_lnk_ifk` FOREIGN KEY (`event_id`) REFERENCES `events` (`id`) ON DELETE CASCADE
) ENGINE=InnoDB DEFAULT CHARSET=utf8mb4 COLLATE=utf8mb4_0900_ai_ci;
/*!40101 SET character_set_client = @saved_cs_client */;

--
-- Dumping data for table `check_ins_event_lnk`
--

LOCK TABLES `check_ins_event_lnk` WRITE;
/*!40000 ALTER TABLE `check_ins_event_lnk` DISABLE KEYS */;
/*!40000 ALTER TABLE `check_ins_event_lnk` ENABLE KEYS */;
UNLOCK TABLES;

--
-- Table structure for table `coach_bases`
--

DROP TABLE IF EXISTS `coach_bases`;
/*!40101 SET @saved_cs_client     = @@character_set_client */;
/*!50503 SET character_set_client = utf8mb4 */;
CREATE TABLE `coach_bases` (
  `id` int unsigned NOT NULL AUTO_INCREMENT,
  `document_id` varchar(255) DEFAULT NULL,
  `coach_title` varchar(255) DEFAULT NULL,
  `title` varchar(255) DEFAULT NULL,
  `logout` varchar(255) DEFAULT NULL,
  `check_in_btn` varchar(255) DEFAULT NULL,
  `event_title` varchar(255) DEFAULT NULL,
  `ath_list_title` varchar(255) DEFAULT NULL,
  `created_at` datetime(6) DEFAULT NULL,
  `updated_at` datetime(6) DEFAULT NULL,
  `published_at` datetime(6) DEFAULT NULL,
  `created_by_id` int unsigned DEFAULT NULL,
  `updated_by_id` int unsigned DEFAULT NULL,
  `locale` varchar(255) DEFAULT NULL,
  PRIMARY KEY (`id`),
  KEY `coach_bases_documents_idx` (`document_id`,`locale`,`published_at`),
  KEY `coach_bases_created_by_id_fk` (`created_by_id`),
  KEY `coach_bases_updated_by_id_fk` (`updated_by_id`),
  CONSTRAINT `coach_bases_created_by_id_fk` FOREIGN KEY (`created_by_id`) REFERENCES `admin_users` (`id`) ON DELETE SET NULL,
  CONSTRAINT `coach_bases_updated_by_id_fk` FOREIGN KEY (`updated_by_id`) REFERENCES `admin_users` (`id`) ON DELETE SET NULL
) ENGINE=InnoDB AUTO_INCREMENT=3 DEFAULT CHARSET=utf8mb4 COLLATE=utf8mb4_0900_ai_ci;
/*!40101 SET character_set_client = @saved_cs_client */;

--
-- Dumping data for table `coach_bases`
--

LOCK TABLES `coach_bases` WRITE;
/*!40000 ALTER TABLE `coach_bases` DISABLE KEYS */;
INSERT INTO `coach_bases` VALUES (1,'sv1ynytiyitzxjq0hwus5af1','Coach: ',NULL,'Logout','I\'m here',NULL,NULL,'2026-03-17 10:31:28.040000','2026-03-17 10:31:28.040000',NULL,1,1,'en'),(2,'sv1ynytiyitzxjq0hwus5af1','Coach: ',NULL,'Logout','I\'m here',NULL,NULL,'2026-03-17 10:31:28.040000','2026-03-17 10:31:28.040000','2026-03-17 10:31:28.070000',1,1,'en');
/*!40000 ALTER TABLE `coach_bases` ENABLE KEYS */;
UNLOCK TABLES;

--
-- Table structure for table `coach_bases_cmps`
--

DROP TABLE IF EXISTS `coach_bases_cmps`;
/*!40101 SET @saved_cs_client     = @@character_set_client */;
/*!50503 SET character_set_client = utf8mb4 */;
CREATE TABLE `coach_bases_cmps` (
  `id` int unsigned NOT NULL AUTO_INCREMENT,
  `entity_id` int unsigned DEFAULT NULL,
  `cmp_id` int unsigned DEFAULT NULL,
  `component_type` varchar(255) DEFAULT NULL,
  `field` varchar(255) DEFAULT NULL,
  `order` double unsigned DEFAULT NULL,
  PRIMARY KEY (`id`),
  UNIQUE KEY `coach_bases_uq` (`entity_id`,`cmp_id`,`field`,`component_type`),
  KEY `coach_bases_field_idx` (`field`),
  KEY `coach_bases_component_type_idx` (`component_type`),
  KEY `coach_bases_entity_fk` (`entity_id`),
  CONSTRAINT `coach_bases_entity_fk` FOREIGN KEY (`entity_id`) REFERENCES `coach_bases` (`id`) ON DELETE CASCADE
) ENGINE=InnoDB AUTO_INCREMENT=7 DEFAULT CHARSET=utf8mb4 COLLATE=utf8mb4_0900_ai_ci;
/*!40101 SET character_set_client = @saved_cs_client */;

--
-- Dumping data for table `coach_bases_cmps`
--

LOCK TABLES `coach_bases_cmps` WRITE;
/*!40000 ALTER TABLE `coach_bases_cmps` DISABLE KEYS */;
INSERT INTO `coach_bases_cmps` VALUES (1,1,25,'lang-switch.navlink','langSwitch',1),(2,1,26,'lang-switch.navlink','langSwitch',2),(3,1,27,'lang-switch.navlink','langSwitch',3),(4,2,28,'lang-switch.navlink','langSwitch',1),(5,2,29,'lang-switch.navlink','langSwitch',2),(6,2,30,'lang-switch.navlink','langSwitch',3);
/*!40000 ALTER TABLE `coach_bases_cmps` ENABLE KEYS */;
UNLOCK TABLES;

--
-- Table structure for table `coach_bases_coaches_lnk`
--

DROP TABLE IF EXISTS `coach_bases_coaches_lnk`;
/*!40101 SET @saved_cs_client     = @@character_set_client */;
/*!50503 SET character_set_client = utf8mb4 */;
CREATE TABLE `coach_bases_coaches_lnk` (
  `id` int unsigned NOT NULL AUTO_INCREMENT,
  `coach_base_id` int unsigned DEFAULT NULL,
  `coach_id` int unsigned DEFAULT NULL,
  `coach_ord` double unsigned DEFAULT NULL,
  PRIMARY KEY (`id`),
  UNIQUE KEY `coach_bases_coaches_lnk_uq` (`coach_base_id`,`coach_id`),
  KEY `coach_bases_coaches_lnk_fk` (`coach_base_id`),
  KEY `coach_bases_coaches_lnk_ifk` (`coach_id`),
  KEY `coach_bases_coaches_lnk_ofk` (`coach_ord`),
  CONSTRAINT `coach_bases_coaches_lnk_fk` FOREIGN KEY (`coach_base_id`) REFERENCES `coach_bases` (`id`) ON DELETE CASCADE,
  CONSTRAINT `coach_bases_coaches_lnk_ifk` FOREIGN KEY (`coach_id`) REFERENCES `coaches` (`id`) ON DELETE CASCADE
) ENGINE=InnoDB DEFAULT CHARSET=utf8mb4 COLLATE=utf8mb4_0900_ai_ci;
/*!40101 SET character_set_client = @saved_cs_client */;

--
-- Dumping data for table `coach_bases_coaches_lnk`
--

LOCK TABLES `coach_bases_coaches_lnk` WRITE;
/*!40000 ALTER TABLE `coach_bases_coaches_lnk` DISABLE KEYS */;
/*!40000 ALTER TABLE `coach_bases_coaches_lnk` ENABLE KEYS */;
UNLOCK TABLES;

--
-- Table structure for table `coach_bases_events_lnk`
--

DROP TABLE IF EXISTS `coach_bases_events_lnk`;
/*!40101 SET @saved_cs_client     = @@character_set_client */;
/*!50503 SET character_set_client = utf8mb4 */;
CREATE TABLE `coach_bases_events_lnk` (
  `id` int unsigned NOT NULL AUTO_INCREMENT,
  `coach_base_id` int unsigned DEFAULT NULL,
  `event_id` int unsigned DEFAULT NULL,
  `event_ord` double unsigned DEFAULT NULL,
  PRIMARY KEY (`id`),
  UNIQUE KEY `coach_bases_events_lnk_uq` (`coach_base_id`,`event_id`),
  KEY `coach_bases_events_lnk_fk` (`coach_base_id`),
  KEY `coach_bases_events_lnk_ifk` (`event_id`),
  KEY `coach_bases_events_lnk_ofk` (`event_ord`),
  CONSTRAINT `coach_bases_events_lnk_fk` FOREIGN KEY (`coach_base_id`) REFERENCES `coach_bases` (`id`) ON DELETE CASCADE,
  CONSTRAINT `coach_bases_events_lnk_ifk` FOREIGN KEY (`event_id`) REFERENCES `events` (`id`) ON DELETE CASCADE
) ENGINE=InnoDB DEFAULT CHARSET=utf8mb4 COLLATE=utf8mb4_0900_ai_ci;
/*!40101 SET character_set_client = @saved_cs_client */;

--
-- Dumping data for table `coach_bases_events_lnk`
--

LOCK TABLES `coach_bases_events_lnk` WRITE;
/*!40000 ALTER TABLE `coach_bases_events_lnk` DISABLE KEYS */;
/*!40000 ALTER TABLE `coach_bases_events_lnk` ENABLE KEYS */;
UNLOCK TABLES;

--
-- Table structure for table `coach_bases_students_lnk`
--

DROP TABLE IF EXISTS `coach_bases_students_lnk`;
/*!40101 SET @saved_cs_client     = @@character_set_client */;
/*!50503 SET character_set_client = utf8mb4 */;
CREATE TABLE `coach_bases_students_lnk` (
  `id` int unsigned NOT NULL AUTO_INCREMENT,
  `coach_base_id` int unsigned DEFAULT NULL,
  `student_id` int unsigned DEFAULT NULL,
  `student_ord` double unsigned DEFAULT NULL,
  PRIMARY KEY (`id`),
  UNIQUE KEY `coach_bases_students_lnk_uq` (`coach_base_id`,`student_id`),
  KEY `coach_bases_students_lnk_fk` (`coach_base_id`),
  KEY `coach_bases_students_lnk_ifk` (`student_id`),
  KEY `coach_bases_students_lnk_ofk` (`student_ord`),
  CONSTRAINT `coach_bases_students_lnk_fk` FOREIGN KEY (`coach_base_id`) REFERENCES `coach_bases` (`id`) ON DELETE CASCADE,
  CONSTRAINT `coach_bases_students_lnk_ifk` FOREIGN KEY (`student_id`) REFERENCES `students` (`id`) ON DELETE CASCADE
) ENGINE=InnoDB DEFAULT CHARSET=utf8mb4 COLLATE=utf8mb4_0900_ai_ci;
/*!40101 SET character_set_client = @saved_cs_client */;

--
-- Dumping data for table `coach_bases_students_lnk`
--

LOCK TABLES `coach_bases_students_lnk` WRITE;
/*!40000 ALTER TABLE `coach_bases_students_lnk` DISABLE KEYS */;
/*!40000 ALTER TABLE `coach_bases_students_lnk` ENABLE KEYS */;
UNLOCK TABLES;

--
-- Table structure for table `coaches`
--

DROP TABLE IF EXISTS `coaches`;
/*!40101 SET @saved_cs_client     = @@character_set_client */;
/*!50503 SET character_set_client = utf8mb4 */;
CREATE TABLE `coaches` (
  `id` int unsigned NOT NULL AUTO_INCREMENT,
  `document_id` varchar(255) DEFAULT NULL,
  `first_name` varchar(255) DEFAULT NULL,
  `last_name` varchar(255) DEFAULT NULL,
  `middle_name` varchar(255) DEFAULT NULL,
  `desc` longtext,
  `created_at` datetime(6) DEFAULT NULL,
  `updated_at` datetime(6) DEFAULT NULL,
  `published_at` datetime(6) DEFAULT NULL,
  `created_by_id` int unsigned DEFAULT NULL,
  `updated_by_id` int unsigned DEFAULT NULL,
  `locale` varchar(255) DEFAULT NULL,
  PRIMARY KEY (`id`),
  KEY `coaches_documents_idx` (`document_id`,`locale`,`published_at`),
  KEY `coaches_created_by_id_fk` (`created_by_id`),
  KEY `coaches_updated_by_id_fk` (`updated_by_id`),
  CONSTRAINT `coaches_created_by_id_fk` FOREIGN KEY (`created_by_id`) REFERENCES `admin_users` (`id`) ON DELETE SET NULL,
  CONSTRAINT `coaches_updated_by_id_fk` FOREIGN KEY (`updated_by_id`) REFERENCES `admin_users` (`id`) ON DELETE SET NULL
) ENGINE=InnoDB AUTO_INCREMENT=8 DEFAULT CHARSET=utf8mb4 COLLATE=utf8mb4_0900_ai_ci;
/*!40101 SET character_set_client = @saved_cs_client */;

--
-- Dumping data for table `coaches`
--

LOCK TABLES `coaches` WRITE;
/*!40000 ALTER TABLE `coaches` DISABLE KEYS */;
INSERT INTO `coaches` VALUES (1,'jkshr21n5gaqlbt94ujdhg9q','Сергей','Седов','Владимирович',NULL,'2026-03-12 16:01:09.362000','2026-03-13 12:52:07.066000',NULL,1,1,'en'),(3,'lhmseo1kjcym3bmazb72b9o9','Асылбек','Мусаев',NULL,NULL,'2026-03-12 16:11:49.589000','2026-03-13 14:17:23.794000',NULL,1,1,'en'),(6,'jkshr21n5gaqlbt94ujdhg9q','Сергей','Седов','Владимирович',NULL,'2026-03-12 16:01:09.362000','2026-03-13 12:52:07.066000','2026-03-13 12:52:07.106000',1,1,'en'),(7,'lhmseo1kjcym3bmazb72b9o9','Асылбек','Мусаев',NULL,NULL,'2026-03-12 16:11:49.589000','2026-03-13 14:17:23.794000','2026-03-13 14:17:23.861000',1,1,'en');
/*!40000 ALTER TABLE `coaches` ENABLE KEYS */;
UNLOCK TABLES;

--
-- Table structure for table `coaches_discipline_lnk`
--

DROP TABLE IF EXISTS `coaches_discipline_lnk`;
/*!40101 SET @saved_cs_client     = @@character_set_client */;
/*!50503 SET character_set_client = utf8mb4 */;
CREATE TABLE `coaches_discipline_lnk` (
  `id` int unsigned NOT NULL AUTO_INCREMENT,
  `coach_id` int unsigned DEFAULT NULL,
  `discipline_id` int unsigned DEFAULT NULL,
  `coach_ord` double unsigned DEFAULT NULL,
  PRIMARY KEY (`id`),
  UNIQUE KEY `coaches_discipline_lnk_uq` (`coach_id`,`discipline_id`),
  KEY `coaches_discipline_lnk_fk` (`coach_id`),
  KEY `coaches_discipline_lnk_ifk` (`discipline_id`),
  KEY `coaches_discipline_lnk_oifk` (`coach_ord`),
  CONSTRAINT `coaches_discipline_lnk_fk` FOREIGN KEY (`coach_id`) REFERENCES `coaches` (`id`) ON DELETE CASCADE,
  CONSTRAINT `coaches_discipline_lnk_ifk` FOREIGN KEY (`discipline_id`) REFERENCES `disciplines` (`id`) ON DELETE CASCADE
) ENGINE=InnoDB AUTO_INCREMENT=12 DEFAULT CHARSET=utf8mb4 COLLATE=utf8mb4_0900_ai_ci;
/*!40101 SET character_set_client = @saved_cs_client */;

--
-- Dumping data for table `coaches_discipline_lnk`
--

LOCK TABLES `coaches_discipline_lnk` WRITE;
/*!40000 ALTER TABLE `coaches_discipline_lnk` DISABLE KEYS */;
INSERT INTO `coaches_discipline_lnk` VALUES (4,1,3,0),(7,6,4,1),(8,3,5,0),(11,7,6,1);
/*!40000 ALTER TABLE `coaches_discipline_lnk` ENABLE KEYS */;
UNLOCK TABLES;

--
-- Table structure for table `coaches_users_permissions_user_lnk`
--

DROP TABLE IF EXISTS `coaches_users_permissions_user_lnk`;
/*!40101 SET @saved_cs_client     = @@character_set_client */;
/*!50503 SET character_set_client = utf8mb4 */;
CREATE TABLE `coaches_users_permissions_user_lnk` (
  `id` int unsigned NOT NULL AUTO_INCREMENT,
  `coach_id` int unsigned DEFAULT NULL,
  `user_id` int unsigned DEFAULT NULL,
  PRIMARY KEY (`id`),
  UNIQUE KEY `coaches_users_permissions_user_lnk_uq` (`coach_id`,`user_id`),
  KEY `coaches_users_permissions_user_lnk_fk` (`coach_id`),
  KEY `coaches_users_permissions_user_lnk_ifk` (`user_id`),
  CONSTRAINT `coaches_users_permissions_user_lnk_fk` FOREIGN KEY (`coach_id`) REFERENCES `coaches` (`id`) ON DELETE CASCADE,
  CONSTRAINT `coaches_users_permissions_user_lnk_ifk` FOREIGN KEY (`user_id`) REFERENCES `up_users` (`id`) ON DELETE CASCADE
) ENGINE=InnoDB AUTO_INCREMENT=7 DEFAULT CHARSET=utf8mb4 COLLATE=utf8mb4_0900_ai_ci;
/*!40101 SET character_set_client = @saved_cs_client */;

--
-- Dumping data for table `coaches_users_permissions_user_lnk`
--

LOCK TABLES `coaches_users_permissions_user_lnk` WRITE;
/*!40000 ALTER TABLE `coaches_users_permissions_user_lnk` DISABLE KEYS */;
INSERT INTO `coaches_users_permissions_user_lnk` VALUES (3,1,1),(1,3,2),(5,6,1),(6,7,2);
/*!40000 ALTER TABLE `coaches_users_permissions_user_lnk` ENABLE KEYS */;
UNLOCK TABLES;

--
-- Table structure for table `components_lang_switch_navlinks`
--

DROP TABLE IF EXISTS `components_lang_switch_navlinks`;
/*!40101 SET @saved_cs_client     = @@character_set_client */;
/*!50503 SET character_set_client = utf8mb4 */;
CREATE TABLE `components_lang_switch_navlinks` (
  `id` int unsigned NOT NULL AUTO_INCREMENT,
  `label` varchar(255) DEFAULT NULL,
  `url` varchar(255) DEFAULT NULL,
  PRIMARY KEY (`id`)
) ENGINE=InnoDB AUTO_INCREMENT=43 DEFAULT CHARSET=utf8mb4 COLLATE=utf8mb4_0900_ai_ci;
/*!40101 SET character_set_client = @saved_cs_client */;

--
-- Dumping data for table `components_lang_switch_navlinks`
--

LOCK TABLES `components_lang_switch_navlinks` WRITE;
/*!40000 ALTER TABLE `components_lang_switch_navlinks` DISABLE KEYS */;
INSERT INTO `components_lang_switch_navlinks` VALUES (1,'Ru','/ru'),(2,'En','/'),(3,'Kz','/kk'),(7,'Ru','/ru'),(8,'En','/'),(9,'Kz','/kz'),(19,'Ru','/ru'),(20,'En','/'),(21,'Kz','/kz'),(22,'Ru','/ru'),(23,'En','/'),(24,'Kz','/kk'),(25,'Ru','/ru'),(26,'Kz','/kk'),(27,'En','/'),(28,'Ru','/ru'),(29,'Kz','/kk'),(30,'En','/'),(31,'Ru','/ru'),(32,'En','/'),(33,'Kz','/kk'),(40,'Ru','/ru'),(41,'En','/'),(42,'Kz','/kk');
/*!40000 ALTER TABLE `components_lang_switch_navlinks` ENABLE KEYS */;
UNLOCK TABLES;

--
-- Table structure for table `components_map_locations`
--

DROP TABLE IF EXISTS `components_map_locations`;
/*!40101 SET @saved_cs_client     = @@character_set_client */;
/*!50503 SET character_set_client = utf8mb4 */;
CREATE TABLE `components_map_locations` (
  `id` int unsigned NOT NULL AUTO_INCREMENT,
  `name` varchar(255) DEFAULT NULL,
  `latitude` decimal(10,2) DEFAULT NULL,
  `longitude` decimal(10,2) DEFAULT NULL,
  `address` varchar(255) DEFAULT NULL,
  PRIMARY KEY (`id`)
) ENGINE=InnoDB DEFAULT CHARSET=utf8mb4 COLLATE=utf8mb4_0900_ai_ci;
/*!40101 SET character_set_client = @saved_cs_client */;

--
-- Dumping data for table `components_map_locations`
--

LOCK TABLES `components_map_locations` WRITE;
/*!40000 ALTER TABLE `components_map_locations` DISABLE KEYS */;
/*!40000 ALTER TABLE `components_map_locations` ENABLE KEYS */;
UNLOCK TABLES;

--
-- Table structure for table `components_slider_athlets`
--

DROP TABLE IF EXISTS `components_slider_athlets`;
/*!40101 SET @saved_cs_client     = @@character_set_client */;
/*!50503 SET character_set_client = utf8mb4 */;
CREATE TABLE `components_slider_athlets` (
  `id` int unsigned NOT NULL AUTO_INCREMENT,
  `first_name` varchar(255) DEFAULT NULL,
  `middle_name` varchar(255) DEFAULT NULL,
  `last_name` varchar(255) DEFAULT NULL,
  PRIMARY KEY (`id`)
) ENGINE=InnoDB DEFAULT CHARSET=utf8mb4 COLLATE=utf8mb4_0900_ai_ci;
/*!40101 SET character_set_client = @saved_cs_client */;

--
-- Dumping data for table `components_slider_athlets`
--

LOCK TABLES `components_slider_athlets` WRITE;
/*!40000 ALTER TABLE `components_slider_athlets` DISABLE KEYS */;
/*!40000 ALTER TABLE `components_slider_athlets` ENABLE KEYS */;
UNLOCK TABLES;

--
-- Table structure for table `components_slider_coaches`
--

DROP TABLE IF EXISTS `components_slider_coaches`;
/*!40101 SET @saved_cs_client     = @@character_set_client */;
/*!50503 SET character_set_client = utf8mb4 */;
CREATE TABLE `components_slider_coaches` (
  `id` int unsigned NOT NULL AUTO_INCREMENT,
  `name` varchar(255) DEFAULT NULL,
  `middle_name` varchar(255) DEFAULT NULL,
  `last_name` varchar(255) DEFAULT NULL,
  PRIMARY KEY (`id`)
) ENGINE=InnoDB DEFAULT CHARSET=utf8mb4 COLLATE=utf8mb4_0900_ai_ci;
/*!40101 SET character_set_client = @saved_cs_client */;

--
-- Dumping data for table `components_slider_coaches`
--

LOCK TABLES `components_slider_coaches` WRITE;
/*!40000 ALTER TABLE `components_slider_coaches` DISABLE KEYS */;
/*!40000 ALTER TABLE `components_slider_coaches` ENABLE KEYS */;
UNLOCK TABLES;

--
-- Table structure for table `disciplines`
--

DROP TABLE IF EXISTS `disciplines`;
/*!40101 SET @saved_cs_client     = @@character_set_client */;
/*!50503 SET character_set_client = utf8mb4 */;
CREATE TABLE `disciplines` (
  `id` int unsigned NOT NULL AUTO_INCREMENT,
  `document_id` varchar(255) DEFAULT NULL,
  `name` varchar(255) DEFAULT NULL,
  `created_at` datetime(6) DEFAULT NULL,
  `updated_at` datetime(6) DEFAULT NULL,
  `published_at` datetime(6) DEFAULT NULL,
  `created_by_id` int unsigned DEFAULT NULL,
  `updated_by_id` int unsigned DEFAULT NULL,
  `locale` varchar(255) DEFAULT NULL,
  PRIMARY KEY (`id`),
  KEY `disciplines_documents_idx` (`document_id`,`locale`,`published_at`),
  KEY `disciplines_created_by_id_fk` (`created_by_id`),
  KEY `disciplines_updated_by_id_fk` (`updated_by_id`),
  CONSTRAINT `disciplines_created_by_id_fk` FOREIGN KEY (`created_by_id`) REFERENCES `admin_users` (`id`) ON DELETE SET NULL,
  CONSTRAINT `disciplines_updated_by_id_fk` FOREIGN KEY (`updated_by_id`) REFERENCES `admin_users` (`id`) ON DELETE SET NULL
) ENGINE=InnoDB AUTO_INCREMENT=7 DEFAULT CHARSET=utf8mb4 COLLATE=utf8mb4_0900_ai_ci;
/*!40101 SET character_set_client = @saved_cs_client */;

--
-- Dumping data for table `disciplines`
--

LOCK TABLES `disciplines` WRITE;
/*!40000 ALTER TABLE `disciplines` DISABLE KEYS */;
INSERT INTO `disciplines` VALUES (3,'el8rov9i48zmndzswn9dgf9y','Тяжелая атлетика','2026-03-13 12:52:00.962000','2026-03-13 12:52:00.962000',NULL,1,1,'en'),(4,'el8rov9i48zmndzswn9dgf9y','Тяжелая атлетика','2026-03-13 12:52:00.962000','2026-03-13 12:52:00.962000','2026-03-13 12:52:00.995000',1,1,'en'),(5,'ooo774qtpvfl2v24dsoaenhj','Вольная борьба','2026-03-13 14:17:13.048000','2026-03-13 14:17:13.048000',NULL,1,1,'en'),(6,'ooo774qtpvfl2v24dsoaenhj','Вольная борьба','2026-03-13 14:17:13.048000','2026-03-13 14:17:13.048000','2026-03-13 14:17:13.132000',1,1,'en');
/*!40000 ALTER TABLE `disciplines` ENABLE KEYS */;
UNLOCK TABLES;

--
-- Table structure for table `events`
--

DROP TABLE IF EXISTS `events`;
/*!40101 SET @saved_cs_client     = @@character_set_client */;
/*!50503 SET character_set_client = utf8mb4 */;
CREATE TABLE `events` (
  `id` int unsigned NOT NULL AUTO_INCREMENT,
  `document_id` varchar(255) DEFAULT NULL,
  `title` varchar(255) DEFAULT NULL,
  `date` datetime(6) DEFAULT NULL,
  `location` varchar(255) DEFAULT NULL,
  `state` varchar(255) DEFAULT NULL,
  `created_at` datetime(6) DEFAULT NULL,
  `updated_at` datetime(6) DEFAULT NULL,
  `published_at` datetime(6) DEFAULT NULL,
  `created_by_id` int unsigned DEFAULT NULL,
  `updated_by_id` int unsigned DEFAULT NULL,
  `locale` varchar(255) DEFAULT NULL,
  PRIMARY KEY (`id`),
  KEY `events_documents_idx` (`document_id`,`locale`,`published_at`),
  KEY `events_created_by_id_fk` (`created_by_id`),
  KEY `events_updated_by_id_fk` (`updated_by_id`),
  CONSTRAINT `events_created_by_id_fk` FOREIGN KEY (`created_by_id`) REFERENCES `admin_users` (`id`) ON DELETE SET NULL,
  CONSTRAINT `events_updated_by_id_fk` FOREIGN KEY (`updated_by_id`) REFERENCES `admin_users` (`id`) ON DELETE SET NULL
) ENGINE=InnoDB AUTO_INCREMENT=3 DEFAULT CHARSET=utf8mb4 COLLATE=utf8mb4_0900_ai_ci;
/*!40101 SET character_set_client = @saved_cs_client */;

--
-- Dumping data for table `events`
--

LOCK TABLES `events` WRITE;
/*!40000 ALTER TABLE `events` DISABLE KEYS */;
INSERT INTO `events` VALUES (1,'ul6xh68zkjmj8t6jjva7sb7s','test','2026-03-17 18:15:00.000000','test','draft','2026-03-19 16:44:02.609000','2026-03-19 16:44:02.609000',NULL,1,1,NULL),(2,'ul6xh68zkjmj8t6jjva7sb7s','test','2026-03-17 18:15:00.000000','test','draft','2026-03-19 16:44:02.609000','2026-03-19 16:44:02.609000','2026-03-19 16:44:02.643000',1,1,NULL);
/*!40000 ALTER TABLE `events` ENABLE KEYS */;
UNLOCK TABLES;

--
-- Table structure for table `events_coaches_lnk`
--

DROP TABLE IF EXISTS `events_coaches_lnk`;
/*!40101 SET @saved_cs_client     = @@character_set_client */;
/*!50503 SET character_set_client = utf8mb4 */;
CREATE TABLE `events_coaches_lnk` (
  `id` int unsigned NOT NULL AUTO_INCREMENT,
  `event_id` int unsigned DEFAULT NULL,
  `coach_id` int unsigned DEFAULT NULL,
  `coach_ord` double unsigned DEFAULT NULL,
  `event_ord` double unsigned DEFAULT NULL,
  PRIMARY KEY (`id`),
  UNIQUE KEY `events_coaches_lnk_uq` (`event_id`,`coach_id`),
  KEY `events_coaches_lnk_fk` (`event_id`),
  KEY `events_coaches_lnk_ifk` (`coach_id`),
  KEY `events_coaches_lnk_ofk` (`coach_ord`),
  KEY `events_coaches_lnk_oifk` (`event_ord`),
  CONSTRAINT `events_coaches_lnk_fk` FOREIGN KEY (`event_id`) REFERENCES `events` (`id`) ON DELETE CASCADE,
  CONSTRAINT `events_coaches_lnk_ifk` FOREIGN KEY (`coach_id`) REFERENCES `coaches` (`id`) ON DELETE CASCADE
) ENGINE=InnoDB AUTO_INCREMENT=3 DEFAULT CHARSET=utf8mb4 COLLATE=utf8mb4_0900_ai_ci;
/*!40101 SET character_set_client = @saved_cs_client */;

--
-- Dumping data for table `events_coaches_lnk`
--

LOCK TABLES `events_coaches_lnk` WRITE;
/*!40000 ALTER TABLE `events_coaches_lnk` DISABLE KEYS */;
INSERT INTO `events_coaches_lnk` VALUES (1,1,3,0,1),(2,2,7,1,1);
/*!40000 ALTER TABLE `events_coaches_lnk` ENABLE KEYS */;
UNLOCK TABLES;

--
-- Table structure for table `files`
--

DROP TABLE IF EXISTS `files`;
/*!40101 SET @saved_cs_client     = @@character_set_client */;
/*!50503 SET character_set_client = utf8mb4 */;
CREATE TABLE `files` (
  `id` int unsigned NOT NULL AUTO_INCREMENT,
  `document_id` varchar(255) DEFAULT NULL,
  `name` varchar(255) DEFAULT NULL,
  `alternative_text` longtext,
  `caption` longtext,
  `focal_point` json DEFAULT NULL,
  `width` int DEFAULT NULL,
  `height` int DEFAULT NULL,
  `formats` json DEFAULT NULL,
  `hash` varchar(255) DEFAULT NULL,
  `ext` varchar(255) DEFAULT NULL,
  `mime` varchar(255) DEFAULT NULL,
  `size` decimal(10,2) DEFAULT NULL,
  `url` longtext,
  `preview_url` longtext,
  `provider` varchar(255) DEFAULT NULL,
  `provider_metadata` json DEFAULT NULL,
  `folder_path` varchar(255) DEFAULT NULL,
  `created_at` datetime(6) DEFAULT NULL,
  `updated_at` datetime(6) DEFAULT NULL,
  `published_at` datetime(6) DEFAULT NULL,
  `created_by_id` int unsigned DEFAULT NULL,
  `updated_by_id` int unsigned DEFAULT NULL,
  `locale` varchar(255) DEFAULT NULL,
  PRIMARY KEY (`id`),
  KEY `upload_files_folder_path_index` (`folder_path`),
  KEY `upload_files_created_at_index` (`created_at`),
  KEY `upload_files_updated_at_index` (`updated_at`),
  KEY `upload_files_name_index` (`name`),
  KEY `upload_files_size_index` (`size`),
  KEY `upload_files_ext_index` (`ext`),
  KEY `files_documents_idx` (`document_id`,`locale`,`published_at`),
  KEY `files_created_by_id_fk` (`created_by_id`),
  KEY `files_updated_by_id_fk` (`updated_by_id`),
  CONSTRAINT `files_created_by_id_fk` FOREIGN KEY (`created_by_id`) REFERENCES `admin_users` (`id`) ON DELETE SET NULL,
  CONSTRAINT `files_updated_by_id_fk` FOREIGN KEY (`updated_by_id`) REFERENCES `admin_users` (`id`) ON DELETE SET NULL
) ENGINE=InnoDB AUTO_INCREMENT=37 DEFAULT CHARSET=utf8mb4 COLLATE=utf8mb4_0900_ai_ci;
/*!40101 SET character_set_client = @saved_cs_client */;

--
-- Dumping data for table `files`
--

LOCK TABLES `files` WRITE;
/*!40000 ALTER TABLE `files` DISABLE KEYS */;
INSERT INTO `files` VALUES (1,'or6aug3cy74x5c01nfsmckpr','11Berik.jpeg.webp',NULL,NULL,NULL,374,512,'{\"small\": {\"ext\": \".webp\", \"url\": \"/uploads/small_11_Berik_jpeg_c45a28b62a.webp\", \"hash\": \"small_11_Berik_jpeg_c45a28b62a\", \"mime\": \"image/webp\", \"name\": \"small_11Berik.jpeg.webp\", \"path\": null, \"size\": 6.99, \"width\": 365, \"height\": 500, \"sizeInBytes\": 6988}, \"thumbnail\": {\"ext\": \".webp\", \"url\": \"/uploads/thumbnail_11_Berik_jpeg_c45a28b62a.webp\", \"hash\": \"thumbnail_11_Berik_jpeg_c45a28b62a\", \"mime\": \"image/webp\", \"name\": \"thumbnail_11Berik.jpeg.webp\", \"path\": null, \"size\": 1.72, \"width\": 114, \"height\": 156, \"sizeInBytes\": 1716}}','11_Berik_jpeg_c45a28b62a','.webp','image/webp',8.84,'/uploads/11_Berik_jpeg_c45a28b62a.webp',NULL,'local',NULL,'/','2026-03-12 15:59:55.559000','2026-03-12 15:59:55.559000','2026-03-12 15:59:55.563000',1,1,NULL),(2,'iup995r4qgjpan075jp7bbjo','10maratT.jpeg.webp',NULL,NULL,NULL,374,512,'{\"small\": {\"ext\": \".webp\", \"url\": \"/uploads/small_10marat_T_jpeg_4219ac18e0.webp\", \"hash\": \"small_10marat_T_jpeg_4219ac18e0\", \"mime\": \"image/webp\", \"name\": \"small_10maratT.jpeg.webp\", \"path\": null, \"size\": 7.04, \"width\": 365, \"height\": 500, \"sizeInBytes\": 7040}, \"thumbnail\": {\"ext\": \".webp\", \"url\": \"/uploads/thumbnail_10marat_T_jpeg_4219ac18e0.webp\", \"hash\": \"thumbnail_10marat_T_jpeg_4219ac18e0\", \"mime\": \"image/webp\", \"name\": \"thumbnail_10maratT.jpeg.webp\", \"path\": null, \"size\": 1.77, \"width\": 114, \"height\": 156, \"sizeInBytes\": 1774}}','10marat_T_jpeg_4219ac18e0','.webp','image/webp',8.79,'/uploads/10marat_T_jpeg_4219ac18e0.webp',NULL,'local',NULL,'/','2026-03-12 15:59:55.590000','2026-03-12 15:59:55.590000','2026-03-12 15:59:55.591000',1,1,NULL),(3,'o6wwhtpfjp72zu2pqxp0ef3g','11sarin.jpeg.webp',NULL,NULL,NULL,374,512,'{\"small\": {\"ext\": \".webp\", \"url\": \"/uploads/small_11sarin_jpeg_ccf4abb0ff.webp\", \"hash\": \"small_11sarin_jpeg_ccf4abb0ff\", \"mime\": \"image/webp\", \"name\": \"small_11sarin.jpeg.webp\", \"path\": null, \"size\": 6.46, \"width\": 365, \"height\": 500, \"sizeInBytes\": 6462}, \"thumbnail\": {\"ext\": \".webp\", \"url\": \"/uploads/thumbnail_11sarin_jpeg_ccf4abb0ff.webp\", \"hash\": \"thumbnail_11sarin_jpeg_ccf4abb0ff\", \"mime\": \"image/webp\", \"name\": \"thumbnail_11sarin.jpeg.webp\", \"path\": null, \"size\": 1.42, \"width\": 114, \"height\": 156, \"sizeInBytes\": 1424}}','11sarin_jpeg_ccf4abb0ff','.webp','image/webp',7.81,'/uploads/11sarin_jpeg_ccf4abb0ff.webp',NULL,'local',NULL,'/','2026-03-12 15:59:55.628000','2026-03-12 15:59:55.628000','2026-03-12 15:59:55.628000',1,1,NULL),(4,'j34y5dgx3l3ymn32gd48cafi','11kudaybergen.jpeg.webp',NULL,NULL,NULL,374,512,'{\"small\": {\"ext\": \".webp\", \"url\": \"/uploads/small_11kudaybergen_jpeg_f637c79a3c.webp\", \"hash\": \"small_11kudaybergen_jpeg_f637c79a3c\", \"mime\": \"image/webp\", \"name\": \"small_11kudaybergen.jpeg.webp\", \"path\": null, \"size\": 5.8, \"width\": 365, \"height\": 500, \"sizeInBytes\": 5796}, \"thumbnail\": {\"ext\": \".webp\", \"url\": \"/uploads/thumbnail_11kudaybergen_jpeg_f637c79a3c.webp\", \"hash\": \"thumbnail_11kudaybergen_jpeg_f637c79a3c\", \"mime\": \"image/webp\", \"name\": \"thumbnail_11kudaybergen.jpeg.webp\", \"path\": null, \"size\": 1.46, \"width\": 114, \"height\": 156, \"sizeInBytes\": 1462}}','11kudaybergen_jpeg_f637c79a3c','.webp','image/webp',7.05,'/uploads/11kudaybergen_jpeg_f637c79a3c.webp',NULL,'local',NULL,'/','2026-03-12 15:59:55.641000','2026-03-12 15:59:55.641000','2026-03-12 15:59:55.641000',1,1,NULL),(5,'arginhtoxbwe6j04kcnyiptd','11muhammed.jpeg.webp',NULL,NULL,NULL,374,512,'{\"small\": {\"ext\": \".webp\", \"url\": \"/uploads/small_11muhammed_jpeg_3cbdec873b.webp\", \"hash\": \"small_11muhammed_jpeg_3cbdec873b\", \"mime\": \"image/webp\", \"name\": \"small_11muhammed.jpeg.webp\", \"path\": null, \"size\": 6.93, \"width\": 365, \"height\": 500, \"sizeInBytes\": 6928}, \"thumbnail\": {\"ext\": \".webp\", \"url\": \"/uploads/thumbnail_11muhammed_jpeg_3cbdec873b.webp\", \"hash\": \"thumbnail_11muhammed_jpeg_3cbdec873b\", \"mime\": \"image/webp\", \"name\": \"thumbnail_11muhammed.jpeg.webp\", \"path\": null, \"size\": 1.72, \"width\": 114, \"height\": 156, \"sizeInBytes\": 1716}}','11muhammed_jpeg_3cbdec873b','.webp','image/webp',8.47,'/uploads/11muhammed_jpeg_3cbdec873b.webp',NULL,'local',NULL,'/','2026-03-12 15:59:55.649000','2026-03-12 15:59:55.649000','2026-03-12 15:59:55.650000',1,1,NULL),(6,'l2figcwf7qlnpyqmn0np18pz','11nurgaliev.jpeg.webp',NULL,NULL,NULL,864,926,'{\"small\": {\"ext\": \".webp\", \"url\": \"/uploads/small_11nurgaliev_jpeg_ea203c8b47.webp\", \"hash\": \"small_11nurgaliev_jpeg_ea203c8b47\", \"mime\": \"image/webp\", \"name\": \"small_11nurgaliev.jpeg.webp\", \"path\": null, \"size\": 8.49, \"width\": 467, \"height\": 500, \"sizeInBytes\": 8488}, \"medium\": {\"ext\": \".webp\", \"url\": \"/uploads/medium_11nurgaliev_jpeg_ea203c8b47.webp\", \"hash\": \"medium_11nurgaliev_jpeg_ea203c8b47\", \"mime\": \"image/webp\", \"name\": \"medium_11nurgaliev.jpeg.webp\", \"path\": null, \"size\": 13.51, \"width\": 700, \"height\": 750, \"sizeInBytes\": 13508}, \"thumbnail\": {\"ext\": \".webp\", \"url\": \"/uploads/thumbnail_11nurgaliev_jpeg_ea203c8b47.webp\", \"hash\": \"thumbnail_11nurgaliev_jpeg_ea203c8b47\", \"mime\": \"image/webp\", \"name\": \"thumbnail_11nurgaliev.jpeg.webp\", \"path\": null, \"size\": 1.96, \"width\": 146, \"height\": 156, \"sizeInBytes\": 1956}}','11nurgaliev_jpeg_ea203c8b47','.webp','image/webp',20.50,'/uploads/11nurgaliev_jpeg_ea203c8b47.webp',NULL,'local',NULL,'/','2026-03-12 15:59:55.740000','2026-03-12 15:59:55.740000','2026-03-12 15:59:55.741000',1,1,NULL),(7,'jtga8o6pka30vpfn2cxnb172','03timur.jpeg.webp',NULL,NULL,NULL,374,512,'{\"small\": {\"ext\": \".webp\", \"url\": \"/uploads/small_03timur_jpeg_0166b0794b.webp\", \"hash\": \"small_03timur_jpeg_0166b0794b\", \"mime\": \"image/webp\", \"name\": \"small_03timur.jpeg.webp\", \"path\": null, \"size\": 6.97, \"width\": 365, \"height\": 500, \"sizeInBytes\": 6974}, \"thumbnail\": {\"ext\": \".webp\", \"url\": \"/uploads/thumbnail_03timur_jpeg_0166b0794b.webp\", \"hash\": \"thumbnail_03timur_jpeg_0166b0794b\", \"mime\": \"image/webp\", \"name\": \"thumbnail_03timur.jpeg.webp\", \"path\": null, \"size\": 1.74, \"width\": 114, \"height\": 156, \"sizeInBytes\": 1740}}','03timur_jpeg_0166b0794b','.webp','image/webp',8.36,'/uploads/03timur_jpeg_0166b0794b.webp',NULL,'local',NULL,'/','2026-03-12 15:59:56.368000','2026-03-12 15:59:56.368000','2026-03-12 15:59:56.368000',1,1,NULL),(8,'l9norf55vy2ineotdgmaky9p','03hegai.jpeg.webp',NULL,NULL,NULL,374,512,'{\"small\": {\"ext\": \".webp\", \"url\": \"/uploads/small_03hegai_jpeg_0f2a053440.webp\", \"hash\": \"small_03hegai_jpeg_0f2a053440\", \"mime\": \"image/webp\", \"name\": \"small_03hegai.jpeg.webp\", \"path\": null, \"size\": 5.66, \"width\": 365, \"height\": 500, \"sizeInBytes\": 5656}, \"thumbnail\": {\"ext\": \".webp\", \"url\": \"/uploads/thumbnail_03hegai_jpeg_0f2a053440.webp\", \"hash\": \"thumbnail_03hegai_jpeg_0f2a053440\", \"mime\": \"image/webp\", \"name\": \"thumbnail_03hegai.jpeg.webp\", \"path\": null, \"size\": 1.42, \"width\": 114, \"height\": 156, \"sizeInBytes\": 1416}}','03hegai_jpeg_0f2a053440','.webp','image/webp',6.88,'/uploads/03hegai_jpeg_0f2a053440.webp',NULL,'local',NULL,'/','2026-03-12 15:59:56.424000','2026-03-12 15:59:56.424000','2026-03-12 15:59:56.424000',1,1,NULL),(9,'duo3panj5m1ed9msgzf67p1c','03tadjikov.jpeg.webp',NULL,NULL,NULL,374,512,'{\"small\": {\"ext\": \".webp\", \"url\": \"/uploads/small_03tadjikov_jpeg_dc73823cdd.webp\", \"hash\": \"small_03tadjikov_jpeg_dc73823cdd\", \"mime\": \"image/webp\", \"name\": \"small_03tadjikov.jpeg.webp\", \"path\": null, \"size\": 6.71, \"width\": 365, \"height\": 500, \"sizeInBytes\": 6708}, \"thumbnail\": {\"ext\": \".webp\", \"url\": \"/uploads/thumbnail_03tadjikov_jpeg_dc73823cdd.webp\", \"hash\": \"thumbnail_03tadjikov_jpeg_dc73823cdd\", \"mime\": \"image/webp\", \"name\": \"thumbnail_03tadjikov.jpeg.webp\", \"path\": null, \"size\": 1.6, \"width\": 114, \"height\": 156, \"sizeInBytes\": 1600}}','03tadjikov_jpeg_dc73823cdd','.webp','image/webp',8.14,'/uploads/03tadjikov_jpeg_dc73823cdd.webp',NULL,'local',NULL,'/','2026-03-12 15:59:56.430000','2026-03-12 15:59:56.430000','2026-03-12 15:59:56.430000',1,1,NULL),(10,'dunk2c1phop58rp7u978hvn3','sedov.jpeg.webp',NULL,NULL,NULL,768,1024,'{\"large\": {\"ext\": \".webp\", \"url\": \"/uploads/large_sedov_jpeg_3a2e1c01e2.webp\", \"hash\": \"large_sedov_jpeg_3a2e1c01e2\", \"mime\": \"image/webp\", \"name\": \"large_sedov.jpeg.webp\", \"path\": null, \"size\": 18.29, \"width\": 750, \"height\": 1000, \"sizeInBytes\": 18290}, \"small\": {\"ext\": \".webp\", \"url\": \"/uploads/small_sedov_jpeg_3a2e1c01e2.webp\", \"hash\": \"small_sedov_jpeg_3a2e1c01e2\", \"mime\": \"image/webp\", \"name\": \"small_sedov.jpeg.webp\", \"path\": null, \"size\": 7.87, \"width\": 375, \"height\": 500, \"sizeInBytes\": 7868}, \"medium\": {\"ext\": \".webp\", \"url\": \"/uploads/medium_sedov_jpeg_3a2e1c01e2.webp\", \"hash\": \"medium_sedov_jpeg_3a2e1c01e2\", \"mime\": \"image/webp\", \"name\": \"medium_sedov.jpeg.webp\", \"path\": null, \"size\": 12.96, \"width\": 562, \"height\": 750, \"sizeInBytes\": 12962}, \"thumbnail\": {\"ext\": \".webp\", \"url\": \"/uploads/thumbnail_sedov_jpeg_3a2e1c01e2.webp\", \"hash\": \"thumbnail_sedov_jpeg_3a2e1c01e2\", \"mime\": \"image/webp\", \"name\": \"thumbnail_sedov.jpeg.webp\", \"path\": null, \"size\": 1.73, \"width\": 117, \"height\": 156, \"sizeInBytes\": 1726}}','sedov_jpeg_3a2e1c01e2','.webp','image/webp',22.09,'/uploads/sedov_jpeg_3a2e1c01e2.webp',NULL,'local',NULL,'/','2026-03-12 15:59:56.485000','2026-03-12 15:59:56.485000','2026-03-12 15:59:56.485000',1,1,NULL),(11,'q5x3fudjrv64ruxjiz5s81bn','elen.jpeg.webp',NULL,NULL,NULL,747,1024,'{\"large\": {\"ext\": \".webp\", \"url\": \"/uploads/large_elen_jpeg_42d776e93e.webp\", \"hash\": \"large_elen_jpeg_42d776e93e\", \"mime\": \"image/webp\", \"name\": \"large_elen.jpeg.webp\", \"path\": null, \"size\": 18.54, \"width\": 729, \"height\": 1000, \"sizeInBytes\": 18542}, \"small\": {\"ext\": \".webp\", \"url\": \"/uploads/small_elen_jpeg_42d776e93e.webp\", \"hash\": \"small_elen_jpeg_42d776e93e\", \"mime\": \"image/webp\", \"name\": \"small_elen.jpeg.webp\", \"path\": null, \"size\": 7.96, \"width\": 365, \"height\": 500, \"sizeInBytes\": 7956}, \"medium\": {\"ext\": \".webp\", \"url\": \"/uploads/medium_elen_jpeg_42d776e93e.webp\", \"hash\": \"medium_elen_jpeg_42d776e93e\", \"mime\": \"image/webp\", \"name\": \"medium_elen.jpeg.webp\", \"path\": null, \"size\": 13.1, \"width\": 547, \"height\": 750, \"sizeInBytes\": 13102}, \"thumbnail\": {\"ext\": \".webp\", \"url\": \"/uploads/thumbnail_elen_jpeg_42d776e93e.webp\", \"hash\": \"thumbnail_elen_jpeg_42d776e93e\", \"mime\": \"image/webp\", \"name\": \"thumbnail_elen.jpeg.webp\", \"path\": null, \"size\": 1.87, \"width\": 114, \"height\": 156, \"sizeInBytes\": 1874}}','elen_jpeg_42d776e93e','.webp','image/webp',23.17,'/uploads/elen_jpeg_42d776e93e.webp',NULL,'local',NULL,'/','2026-03-12 15:59:56.553000','2026-03-12 15:59:56.553000','2026-03-12 15:59:56.553000',1,1,NULL),(12,'af0t05bqzmldhpb2bzxjlfr5','02zhaksyjol.jpeg.webp',NULL,NULL,NULL,963,1280,'{\"large\": {\"ext\": \".webp\", \"url\": \"/uploads/large_02zhaksyjol_jpeg_e6cdeb0275.webp\", \"hash\": \"large_02zhaksyjol_jpeg_e6cdeb0275\", \"mime\": \"image/webp\", \"name\": \"large_02zhaksyjol.jpeg.webp\", \"path\": null, \"size\": 19.75, \"width\": 752, \"height\": 1000, \"sizeInBytes\": 19752}, \"small\": {\"ext\": \".webp\", \"url\": \"/uploads/small_02zhaksyjol_jpeg_e6cdeb0275.webp\", \"hash\": \"small_02zhaksyjol_jpeg_e6cdeb0275\", \"mime\": \"image/webp\", \"name\": \"small_02zhaksyjol.jpeg.webp\", \"path\": null, \"size\": 8.74, \"width\": 376, \"height\": 500, \"sizeInBytes\": 8744}, \"medium\": {\"ext\": \".webp\", \"url\": \"/uploads/medium_02zhaksyjol_jpeg_e6cdeb0275.webp\", \"hash\": \"medium_02zhaksyjol_jpeg_e6cdeb0275\", \"mime\": \"image/webp\", \"name\": \"medium_02zhaksyjol.jpeg.webp\", \"path\": null, \"size\": 14.41, \"width\": 564, \"height\": 750, \"sizeInBytes\": 14410}, \"thumbnail\": {\"ext\": \".webp\", \"url\": \"/uploads/thumbnail_02zhaksyjol_jpeg_e6cdeb0275.webp\", \"hash\": \"thumbnail_02zhaksyjol_jpeg_e6cdeb0275\", \"mime\": \"image/webp\", \"name\": \"thumbnail_02zhaksyjol.jpeg.webp\", \"path\": null, \"size\": 1.87, \"width\": 117, \"height\": 156, \"sizeInBytes\": 1868}}','02zhaksyjol_jpeg_e6cdeb0275','.webp','image/webp',31.31,'/uploads/02zhaksyjol_jpeg_e6cdeb0275.webp',NULL,'local',NULL,'/','2026-03-12 15:59:56.618000','2026-03-12 15:59:56.618000','2026-03-12 15:59:56.619000',1,1,NULL),(13,'h4svglp60jyypbxobfol8fvi','03zarina.jpeg.webp',NULL,NULL,NULL,374,512,'{\"small\": {\"ext\": \".webp\", \"url\": \"/uploads/small_03zarina_jpeg_2a5a5c3bc0.webp\", \"hash\": \"small_03zarina_jpeg_2a5a5c3bc0\", \"mime\": \"image/webp\", \"name\": \"small_03zarina.jpeg.webp\", \"path\": null, \"size\": 6.55, \"width\": 365, \"height\": 500, \"sizeInBytes\": 6546}, \"thumbnail\": {\"ext\": \".webp\", \"url\": \"/uploads/thumbnail_03zarina_jpeg_2a5a5c3bc0.webp\", \"hash\": \"thumbnail_03zarina_jpeg_2a5a5c3bc0\", \"mime\": \"image/webp\", \"name\": \"thumbnail_03zarina.jpeg.webp\", \"path\": null, \"size\": 1.69, \"width\": 114, \"height\": 156, \"sizeInBytes\": 1692}}','03zarina_jpeg_2a5a5c3bc0','.webp','image/webp',8.07,'/uploads/03zarina_jpeg_2a5a5c3bc0.webp',NULL,'local',NULL,'/','2026-03-12 15:59:56.716000','2026-03-12 15:59:56.716000','2026-03-12 15:59:56.716000',1,1,NULL),(14,'qgf1q5dg3brv1zhiryfttian','04ahmetov.jpeg.webp',NULL,NULL,NULL,374,453,'{\"thumbnail\": {\"ext\": \".webp\", \"url\": \"/uploads/thumbnail_04ahmetov_jpeg_e7c7b13018.webp\", \"hash\": \"thumbnail_04ahmetov_jpeg_e7c7b13018\", \"mime\": \"image/webp\", \"name\": \"thumbnail_04ahmetov.jpeg.webp\", \"path\": null, \"size\": 1.83, \"width\": 129, \"height\": 156, \"sizeInBytes\": 1834}}','04ahmetov_jpeg_e7c7b13018','.webp','image/webp',7.65,'/uploads/04ahmetov_jpeg_e7c7b13018.webp',NULL,'local',NULL,'/','2026-03-12 15:59:56.829000','2026-03-12 15:59:56.829000','2026-03-12 15:59:56.829000',1,1,NULL),(15,'i83z4mcwqasecfyaw7lxjcsv','04MaratS.jpeg.webp',NULL,NULL,NULL,374,512,'{\"small\": {\"ext\": \".webp\", \"url\": \"/uploads/small_04_Marat_S_jpeg_7333554183.webp\", \"hash\": \"small_04_Marat_S_jpeg_7333554183\", \"mime\": \"image/webp\", \"name\": \"small_04MaratS.jpeg.webp\", \"path\": null, \"size\": 8.42, \"width\": 365, \"height\": 500, \"sizeInBytes\": 8422}, \"thumbnail\": {\"ext\": \".webp\", \"url\": \"/uploads/thumbnail_04_Marat_S_jpeg_7333554183.webp\", \"hash\": \"thumbnail_04_Marat_S_jpeg_7333554183\", \"mime\": \"image/webp\", \"name\": \"thumbnail_04MaratS.jpeg.webp\", \"path\": null, \"size\": 1.93, \"width\": 114, \"height\": 156, \"sizeInBytes\": 1926}}','04_Marat_S_jpeg_7333554183','.webp','image/webp',10.66,'/uploads/04_Marat_S_jpeg_7333554183.webp',NULL,'local',NULL,'/','2026-03-12 15:59:56.881000','2026-03-12 15:59:56.881000','2026-03-12 15:59:56.882000',1,1,NULL),(16,'z9cdcataezjkhf2ssb0h796m','04bigulja.jpeg.webp',NULL,NULL,NULL,374,512,'{\"small\": {\"ext\": \".webp\", \"url\": \"/uploads/small_04bigulja_jpeg_ac669bc349.webp\", \"hash\": \"small_04bigulja_jpeg_ac669bc349\", \"mime\": \"image/webp\", \"name\": \"small_04bigulja.jpeg.webp\", \"path\": null, \"size\": 6.14, \"width\": 365, \"height\": 500, \"sizeInBytes\": 6138}, \"thumbnail\": {\"ext\": \".webp\", \"url\": \"/uploads/thumbnail_04bigulja_jpeg_ac669bc349.webp\", \"hash\": \"thumbnail_04bigulja_jpeg_ac669bc349\", \"mime\": \"image/webp\", \"name\": \"thumbnail_04bigulja.jpeg.webp\", \"path\": null, \"size\": 1.6, \"width\": 114, \"height\": 156, \"sizeInBytes\": 1604}}','04bigulja_jpeg_ac669bc349','.webp','image/webp',7.48,'/uploads/04bigulja_jpeg_ac669bc349.webp',NULL,'local',NULL,'/','2026-03-12 15:59:56.953000','2026-03-12 15:59:56.953000','2026-03-12 15:59:56.953000',1,1,NULL),(17,'zl36i1xl7jihk6t0jorf4c5t','04marat.jpeg.webp',NULL,NULL,NULL,294,336,'{\"thumbnail\": {\"ext\": \".webp\", \"url\": \"/uploads/thumbnail_04marat_jpeg_533c8b2a0a.webp\", \"hash\": \"thumbnail_04marat_jpeg_533c8b2a0a\", \"mime\": \"image/webp\", \"name\": \"thumbnail_04marat.jpeg.webp\", \"path\": null, \"size\": 1.84, \"width\": 136, \"height\": 156, \"sizeInBytes\": 1838}}','04marat_jpeg_533c8b2a0a','.webp','image/webp',5.66,'/uploads/04marat_jpeg_533c8b2a0a.webp',NULL,'local',NULL,'/','2026-03-12 15:59:56.971000','2026-03-12 15:59:56.971000','2026-03-12 15:59:56.971000',1,1,NULL),(18,'qweje24ffgnz8fdho06z70sc','04nazaraliev.jpeg.webp',NULL,NULL,NULL,374,512,'{\"small\": {\"ext\": \".webp\", \"url\": \"/uploads/small_04nazaraliev_jpeg_f25421ed9d.webp\", \"hash\": \"small_04nazaraliev_jpeg_f25421ed9d\", \"mime\": \"image/webp\", \"name\": \"small_04nazaraliev.jpeg.webp\", \"path\": null, \"size\": 6.01, \"width\": 365, \"height\": 500, \"sizeInBytes\": 6014}, \"thumbnail\": {\"ext\": \".webp\", \"url\": \"/uploads/thumbnail_04nazaraliev_jpeg_f25421ed9d.webp\", \"hash\": \"thumbnail_04nazaraliev_jpeg_f25421ed9d\", \"mime\": \"image/webp\", \"name\": \"thumbnail_04nazaraliev.jpeg.webp\", \"path\": null, \"size\": 1.41, \"width\": 114, \"height\": 156, \"sizeInBytes\": 1414}}','04nazaraliev_jpeg_f25421ed9d','.webp','image/webp',7.45,'/uploads/04nazaraliev_jpeg_f25421ed9d.webp',NULL,'local',NULL,'/','2026-03-12 15:59:57.174000','2026-03-12 15:59:57.174000','2026-03-12 15:59:57.174000',1,1,NULL),(19,'vdoooopyr5civkqwzdc58i59','04sayat.jpeg.webp',NULL,NULL,NULL,374,512,'{\"small\": {\"ext\": \".webp\", \"url\": \"/uploads/small_04sayat_jpeg_d40f78f5f6.webp\", \"hash\": \"small_04sayat_jpeg_d40f78f5f6\", \"mime\": \"image/webp\", \"name\": \"small_04sayat.jpeg.webp\", \"path\": null, \"size\": 6.59, \"width\": 365, \"height\": 500, \"sizeInBytes\": 6592}, \"thumbnail\": {\"ext\": \".webp\", \"url\": \"/uploads/thumbnail_04sayat_jpeg_d40f78f5f6.webp\", \"hash\": \"thumbnail_04sayat_jpeg_d40f78f5f6\", \"mime\": \"image/webp\", \"name\": \"thumbnail_04sayat.jpeg.webp\", \"path\": null, \"size\": 1.6, \"width\": 114, \"height\": 156, \"sizeInBytes\": 1600}}','04sayat_jpeg_d40f78f5f6','.webp','image/webp',8.09,'/uploads/04sayat_jpeg_d40f78f5f6.webp',NULL,'local',NULL,'/','2026-03-12 15:59:57.175000','2026-03-12 15:59:57.175000','2026-03-12 15:59:57.176000',1,1,NULL),(20,'jnuitv8vqaykdhsu795j1936','04tursynbay.jpeg.webp',NULL,NULL,NULL,452,512,'{\"small\": {\"ext\": \".webp\", \"url\": \"/uploads/small_04tursynbay_jpeg_3605e02dd8.webp\", \"hash\": \"small_04tursynbay_jpeg_3605e02dd8\", \"mime\": \"image/webp\", \"name\": \"small_04tursynbay.jpeg.webp\", \"path\": null, \"size\": 7.59, \"width\": 441, \"height\": 500, \"sizeInBytes\": 7594}, \"thumbnail\": {\"ext\": \".webp\", \"url\": \"/uploads/thumbnail_04tursynbay_jpeg_3605e02dd8.webp\", \"hash\": \"thumbnail_04tursynbay_jpeg_3605e02dd8\", \"mime\": \"image/webp\", \"name\": \"thumbnail_04tursynbay.jpeg.webp\", \"path\": null, \"size\": 1.86, \"width\": 138, \"height\": 156, \"sizeInBytes\": 1862}}','04tursynbay_jpeg_3605e02dd8','.webp','image/webp',9.38,'/uploads/04tursynbay_jpeg_3605e02dd8.webp',NULL,'local',NULL,'/','2026-03-12 15:59:57.273000','2026-03-12 15:59:57.273000','2026-03-12 15:59:57.273000',1,1,NULL),(21,'z3ud7ru511p9qy0bf4j8y77m','04zabiev.jpeg.webp',NULL,NULL,NULL,374,512,'{\"small\": {\"ext\": \".webp\", \"url\": \"/uploads/small_04zabiev_jpeg_9386925229.webp\", \"hash\": \"small_04zabiev_jpeg_9386925229\", \"mime\": \"image/webp\", \"name\": \"small_04zabiev.jpeg.webp\", \"path\": null, \"size\": 6.52, \"width\": 365, \"height\": 500, \"sizeInBytes\": 6524}, \"thumbnail\": {\"ext\": \".webp\", \"url\": \"/uploads/thumbnail_04zabiev_jpeg_9386925229.webp\", \"hash\": \"thumbnail_04zabiev_jpeg_9386925229\", \"mime\": \"image/webp\", \"name\": \"thumbnail_04zabiev.jpeg.webp\", \"path\": null, \"size\": 1.52, \"width\": 114, \"height\": 156, \"sizeInBytes\": 1524}}','04zabiev_jpeg_9386925229','.webp','image/webp',8.28,'/uploads/04zabiev_jpeg_9386925229.webp',NULL,'local',NULL,'/','2026-03-12 15:59:57.291000','2026-03-12 15:59:57.291000','2026-03-12 15:59:57.291000',1,1,NULL),(22,'adil95g29skzauxh8h376u78','05erken.jpeg.webp',NULL,NULL,NULL,864,1184,'{\"large\": {\"ext\": \".webp\", \"url\": \"/uploads/large_05erken_jpeg_2c8dfacedc.webp\", \"hash\": \"large_05erken_jpeg_2c8dfacedc\", \"mime\": \"image/webp\", \"name\": \"large_05erken.jpeg.webp\", \"path\": null, \"size\": 17.01, \"width\": 730, \"height\": 1000, \"sizeInBytes\": 17012}, \"small\": {\"ext\": \".webp\", \"url\": \"/uploads/small_05erken_jpeg_2c8dfacedc.webp\", \"hash\": \"small_05erken_jpeg_2c8dfacedc\", \"mime\": \"image/webp\", \"name\": \"small_05erken.jpeg.webp\", \"path\": null, \"size\": 7.28, \"width\": 365, \"height\": 500, \"sizeInBytes\": 7276}, \"medium\": {\"ext\": \".webp\", \"url\": \"/uploads/medium_05erken_jpeg_2c8dfacedc.webp\", \"hash\": \"medium_05erken_jpeg_2c8dfacedc\", \"mime\": \"image/webp\", \"name\": \"medium_05erken.jpeg.webp\", \"path\": null, \"size\": 12.26, \"width\": 547, \"height\": 750, \"sizeInBytes\": 12260}, \"thumbnail\": {\"ext\": \".webp\", \"url\": \"/uploads/thumbnail_05erken_jpeg_2c8dfacedc.webp\", \"hash\": \"thumbnail_05erken_jpeg_2c8dfacedc\", \"mime\": \"image/webp\", \"name\": \"thumbnail_05erken.jpeg.webp\", \"path\": null, \"size\": 1.76, \"width\": 114, \"height\": 156, \"sizeInBytes\": 1760}}','05erken_jpeg_2c8dfacedc','.webp','image/webp',25.54,'/uploads/05erken_jpeg_2c8dfacedc.webp',NULL,'local',NULL,'/','2026-03-12 15:59:57.602000','2026-03-12 15:59:57.602000','2026-03-12 15:59:57.602000',1,1,NULL),(23,'qdetf7cpkxr1ssjar4hd2z7m','05volkov.jpeg.webp',NULL,NULL,NULL,864,1184,'{\"large\": {\"ext\": \".webp\", \"url\": \"/uploads/large_05volkov_jpeg_cd0ffdcaf0.webp\", \"hash\": \"large_05volkov_jpeg_cd0ffdcaf0\", \"mime\": \"image/webp\", \"name\": \"large_05volkov.jpeg.webp\", \"path\": null, \"size\": 18.6, \"width\": 730, \"height\": 1000, \"sizeInBytes\": 18598}, \"small\": {\"ext\": \".webp\", \"url\": \"/uploads/small_05volkov_jpeg_cd0ffdcaf0.webp\", \"hash\": \"small_05volkov_jpeg_cd0ffdcaf0\", \"mime\": \"image/webp\", \"name\": \"small_05volkov.jpeg.webp\", \"path\": null, \"size\": 7.74, \"width\": 365, \"height\": 500, \"sizeInBytes\": 7744}, \"medium\": {\"ext\": \".webp\", \"url\": \"/uploads/medium_05volkov_jpeg_cd0ffdcaf0.webp\", \"hash\": \"medium_05volkov_jpeg_cd0ffdcaf0\", \"mime\": \"image/webp\", \"name\": \"medium_05volkov.jpeg.webp\", \"path\": null, \"size\": 13.23, \"width\": 547, \"height\": 750, \"sizeInBytes\": 13234}, \"thumbnail\": {\"ext\": \".webp\", \"url\": \"/uploads/thumbnail_05volkov_jpeg_cd0ffdcaf0.webp\", \"hash\": \"thumbnail_05volkov_jpeg_cd0ffdcaf0\", \"mime\": \"image/webp\", \"name\": \"thumbnail_05volkov.jpeg.webp\", \"path\": null, \"size\": 1.7, \"width\": 114, \"height\": 156, \"sizeInBytes\": 1702}}','05volkov_jpeg_cd0ffdcaf0','.webp','image/webp',28.54,'/uploads/05volkov_jpeg_cd0ffdcaf0.webp',NULL,'local',NULL,'/','2026-03-12 15:59:57.629000','2026-03-12 15:59:57.629000','2026-03-12 15:59:57.629000',1,1,NULL),(24,'zfjty6jymo63oaxgznuf2lg8','09maulen.jpeg.webp',NULL,NULL,NULL,374,512,'{\"small\": {\"ext\": \".webp\", \"url\": \"/uploads/small_09maulen_jpeg_880c14794a.webp\", \"hash\": \"small_09maulen_jpeg_880c14794a\", \"mime\": \"image/webp\", \"name\": \"small_09maulen.jpeg.webp\", \"path\": null, \"size\": 6.42, \"width\": 365, \"height\": 500, \"sizeInBytes\": 6416}, \"thumbnail\": {\"ext\": \".webp\", \"url\": \"/uploads/thumbnail_09maulen_jpeg_880c14794a.webp\", \"hash\": \"thumbnail_09maulen_jpeg_880c14794a\", \"mime\": \"image/webp\", \"name\": \"thumbnail_09maulen.jpeg.webp\", \"path\": null, \"size\": 1.59, \"width\": 114, \"height\": 156, \"sizeInBytes\": 1590}}','09maulen_jpeg_880c14794a','.webp','image/webp',7.67,'/uploads/09maulen_jpeg_880c14794a.webp',NULL,'local',NULL,'/','2026-03-12 15:59:57.731000','2026-03-12 15:59:57.731000','2026-03-12 15:59:57.731000',1,1,NULL),(25,'j5jssp0o4wi3snboy77a9lh9','06Akhmet.jpeg.webp',NULL,NULL,NULL,832,1248,'{\"large\": {\"ext\": \".webp\", \"url\": \"/uploads/large_06_Akhmet_jpeg_83886fb13a.webp\", \"hash\": \"large_06_Akhmet_jpeg_83886fb13a\", \"mime\": \"image/webp\", \"name\": \"large_06Akhmet.jpeg.webp\", \"path\": null, \"size\": 14.59, \"width\": 667, \"height\": 1000, \"sizeInBytes\": 14588}, \"small\": {\"ext\": \".webp\", \"url\": \"/uploads/small_06_Akhmet_jpeg_83886fb13a.webp\", \"hash\": \"small_06_Akhmet_jpeg_83886fb13a\", \"mime\": \"image/webp\", \"name\": \"small_06Akhmet.jpeg.webp\", \"path\": null, \"size\": 6.65, \"width\": 333, \"height\": 500, \"sizeInBytes\": 6648}, \"medium\": {\"ext\": \".webp\", \"url\": \"/uploads/medium_06_Akhmet_jpeg_83886fb13a.webp\", \"hash\": \"medium_06_Akhmet_jpeg_83886fb13a\", \"mime\": \"image/webp\", \"name\": \"medium_06Akhmet.jpeg.webp\", \"path\": null, \"size\": 10.57, \"width\": 500, \"height\": 750, \"sizeInBytes\": 10570}, \"thumbnail\": {\"ext\": \".webp\", \"url\": \"/uploads/thumbnail_06_Akhmet_jpeg_83886fb13a.webp\", \"hash\": \"thumbnail_06_Akhmet_jpeg_83886fb13a\", \"mime\": \"image/webp\", \"name\": \"thumbnail_06Akhmet.jpeg.webp\", \"path\": null, \"size\": 1.66, \"width\": 104, \"height\": 156, \"sizeInBytes\": 1662}}','06_Akhmet_jpeg_83886fb13a','.webp','image/webp',22.10,'/uploads/06_Akhmet_jpeg_83886fb13a.webp',NULL,'local',NULL,'/','2026-03-12 15:59:57.929000','2026-03-12 15:59:57.929000','2026-03-12 15:59:57.930000',1,1,NULL),(26,'dvk4dkrxux1nsutp5zpy5hue','07Gani.jpeg.webp',NULL,NULL,NULL,864,1184,'{\"large\": {\"ext\": \".webp\", \"url\": \"/uploads/large_07_Gani_jpeg_a1b9705e7d.webp\", \"hash\": \"large_07_Gani_jpeg_a1b9705e7d\", \"mime\": \"image/webp\", \"name\": \"large_07Gani.jpeg.webp\", \"path\": null, \"size\": 15.62, \"width\": 730, \"height\": 1000, \"sizeInBytes\": 15620}, \"small\": {\"ext\": \".webp\", \"url\": \"/uploads/small_07_Gani_jpeg_a1b9705e7d.webp\", \"hash\": \"small_07_Gani_jpeg_a1b9705e7d\", \"mime\": \"image/webp\", \"name\": \"small_07Gani.jpeg.webp\", \"path\": null, \"size\": 6.49, \"width\": 365, \"height\": 500, \"sizeInBytes\": 6492}, \"medium\": {\"ext\": \".webp\", \"url\": \"/uploads/medium_07_Gani_jpeg_a1b9705e7d.webp\", \"hash\": \"medium_07_Gani_jpeg_a1b9705e7d\", \"mime\": \"image/webp\", \"name\": \"medium_07Gani.jpeg.webp\", \"path\": null, \"size\": 11.22, \"width\": 547, \"height\": 750, \"sizeInBytes\": 11216}, \"thumbnail\": {\"ext\": \".webp\", \"url\": \"/uploads/thumbnail_07_Gani_jpeg_a1b9705e7d.webp\", \"hash\": \"thumbnail_07_Gani_jpeg_a1b9705e7d\", \"mime\": \"image/webp\", \"name\": \"thumbnail_07Gani.jpeg.webp\", \"path\": null, \"size\": 1.52, \"width\": 114, \"height\": 156, \"sizeInBytes\": 1524}}','07_Gani_jpeg_a1b9705e7d','.webp','image/webp',25.17,'/uploads/07_Gani_jpeg_a1b9705e7d.webp',NULL,'local',NULL,'/','2026-03-12 15:59:57.939000','2026-03-12 15:59:57.939000','2026-03-12 15:59:57.939000',1,1,NULL),(27,'b4p4id8g8my37c6pw9sg6toa','08artem.jpeg.webp',NULL,NULL,NULL,856,1280,'{\"large\": {\"ext\": \".webp\", \"url\": \"/uploads/large_08artem_jpeg_2db9f7dafd.webp\", \"hash\": \"large_08artem_jpeg_2db9f7dafd\", \"mime\": \"image/webp\", \"name\": \"large_08artem.jpeg.webp\", \"path\": null, \"size\": 17.58, \"width\": 669, \"height\": 1000, \"sizeInBytes\": 17578}, \"small\": {\"ext\": \".webp\", \"url\": \"/uploads/small_08artem_jpeg_2db9f7dafd.webp\", \"hash\": \"small_08artem_jpeg_2db9f7dafd\", \"mime\": \"image/webp\", \"name\": \"small_08artem.jpeg.webp\", \"path\": null, \"size\": 7.9, \"width\": 334, \"height\": 500, \"sizeInBytes\": 7902}, \"medium\": {\"ext\": \".webp\", \"url\": \"/uploads/medium_08artem_jpeg_2db9f7dafd.webp\", \"hash\": \"medium_08artem_jpeg_2db9f7dafd\", \"mime\": \"image/webp\", \"name\": \"medium_08artem.jpeg.webp\", \"path\": null, \"size\": 12.72, \"width\": 502, \"height\": 750, \"sizeInBytes\": 12724}, \"thumbnail\": {\"ext\": \".webp\", \"url\": \"/uploads/thumbnail_08artem_jpeg_2db9f7dafd.webp\", \"hash\": \"thumbnail_08artem_jpeg_2db9f7dafd\", \"mime\": \"image/webp\", \"name\": \"thumbnail_08artem.jpeg.webp\", \"path\": null, \"size\": 1.84, \"width\": 104, \"height\": 156, \"sizeInBytes\": 1838}}','08artem_jpeg_2db9f7dafd','.webp','image/webp',27.72,'/uploads/08artem_jpeg_2db9f7dafd.webp',NULL,'local',NULL,'/','2026-03-12 15:59:57.968000','2026-03-12 15:59:57.968000','2026-03-12 15:59:57.968000',1,1,NULL),(28,'jasdwmf7jq7id48xcpnz8gnx','01nurbolat.jpeg.webp',NULL,NULL,NULL,1024,1024,'{\"large\": {\"ext\": \".webp\", \"url\": \"/uploads/large_01nurbolat_jpeg_6ac0cf7e43.webp\", \"hash\": \"large_01nurbolat_jpeg_6ac0cf7e43\", \"mime\": \"image/webp\", \"name\": \"large_01nurbolat.jpeg.webp\", \"path\": null, \"size\": 22.21, \"width\": 1000, \"height\": 1000, \"sizeInBytes\": 22214}, \"small\": {\"ext\": \".webp\", \"url\": \"/uploads/small_01nurbolat_jpeg_6ac0cf7e43.webp\", \"hash\": \"small_01nurbolat_jpeg_6ac0cf7e43\", \"mime\": \"image/webp\", \"name\": \"small_01nurbolat.jpeg.webp\", \"path\": null, \"size\": 9.58, \"width\": 500, \"height\": 500, \"sizeInBytes\": 9576}, \"medium\": {\"ext\": \".webp\", \"url\": \"/uploads/medium_01nurbolat_jpeg_6ac0cf7e43.webp\", \"hash\": \"medium_01nurbolat_jpeg_6ac0cf7e43\", \"mime\": \"image/webp\", \"name\": \"medium_01nurbolat.jpeg.webp\", \"path\": null, \"size\": 15.95, \"width\": 750, \"height\": 750, \"sizeInBytes\": 15946}, \"thumbnail\": {\"ext\": \".webp\", \"url\": \"/uploads/thumbnail_01nurbolat_jpeg_6ac0cf7e43.webp\", \"hash\": \"thumbnail_01nurbolat_jpeg_6ac0cf7e43\", \"mime\": \"image/webp\", \"name\": \"thumbnail_01nurbolat.jpeg.webp\", \"path\": null, \"size\": 2.1, \"width\": 156, \"height\": 156, \"sizeInBytes\": 2102}}','01nurbolat_jpeg_6ac0cf7e43','.webp','image/webp',26.75,'/uploads/01nurbolat_jpeg_6ac0cf7e43.webp',NULL,'local',NULL,'/','2026-03-12 15:59:58.264000','2026-03-12 15:59:58.264000','2026-03-12 15:59:58.264000',1,1,NULL),(29,'pqo0ujarp5rkqxp0hyth06i7','01Абейбеков Нуржан Ешмухаметович — ауыр атлетикадан Қазақстан Республикасына еңбек сіңірген жаттықтырушы.jpeg.webp',NULL,NULL,NULL,864,1184,'{\"large\": {\"ext\": \".webp\", \"url\": \"/uploads/large_01_Abejbekov_Nurzhan_Eshmuhametovich_auyr_atletikadan_aza_stan_Respublikasyna_e_bek_si_irgen_zhatty_tyrushy_jpeg_73c2832a6a.webp\", \"hash\": \"large_01_Abejbekov_Nurzhan_Eshmuhametovich_auyr_atletikadan_aza_stan_Respublikasyna_e_bek_si_irgen_zhatty_tyrushy_jpeg_73c2832a6a\", \"mime\": \"image/webp\", \"name\": \"large_01Абейбеков Нуржан Ешмухаметович — ауыр атлетикадан Қазақстан Республикасына еңбек сіңірген жаттықтырушы.jpeg.webp\", \"path\": null, \"size\": 18.2, \"width\": 730, \"height\": 1000, \"sizeInBytes\": 18200}, \"small\": {\"ext\": \".webp\", \"url\": \"/uploads/small_01_Abejbekov_Nurzhan_Eshmuhametovich_auyr_atletikadan_aza_stan_Respublikasyna_e_bek_si_irgen_zhatty_tyrushy_jpeg_73c2832a6a.webp\", \"hash\": \"small_01_Abejbekov_Nurzhan_Eshmuhametovich_auyr_atletikadan_aza_stan_Respublikasyna_e_bek_si_irgen_zhatty_tyrushy_jpeg_73c2832a6a\", \"mime\": \"image/webp\", \"name\": \"small_01Абейбеков Нуржан Ешмухаметович — ауыр атлетикадан Қазақстан Республикасына еңбек сіңірген жаттықтырушы.jpeg.webp\", \"path\": null, \"size\": 8.02, \"width\": 365, \"height\": 500, \"sizeInBytes\": 8020}, \"medium\": {\"ext\": \".webp\", \"url\": \"/uploads/medium_01_Abejbekov_Nurzhan_Eshmuhametovich_auyr_atletikadan_aza_stan_Respublikasyna_e_bek_si_irgen_zhatty_tyrushy_jpeg_73c2832a6a.webp\", \"hash\": \"medium_01_Abejbekov_Nurzhan_Eshmuhametovich_auyr_atletikadan_aza_stan_Respublikasyna_e_bek_si_irgen_zhatty_tyrushy_jpeg_73c2832a6a\", \"mime\": \"image/webp\", \"name\": \"medium_01Абейбеков Нуржан Ешмухаметович — ауыр атлетикадан Қазақстан Республикасына еңбек сіңірген жаттықтырушы.jpeg.webp\", \"path\": null, \"size\": 13.38, \"width\": 547, \"height\": 750, \"sizeInBytes\": 13380}, \"thumbnail\": {\"ext\": \".webp\", \"url\": \"/uploads/thumbnail_01_Abejbekov_Nurzhan_Eshmuhametovich_auyr_atletikadan_aza_stan_Respublikasyna_e_bek_si_irgen_zhatty_tyrushy_jpeg_73c2832a6a.webp\", \"hash\": \"thumbnail_01_Abejbekov_Nurzhan_Eshmuhametovich_auyr_atletikadan_aza_stan_Respublikasyna_e_bek_si_irgen_zhatty_tyrushy_jpeg_73c2832a6a\", \"mime\": \"image/webp\", \"name\": \"thumbnail_01Абейбеков Нуржан Ешмухаметович — ауыр атлетикадан Қазақстан Республикасына еңбек сіңірген жаттықтырушы.jpeg.webp\", \"path\": null, \"size\": 1.8, \"width\": 114, \"height\": 156, \"sizeInBytes\": 1804}}','01_Abejbekov_Nurzhan_Eshmuhametovich_auyr_atletikadan_aza_stan_Respublikasyna_e_bek_si_irgen_zhatty_tyrushy_jpeg_73c2832a6a','.webp','image/webp',25.73,'/uploads/01_Abejbekov_Nurzhan_Eshmuhametovich_auyr_atletikadan_aza_stan_Respublikasyna_e_bek_si_irgen_zhatty_tyrushy_jpeg_73c2832a6a.webp',NULL,'local',NULL,'/','2026-03-12 15:59:58.311000','2026-03-12 15:59:58.311000','2026-03-12 15:59:58.311000',1,1,NULL),(30,'ldbs7tx32427vfasc4xgpnwq','02erbol.jpeg.webp',NULL,NULL,NULL,398,512,'{\"small\": {\"ext\": \".webp\", \"url\": \"/uploads/small_02erbol_jpeg_5a632fc21f.webp\", \"hash\": \"small_02erbol_jpeg_5a632fc21f\", \"mime\": \"image/webp\", \"name\": \"small_02erbol.jpeg.webp\", \"path\": null, \"size\": 7.05, \"width\": 389, \"height\": 500, \"sizeInBytes\": 7050}, \"thumbnail\": {\"ext\": \".webp\", \"url\": \"/uploads/thumbnail_02erbol_jpeg_5a632fc21f.webp\", \"hash\": \"thumbnail_02erbol_jpeg_5a632fc21f\", \"mime\": \"image/webp\", \"name\": \"thumbnail_02erbol.jpeg.webp\", \"path\": null, \"size\": 1.7, \"width\": 121, \"height\": 156, \"sizeInBytes\": 1702}}','02erbol_jpeg_5a632fc21f','.webp','image/webp',8.52,'/uploads/02erbol_jpeg_5a632fc21f.webp',NULL,'local',NULL,'/','2026-03-12 15:59:58.340000','2026-03-12 15:59:58.340000','2026-03-12 15:59:58.340000',1,1,NULL),(31,'nstjjctmbjdpvxml0etka9yf','02asylbek.jpeg.webp',NULL,NULL,NULL,896,1152,'{\"large\": {\"ext\": \".webp\", \"url\": \"/uploads/large_02asylbek_jpeg_7cc56347fc.webp\", \"hash\": \"large_02asylbek_jpeg_7cc56347fc\", \"mime\": \"image/webp\", \"name\": \"large_02asylbek.jpeg.webp\", \"path\": null, \"size\": 20.89, \"width\": 778, \"height\": 1000, \"sizeInBytes\": 20890}, \"small\": {\"ext\": \".webp\", \"url\": \"/uploads/small_02asylbek_jpeg_7cc56347fc.webp\", \"hash\": \"small_02asylbek_jpeg_7cc56347fc\", \"mime\": \"image/webp\", \"name\": \"small_02asylbek.jpeg.webp\", \"path\": null, \"size\": 8.91, \"width\": 389, \"height\": 500, \"sizeInBytes\": 8910}, \"medium\": {\"ext\": \".webp\", \"url\": \"/uploads/medium_02asylbek_jpeg_7cc56347fc.webp\", \"hash\": \"medium_02asylbek_jpeg_7cc56347fc\", \"mime\": \"image/webp\", \"name\": \"medium_02asylbek.jpeg.webp\", \"path\": null, \"size\": 14.94, \"width\": 583, \"height\": 750, \"sizeInBytes\": 14936}, \"thumbnail\": {\"ext\": \".webp\", \"url\": \"/uploads/thumbnail_02asylbek_jpeg_7cc56347fc.webp\", \"hash\": \"thumbnail_02asylbek_jpeg_7cc56347fc\", \"mime\": \"image/webp\", \"name\": \"thumbnail_02asylbek.jpeg.webp\", \"path\": null, \"size\": 2.06, \"width\": 121, \"height\": 156, \"sizeInBytes\": 2062}}','02asylbek_jpeg_7cc56347fc','.webp','image/webp',29.19,'/uploads/02asylbek_jpeg_7cc56347fc.webp',NULL,'local',NULL,'/','2026-03-12 15:59:58.355000','2026-03-12 15:59:58.355000','2026-03-12 15:59:58.355000',1,1,NULL),(32,'bo2hrcps555h6el6v7aw3cdy','OJSWM.png',NULL,NULL,NULL,500,500,'{\"thumbnail\": {\"ext\": \".png\", \"url\": \"/uploads/thumbnail_OJSWM_531f1dda40.png\", \"hash\": \"thumbnail_OJSWM_531f1dda40\", \"mime\": \"image/png\", \"name\": \"thumbnail_OJSWM.png\", \"path\": null, \"size\": 21.24, \"width\": 156, \"height\": 156, \"sizeInBytes\": 21235}}','OJSWM_531f1dda40','.png','image/png',51.13,'/uploads/OJSWM_531f1dda40.png',NULL,'local',NULL,'/','2026-03-13 11:22:14.658000','2026-03-13 11:22:14.658000','2026-03-13 11:22:14.658000',1,1,NULL),(33,'g8gcpi8fnt699u1w828c9mcl','back.mp4',NULL,NULL,NULL,NULL,NULL,NULL,'back_f6c04844e8','.mp4','video/mp4',5096.94,'/uploads/back_f6c04844e8.mp4',NULL,'local',NULL,'/','2026-03-13 11:52:41.212000','2026-03-17 10:26:14.188000','2026-03-13 11:52:41.212000',1,1,NULL),(34,'ml321ywxjzwt49z5yv1qz5mu','OJSWM.png',NULL,NULL,NULL,500,500,'{\"thumbnail\": {\"ext\": \".png\", \"url\": \"/uploads/thumbnail_OJSWM_8f2de4aba6.png\", \"hash\": \"thumbnail_OJSWM_8f2de4aba6\", \"mime\": \"image/png\", \"name\": \"thumbnail_OJSWM.png\", \"path\": null, \"size\": 21.24, \"width\": 156, \"height\": 156, \"sizeInBytes\": 21235}}','OJSWM_8f2de4aba6','.png','image/png',51.13,'/uploads/OJSWM_8f2de4aba6.png',NULL,'local',NULL,'/','2026-03-16 09:38:56.615000','2026-03-16 09:38:56.615000','2026-03-16 09:38:56.616000',1,1,NULL),(35,'vqhrl9xrevrwn4dqo8fedw3k','oblsport.png',NULL,NULL,NULL,500,500,'{\"thumbnail\": {\"ext\": \".png\", \"url\": \"/uploads/thumbnail_oblsport_e857fbaeb0.png\", \"hash\": \"thumbnail_oblsport_e857fbaeb0\", \"mime\": \"image/png\", \"name\": \"thumbnail_oblsport.png\", \"path\": null, \"size\": 51.56, \"width\": 156, \"height\": 156, \"sizeInBytes\": 51562}}','oblsport_e857fbaeb0','.png','image/png',132.48,'/uploads/oblsport_e857fbaeb0.png',NULL,'local',NULL,'/','2026-03-16 09:38:56.786000','2026-03-16 09:38:56.786000','2026-03-16 09:38:56.786000',1,1,NULL),(36,'ulut59azdfb5jotuqqln5gju','obl.png',NULL,NULL,NULL,500,500,'{\"thumbnail\": {\"ext\": \".png\", \"url\": \"/uploads/thumbnail_obl_5789b9ee22.png\", \"hash\": \"thumbnail_obl_5789b9ee22\", \"mime\": \"image/png\", \"name\": \"thumbnail_obl.png\", \"path\": null, \"size\": 57.88, \"width\": 156, \"height\": 156, \"sizeInBytes\": 57876}}','obl_5789b9ee22','.png','image/png',136.56,'/uploads/obl_5789b9ee22.png',NULL,'local',NULL,'/','2026-03-16 09:38:57.158000','2026-03-16 09:38:57.158000','2026-03-16 09:38:57.158000',1,1,NULL);
/*!40000 ALTER TABLE `files` ENABLE KEYS */;
UNLOCK TABLES;

--
-- Table structure for table `files_folder_lnk`
--

DROP TABLE IF EXISTS `files_folder_lnk`;
/*!40101 SET @saved_cs_client     = @@character_set_client */;
/*!50503 SET character_set_client = utf8mb4 */;
CREATE TABLE `files_folder_lnk` (
  `id` int unsigned NOT NULL AUTO_INCREMENT,
  `file_id` int unsigned DEFAULT NULL,
  `folder_id` int unsigned DEFAULT NULL,
  `file_ord` double unsigned DEFAULT NULL,
  PRIMARY KEY (`id`),
  UNIQUE KEY `files_folder_lnk_uq` (`file_id`,`folder_id`),
  KEY `files_folder_lnk_fk` (`file_id`),
  KEY `files_folder_lnk_ifk` (`folder_id`),
  KEY `files_folder_lnk_oifk` (`file_ord`),
  CONSTRAINT `files_folder_lnk_fk` FOREIGN KEY (`file_id`) REFERENCES `files` (`id`) ON DELETE CASCADE,
  CONSTRAINT `files_folder_lnk_ifk` FOREIGN KEY (`folder_id`) REFERENCES `upload_folders` (`id`) ON DELETE CASCADE
) ENGINE=InnoDB DEFAULT CHARSET=utf8mb4 COLLATE=utf8mb4_0900_ai_ci;
/*!40101 SET character_set_client = @saved_cs_client */;

--
-- Dumping data for table `files_folder_lnk`
--

LOCK TABLES `files_folder_lnk` WRITE;
/*!40000 ALTER TABLE `files_folder_lnk` DISABLE KEYS */;
/*!40000 ALTER TABLE `files_folder_lnk` ENABLE KEYS */;
UNLOCK TABLES;

--
-- Table structure for table `files_related_mph`
--

DROP TABLE IF EXISTS `files_related_mph`;
/*!40101 SET @saved_cs_client     = @@character_set_client */;
/*!50503 SET character_set_client = utf8mb4 */;
CREATE TABLE `files_related_mph` (
  `id` int unsigned NOT NULL AUTO_INCREMENT,
  `file_id` int unsigned DEFAULT NULL,
  `related_id` int unsigned DEFAULT NULL,
  `related_type` varchar(255) DEFAULT NULL,
  `field` varchar(255) DEFAULT NULL,
  `order` double unsigned DEFAULT NULL,
  PRIMARY KEY (`id`),
  KEY `files_related_mph_fk` (`file_id`),
  KEY `files_related_mph_oidx` (`order`),
  KEY `files_related_mph_idix` (`related_id`),
  CONSTRAINT `files_related_mph_fk` FOREIGN KEY (`file_id`) REFERENCES `files` (`id`) ON DELETE CASCADE
) ENGINE=InnoDB AUTO_INCREMENT=28 DEFAULT CHARSET=utf8mb4 COLLATE=utf8mb4_0900_ai_ci;
/*!40101 SET character_set_client = @saved_cs_client */;

--
-- Dumping data for table `files_related_mph`
--

LOCK TABLES `files_related_mph` WRITE;
/*!40000 ALTER TABLE `files_related_mph` DISABLE KEYS */;
INSERT INTO `files_related_mph` VALUES (8,33,1,'api::header.header','BackVideo',1),(10,33,2,'api::header.header','BackVideo',1),(13,10,1,'api::coach.coach','avatar',1),(14,10,6,'api::coach.coach','avatar',1),(16,31,3,'api::coach.coach','avatar',1),(17,31,7,'api::coach.coach','avatar',1),(18,32,1,'api::header.header','LogoHeader',1),(19,34,1,'api::header.header','FooterLogos',1),(20,35,1,'api::header.header','FooterLogos',2),(21,36,1,'api::header.header','FooterLogos',3),(22,32,3,'api::header.header','LogoHeader',1),(23,34,3,'api::header.header','FooterLogos',1),(24,35,3,'api::header.header','FooterLogos',2),(25,36,3,'api::header.header','FooterLogos',3),(26,33,1,'api::home.home','BackVid',1),(27,33,3,'api::home.home','BackVid',1);
/*!40000 ALTER TABLE `files_related_mph` ENABLE KEYS */;
UNLOCK TABLES;

--
-- Table structure for table `headers`
--

DROP TABLE IF EXISTS `headers`;
/*!40101 SET @saved_cs_client     = @@character_set_client */;
/*!50503 SET character_set_client = utf8mb4 */;
CREATE TABLE `headers` (
  `id` int unsigned NOT NULL AUTO_INCREMENT,
  `document_id` varchar(255) DEFAULT NULL,
  `title` varchar(255) DEFAULT NULL,
  `login_btn` varchar(255) DEFAULT NULL,
  `footer_title` varchar(255) DEFAULT NULL,
  `footer_addr` varchar(255) DEFAULT NULL,
  `phone_number` varchar(255) DEFAULT NULL,
  `created_at` datetime(6) DEFAULT NULL,
  `updated_at` datetime(6) DEFAULT NULL,
  `published_at` datetime(6) DEFAULT NULL,
  `created_by_id` int unsigned DEFAULT NULL,
  `updated_by_id` int unsigned DEFAULT NULL,
  `locale` varchar(255) DEFAULT NULL,
  PRIMARY KEY (`id`),
  KEY `headers_documents_idx` (`document_id`,`locale`,`published_at`),
  KEY `headers_created_by_id_fk` (`created_by_id`),
  KEY `headers_updated_by_id_fk` (`updated_by_id`),
  CONSTRAINT `headers_created_by_id_fk` FOREIGN KEY (`created_by_id`) REFERENCES `admin_users` (`id`) ON DELETE SET NULL,
  CONSTRAINT `headers_updated_by_id_fk` FOREIGN KEY (`updated_by_id`) REFERENCES `admin_users` (`id`) ON DELETE SET NULL
) ENGINE=InnoDB AUTO_INCREMENT=4 DEFAULT CHARSET=utf8mb4 COLLATE=utf8mb4_0900_ai_ci;
/*!40101 SET character_set_client = @saved_cs_client */;

--
-- Dumping data for table `headers`
--

LOCK TABLES `headers` WRITE;
/*!40000 ALTER TABLE `headers` DISABLE KEYS */;
INSERT INTO `headers` VALUES (1,'zl5r2fiyusx1inqnulc5jp9y',NULL,'Login','RSOHSM','4B Bolashak Microdistrict, Taldykorgan','+77775595555','2026-03-13 11:52:44.395000','2026-03-16 09:40:21.215000',NULL,1,1,'en'),(3,'zl5r2fiyusx1inqnulc5jp9y',NULL,'Login','RSOHSM','4B Bolashak Microdistrict, Taldykorgan','+77775595555','2026-03-13 11:52:44.395000','2026-03-16 09:40:21.215000','2026-03-16 09:40:21.295000',1,1,'en');
/*!40000 ALTER TABLE `headers` ENABLE KEYS */;
UNLOCK TABLES;

--
-- Table structure for table `headers_cmps`
--

DROP TABLE IF EXISTS `headers_cmps`;
/*!40101 SET @saved_cs_client     = @@character_set_client */;
/*!50503 SET character_set_client = utf8mb4 */;
CREATE TABLE `headers_cmps` (
  `id` int unsigned NOT NULL AUTO_INCREMENT,
  `entity_id` int unsigned DEFAULT NULL,
  `cmp_id` int unsigned DEFAULT NULL,
  `component_type` varchar(255) DEFAULT NULL,
  `field` varchar(255) DEFAULT NULL,
  `order` double unsigned DEFAULT NULL,
  PRIMARY KEY (`id`),
  UNIQUE KEY `headers_uq` (`entity_id`,`cmp_id`,`field`,`component_type`),
  KEY `headers_field_idx` (`field`),
  KEY `headers_component_type_idx` (`component_type`),
  KEY `headers_entity_fk` (`entity_id`),
  CONSTRAINT `headers_entity_fk` FOREIGN KEY (`entity_id`) REFERENCES `headers` (`id`) ON DELETE CASCADE
) ENGINE=InnoDB AUTO_INCREMENT=13 DEFAULT CHARSET=utf8mb4 COLLATE=utf8mb4_0900_ai_ci;
/*!40101 SET character_set_client = @saved_cs_client */;

--
-- Dumping data for table `headers_cmps`
--

LOCK TABLES `headers_cmps` WRITE;
/*!40000 ALTER TABLE `headers_cmps` DISABLE KEYS */;
INSERT INTO `headers_cmps` VALUES (1,1,1,'lang-switch.navlink','LangSwitch',1),(2,1,2,'lang-switch.navlink','LangSwitch',2),(3,1,3,'lang-switch.navlink','LangSwitch',3),(10,3,22,'lang-switch.navlink','LangSwitch',1),(11,3,23,'lang-switch.navlink','LangSwitch',2),(12,3,24,'lang-switch.navlink','LangSwitch',3);
/*!40000 ALTER TABLE `headers_cmps` ENABLE KEYS */;
UNLOCK TABLES;

--
-- Table structure for table `homes`
--

DROP TABLE IF EXISTS `homes`;
/*!40101 SET @saved_cs_client     = @@character_set_client */;
/*!50503 SET character_set_client = utf8mb4 */;
CREATE TABLE `homes` (
  `id` int unsigned NOT NULL AUTO_INCREMENT,
  `document_id` varchar(255) DEFAULT NULL,
  `hero_title` varchar(255) DEFAULT NULL,
  `hero_desc` varchar(255) DEFAULT NULL,
  `achivments` varchar(255) DEFAULT NULL,
  `medals` varchar(255) DEFAULT NULL,
  `sportsmens` varchar(255) DEFAULT NULL,
  `scolarship` varchar(255) DEFAULT NULL,
  `our_pride` varchar(255) DEFAULT NULL,
  `btn_coach` varchar(255) DEFAULT NULL,
  `btn_ath` varchar(255) DEFAULT NULL,
  `created_at` datetime(6) DEFAULT NULL,
  `updated_at` datetime(6) DEFAULT NULL,
  `published_at` datetime(6) DEFAULT NULL,
  `created_by_id` int unsigned DEFAULT NULL,
  `updated_by_id` int unsigned DEFAULT NULL,
  `locale` varchar(255) DEFAULT NULL,
  PRIMARY KEY (`id`),
  KEY `homes_documents_idx` (`document_id`,`locale`,`published_at`),
  KEY `homes_created_by_id_fk` (`created_by_id`),
  KEY `homes_updated_by_id_fk` (`updated_by_id`),
  CONSTRAINT `homes_created_by_id_fk` FOREIGN KEY (`created_by_id`) REFERENCES `admin_users` (`id`) ON DELETE SET NULL,
  CONSTRAINT `homes_updated_by_id_fk` FOREIGN KEY (`updated_by_id`) REFERENCES `admin_users` (`id`) ON DELETE SET NULL
) ENGINE=InnoDB AUTO_INCREMENT=4 DEFAULT CHARSET=utf8mb4 COLLATE=utf8mb4_0900_ai_ci;
/*!40101 SET character_set_client = @saved_cs_client */;

--
-- Dumping data for table `homes`
--

LOCK TABLES `homes` WRITE;
/*!40000 ALTER TABLE `homes` DISABLE KEYS */;
INSERT INTO `homes` VALUES (1,'cxwkg1yal1u2f92lczky5hva','FUTURE OLYMPIC CHAMPIONS CENTER','Conquer heights with us!','Our achievements','Our best','Athletes','Scholarship holders','Our Pride','Coaches','Athletes','2026-03-13 11:20:59.598000','2026-03-17 10:26:22.389000',NULL,1,1,'en'),(3,'cxwkg1yal1u2f92lczky5hva','FUTURE OLYMPIC CHAMPIONS CENTER','Conquer heights with us!','Our achievements','Our best','Athletes','Scholarship holders','Our Pride','Coaches','Athletes','2026-03-13 11:20:59.598000','2026-03-17 10:26:22.389000','2026-03-17 10:26:22.424000',1,1,'en');
/*!40000 ALTER TABLE `homes` ENABLE KEYS */;
UNLOCK TABLES;

--
-- Table structure for table `i18n_locale`
--

DROP TABLE IF EXISTS `i18n_locale`;
/*!40101 SET @saved_cs_client     = @@character_set_client */;
/*!50503 SET character_set_client = utf8mb4 */;
CREATE TABLE `i18n_locale` (
  `id` int unsigned NOT NULL AUTO_INCREMENT,
  `document_id` varchar(255) DEFAULT NULL,
  `name` varchar(255) DEFAULT NULL,
  `code` varchar(255) DEFAULT NULL,
  `created_at` datetime(6) DEFAULT NULL,
  `updated_at` datetime(6) DEFAULT NULL,
  `published_at` datetime(6) DEFAULT NULL,
  `created_by_id` int unsigned DEFAULT NULL,
  `updated_by_id` int unsigned DEFAULT NULL,
  `locale` varchar(255) DEFAULT NULL,
  PRIMARY KEY (`id`),
  KEY `i18n_locale_documents_idx` (`document_id`,`locale`,`published_at`),
  KEY `i18n_locale_created_by_id_fk` (`created_by_id`),
  KEY `i18n_locale_updated_by_id_fk` (`updated_by_id`),
  CONSTRAINT `i18n_locale_created_by_id_fk` FOREIGN KEY (`created_by_id`) REFERENCES `admin_users` (`id`) ON DELETE SET NULL,
  CONSTRAINT `i18n_locale_updated_by_id_fk` FOREIGN KEY (`updated_by_id`) REFERENCES `admin_users` (`id`) ON DELETE SET NULL
) ENGINE=InnoDB AUTO_INCREMENT=4 DEFAULT CHARSET=utf8mb4 COLLATE=utf8mb4_0900_ai_ci;
/*!40101 SET character_set_client = @saved_cs_client */;

--
-- Dumping data for table `i18n_locale`
--

LOCK TABLES `i18n_locale` WRITE;
/*!40000 ALTER TABLE `i18n_locale` DISABLE KEYS */;
INSERT INTO `i18n_locale` VALUES (1,'ot7gbxce13dclk56w2wq60kh','English (en)','en','2026-03-12 14:49:25.625000','2026-03-12 14:49:25.625000','2026-03-12 14:49:25.627000',NULL,NULL,NULL),(2,'srbnuai0akoofy6g321ccjlm','Russian (ru)','ru','2026-03-17 14:28:44.764000','2026-03-17 14:28:44.764000','2026-03-17 14:28:44.765000',1,1,NULL),(3,'byeu18cox2svyj406lfnft85','Kazakh (Cyrillic, Kazakhstan) (kk-Cyrl-KZ)','kk-Cyrl-KZ','2026-03-17 14:28:55.383000','2026-03-17 14:28:55.383000','2026-03-17 14:28:55.383000',1,1,NULL);
/*!40000 ALTER TABLE `i18n_locale` ENABLE KEYS */;
UNLOCK TABLES;

--
-- Table structure for table `logins`
--

DROP TABLE IF EXISTS `logins`;
/*!40101 SET @saved_cs_client     = @@character_set_client */;
/*!50503 SET character_set_client = utf8mb4 */;
CREATE TABLE `logins` (
  `id` int unsigned NOT NULL AUTO_INCREMENT,
  `document_id` varchar(255) DEFAULT NULL,
  `username` varchar(255) DEFAULT NULL,
  `password` varchar(255) DEFAULT NULL,
  `login_btn` varchar(255) DEFAULT NULL,
  `created_at` datetime(6) DEFAULT NULL,
  `updated_at` datetime(6) DEFAULT NULL,
  `published_at` datetime(6) DEFAULT NULL,
  `created_by_id` int unsigned DEFAULT NULL,
  `updated_by_id` int unsigned DEFAULT NULL,
  `locale` varchar(255) DEFAULT NULL,
  `back_to_site` varchar(255) DEFAULT NULL,
  `title` varchar(255) DEFAULT NULL,
  PRIMARY KEY (`id`),
  KEY `logins_documents_idx` (`document_id`,`locale`,`published_at`),
  KEY `logins_created_by_id_fk` (`created_by_id`),
  KEY `logins_updated_by_id_fk` (`updated_by_id`),
  CONSTRAINT `logins_created_by_id_fk` FOREIGN KEY (`created_by_id`) REFERENCES `admin_users` (`id`) ON DELETE SET NULL,
  CONSTRAINT `logins_updated_by_id_fk` FOREIGN KEY (`updated_by_id`) REFERENCES `admin_users` (`id`) ON DELETE SET NULL
) ENGINE=InnoDB AUTO_INCREMENT=6 DEFAULT CHARSET=utf8mb4 COLLATE=utf8mb4_0900_ai_ci;
/*!40101 SET character_set_client = @saved_cs_client */;

--
-- Dumping data for table `logins`
--

LOCK TABLES `logins` WRITE;
/*!40000 ALTER TABLE `logins` DISABLE KEYS */;
INSERT INTO `logins` VALUES (1,'o64kmtrflh96ojo9a3o1674a','Enter a username','Enter a password','Login','2026-03-13 15:03:46.921000','2026-03-13 17:44:08.699000',NULL,1,1,'en','← Back to site','Login'),(5,'o64kmtrflh96ojo9a3o1674a','Enter a username','Enter a password','Login','2026-03-13 15:03:46.921000','2026-03-13 17:44:08.699000','2026-03-13 17:44:08.749000',1,1,'en','← Back to site','Login');
/*!40000 ALTER TABLE `logins` ENABLE KEYS */;
UNLOCK TABLES;

--
-- Table structure for table `logins_cmps`
--

DROP TABLE IF EXISTS `logins_cmps`;
/*!40101 SET @saved_cs_client     = @@character_set_client */;
/*!50503 SET character_set_client = utf8mb4 */;
CREATE TABLE `logins_cmps` (
  `id` int unsigned NOT NULL AUTO_INCREMENT,
  `entity_id` int unsigned DEFAULT NULL,
  `cmp_id` int unsigned DEFAULT NULL,
  `component_type` varchar(255) DEFAULT NULL,
  `field` varchar(255) DEFAULT NULL,
  `order` double unsigned DEFAULT NULL,
  PRIMARY KEY (`id`),
  UNIQUE KEY `logins_uq` (`entity_id`,`cmp_id`,`field`,`component_type`),
  KEY `logins_field_idx` (`field`),
  KEY `logins_component_type_idx` (`component_type`),
  KEY `logins_entity_fk` (`entity_id`),
  CONSTRAINT `logins_entity_fk` FOREIGN KEY (`entity_id`) REFERENCES `logins` (`id`) ON DELETE CASCADE
) ENGINE=InnoDB AUTO_INCREMENT=25 DEFAULT CHARSET=utf8mb4 COLLATE=utf8mb4_0900_ai_ci;
/*!40101 SET character_set_client = @saved_cs_client */;

--
-- Dumping data for table `logins_cmps`
--

LOCK TABLES `logins_cmps` WRITE;
/*!40000 ALTER TABLE `logins_cmps` DISABLE KEYS */;
INSERT INTO `logins_cmps` VALUES (1,1,7,'lang-switch.navlink','langswitch',1),(2,1,8,'lang-switch.navlink','langswitch',2),(3,1,9,'lang-switch.navlink','langswitch',3),(22,5,19,'lang-switch.navlink','langswitch',1),(23,5,20,'lang-switch.navlink','langswitch',2),(24,5,21,'lang-switch.navlink','langswitch',3);
/*!40000 ALTER TABLE `logins_cmps` ENABLE KEYS */;
UNLOCK TABLES;

--
-- Table structure for table `moderator_bases`
--

DROP TABLE IF EXISTS `moderator_bases`;
/*!40101 SET @saved_cs_client     = @@character_set_client */;
/*!50503 SET character_set_client = utf8mb4 */;
CREATE TABLE `moderator_bases` (
  `id` int unsigned NOT NULL AUTO_INCREMENT,
  `document_id` varchar(255) DEFAULT NULL,
  `title` varchar(255) DEFAULT NULL,
  `logout` varchar(255) DEFAULT NULL,
  `created_at` datetime(6) DEFAULT NULL,
  `updated_at` datetime(6) DEFAULT NULL,
  `published_at` datetime(6) DEFAULT NULL,
  `created_by_id` int unsigned DEFAULT NULL,
  `updated_by_id` int unsigned DEFAULT NULL,
  `locale` varchar(255) DEFAULT NULL,
  `select_sport` varchar(255) DEFAULT NULL,
  PRIMARY KEY (`id`),
  KEY `moderator_bases_documents_idx` (`document_id`,`locale`,`published_at`),
  KEY `moderator_bases_created_by_id_fk` (`created_by_id`),
  KEY `moderator_bases_updated_by_id_fk` (`updated_by_id`),
  CONSTRAINT `moderator_bases_created_by_id_fk` FOREIGN KEY (`created_by_id`) REFERENCES `admin_users` (`id`) ON DELETE SET NULL,
  CONSTRAINT `moderator_bases_updated_by_id_fk` FOREIGN KEY (`updated_by_id`) REFERENCES `admin_users` (`id`) ON DELETE SET NULL
) ENGINE=InnoDB AUTO_INCREMENT=5 DEFAULT CHARSET=utf8mb4 COLLATE=utf8mb4_0900_ai_ci;
/*!40101 SET character_set_client = @saved_cs_client */;

--
-- Dumping data for table `moderator_bases`
--

LOCK TABLES `moderator_bases` WRITE;
/*!40000 ALTER TABLE `moderator_bases` DISABLE KEYS */;
INSERT INTO `moderator_bases` VALUES (1,'vj83j72q7dzuyqnzq9gfa1a8','Dashboard','Logout','2026-03-19 09:31:19.594000','2026-03-19 13:21:23.641000',NULL,1,1,NULL,'Select sport:'),(4,'vj83j72q7dzuyqnzq9gfa1a8','Dashboard','Logout','2026-03-19 09:31:19.594000','2026-03-19 13:21:23.641000','2026-03-19 13:21:23.688000',1,1,NULL,'Select sport:');
/*!40000 ALTER TABLE `moderator_bases` ENABLE KEYS */;
UNLOCK TABLES;

--
-- Table structure for table `moderator_bases_cmps`
--

DROP TABLE IF EXISTS `moderator_bases_cmps`;
/*!40101 SET @saved_cs_client     = @@character_set_client */;
/*!50503 SET character_set_client = utf8mb4 */;
CREATE TABLE `moderator_bases_cmps` (
  `id` int unsigned NOT NULL AUTO_INCREMENT,
  `entity_id` int unsigned DEFAULT NULL,
  `cmp_id` int unsigned DEFAULT NULL,
  `component_type` varchar(255) DEFAULT NULL,
  `field` varchar(255) DEFAULT NULL,
  `order` double unsigned DEFAULT NULL,
  PRIMARY KEY (`id`),
  UNIQUE KEY `moderator_bases_uq` (`entity_id`,`cmp_id`,`field`,`component_type`),
  KEY `moderator_bases_field_idx` (`field`),
  KEY `moderator_bases_component_type_idx` (`component_type`),
  KEY `moderator_bases_entity_fk` (`entity_id`),
  CONSTRAINT `moderator_bases_entity_fk` FOREIGN KEY (`entity_id`) REFERENCES `moderator_bases` (`id`) ON DELETE CASCADE
) ENGINE=InnoDB AUTO_INCREMENT=19 DEFAULT CHARSET=utf8mb4 COLLATE=utf8mb4_0900_ai_ci;
/*!40101 SET character_set_client = @saved_cs_client */;

--
-- Dumping data for table `moderator_bases_cmps`
--

LOCK TABLES `moderator_bases_cmps` WRITE;
/*!40000 ALTER TABLE `moderator_bases_cmps` DISABLE KEYS */;
INSERT INTO `moderator_bases_cmps` VALUES (1,1,31,'lang-switch.navlink','langswitch',1),(2,1,32,'lang-switch.navlink','langswitch',2),(3,1,33,'lang-switch.navlink','langswitch',3),(16,4,40,'lang-switch.navlink','langswitch',1),(17,4,41,'lang-switch.navlink','langswitch',2),(18,4,42,'lang-switch.navlink','langswitch',3);
/*!40000 ALTER TABLE `moderator_bases_cmps` ENABLE KEYS */;
UNLOCK TABLES;

--
-- Table structure for table `moderator_bases_disciplines_lnk`
--

DROP TABLE IF EXISTS `moderator_bases_disciplines_lnk`;
/*!40101 SET @saved_cs_client     = @@character_set_client */;
/*!50503 SET character_set_client = utf8mb4 */;
CREATE TABLE `moderator_bases_disciplines_lnk` (
  `id` int unsigned NOT NULL AUTO_INCREMENT,
  `moderator_base_id` int unsigned DEFAULT NULL,
  `discipline_id` int unsigned DEFAULT NULL,
  `discipline_ord` double unsigned DEFAULT NULL,
  PRIMARY KEY (`id`),
  UNIQUE KEY `moderator_bases_disciplines_lnk_uq` (`moderator_base_id`,`discipline_id`),
  KEY `moderator_bases_disciplines_lnk_fk` (`moderator_base_id`),
  KEY `moderator_bases_disciplines_lnk_ifk` (`discipline_id`),
  KEY `moderator_bases_disciplines_lnk_ofk` (`discipline_ord`),
  CONSTRAINT `moderator_bases_disciplines_lnk_fk` FOREIGN KEY (`moderator_base_id`) REFERENCES `moderator_bases` (`id`) ON DELETE CASCADE,
  CONSTRAINT `moderator_bases_disciplines_lnk_ifk` FOREIGN KEY (`discipline_id`) REFERENCES `disciplines` (`id`) ON DELETE CASCADE
) ENGINE=InnoDB AUTO_INCREMENT=7 DEFAULT CHARSET=utf8mb4 COLLATE=utf8mb4_0900_ai_ci;
/*!40101 SET character_set_client = @saved_cs_client */;

--
-- Dumping data for table `moderator_bases_disciplines_lnk`
--

LOCK TABLES `moderator_bases_disciplines_lnk` WRITE;
/*!40000 ALTER TABLE `moderator_bases_disciplines_lnk` DISABLE KEYS */;
INSERT INTO `moderator_bases_disciplines_lnk` VALUES (1,1,5,1),(2,1,3,2),(5,4,6,1),(6,4,4,2);
/*!40000 ALTER TABLE `moderator_bases_disciplines_lnk` ENABLE KEYS */;
UNLOCK TABLES;

--
-- Table structure for table `sliders`
--

DROP TABLE IF EXISTS `sliders`;
/*!40101 SET @saved_cs_client     = @@character_set_client */;
/*!50503 SET character_set_client = utf8mb4 */;
CREATE TABLE `sliders` (
  `id` int unsigned NOT NULL AUTO_INCREMENT,
  `document_id` varchar(255) DEFAULT NULL,
  `created_at` datetime(6) DEFAULT NULL,
  `updated_at` datetime(6) DEFAULT NULL,
  `published_at` datetime(6) DEFAULT NULL,
  `created_by_id` int unsigned DEFAULT NULL,
  `updated_by_id` int unsigned DEFAULT NULL,
  `locale` varchar(255) DEFAULT NULL,
  PRIMARY KEY (`id`),
  KEY `sliders_documents_idx` (`document_id`,`locale`,`published_at`),
  KEY `sliders_created_by_id_fk` (`created_by_id`),
  KEY `sliders_updated_by_id_fk` (`updated_by_id`),
  CONSTRAINT `sliders_created_by_id_fk` FOREIGN KEY (`created_by_id`) REFERENCES `admin_users` (`id`) ON DELETE SET NULL,
  CONSTRAINT `sliders_updated_by_id_fk` FOREIGN KEY (`updated_by_id`) REFERENCES `admin_users` (`id`) ON DELETE SET NULL
) ENGINE=InnoDB DEFAULT CHARSET=utf8mb4 COLLATE=utf8mb4_0900_ai_ci;
/*!40101 SET character_set_client = @saved_cs_client */;

--
-- Dumping data for table `sliders`
--

LOCK TABLES `sliders` WRITE;
/*!40000 ALTER TABLE `sliders` DISABLE KEYS */;
/*!40000 ALTER TABLE `sliders` ENABLE KEYS */;
UNLOCK TABLES;

--
-- Table structure for table `strapi_ai_localization_jobs`
--

DROP TABLE IF EXISTS `strapi_ai_localization_jobs`;
/*!40101 SET @saved_cs_client     = @@character_set_client */;
/*!50503 SET character_set_client = utf8mb4 */;
CREATE TABLE `strapi_ai_localization_jobs` (
  `id` int unsigned NOT NULL AUTO_INCREMENT,
  `content_type` varchar(255) NOT NULL,
  `related_document_id` varchar(255) NOT NULL,
  `source_locale` varchar(255) NOT NULL,
  `target_locales` json NOT NULL,
  `status` varchar(255) NOT NULL,
  `created_at` datetime(6) DEFAULT NULL,
  `updated_at` datetime(6) DEFAULT NULL,
  PRIMARY KEY (`id`)
) ENGINE=InnoDB DEFAULT CHARSET=utf8mb4 COLLATE=utf8mb4_0900_ai_ci;
/*!40101 SET character_set_client = @saved_cs_client */;

--
-- Dumping data for table `strapi_ai_localization_jobs`
--

LOCK TABLES `strapi_ai_localization_jobs` WRITE;
/*!40000 ALTER TABLE `strapi_ai_localization_jobs` DISABLE KEYS */;
/*!40000 ALTER TABLE `strapi_ai_localization_jobs` ENABLE KEYS */;
UNLOCK TABLES;

--
-- Table structure for table `strapi_ai_metadata_jobs`
--

DROP TABLE IF EXISTS `strapi_ai_metadata_jobs`;
/*!40101 SET @saved_cs_client     = @@character_set_client */;
/*!50503 SET character_set_client = utf8mb4 */;
CREATE TABLE `strapi_ai_metadata_jobs` (
  `id` int unsigned NOT NULL AUTO_INCREMENT,
  `status` varchar(255) NOT NULL,
  `created_at` datetime(6) DEFAULT NULL,
  `completed_at` datetime(6) DEFAULT NULL,
  PRIMARY KEY (`id`)
) ENGINE=InnoDB DEFAULT CHARSET=utf8mb4 COLLATE=utf8mb4_0900_ai_ci;
/*!40101 SET character_set_client = @saved_cs_client */;

--
-- Dumping data for table `strapi_ai_metadata_jobs`
--

LOCK TABLES `strapi_ai_metadata_jobs` WRITE;
/*!40000 ALTER TABLE `strapi_ai_metadata_jobs` DISABLE KEYS */;
/*!40000 ALTER TABLE `strapi_ai_metadata_jobs` ENABLE KEYS */;
UNLOCK TABLES;

--
-- Table structure for table `strapi_api_token_permissions`
--

DROP TABLE IF EXISTS `strapi_api_token_permissions`;
/*!40101 SET @saved_cs_client     = @@character_set_client */;
/*!50503 SET character_set_client = utf8mb4 */;
CREATE TABLE `strapi_api_token_permissions` (
  `id` int unsigned NOT NULL AUTO_INCREMENT,
  `document_id` varchar(255) DEFAULT NULL,
  `action` varchar(255) DEFAULT NULL,
  `created_at` datetime(6) DEFAULT NULL,
  `updated_at` datetime(6) DEFAULT NULL,
  `published_at` datetime(6) DEFAULT NULL,
  `created_by_id` int unsigned DEFAULT NULL,
  `updated_by_id` int unsigned DEFAULT NULL,
  `locale` varchar(255) DEFAULT NULL,
  PRIMARY KEY (`id`),
  KEY `strapi_api_token_permissions_documents_idx` (`document_id`,`locale`,`published_at`),
  KEY `strapi_api_token_permissions_created_by_id_fk` (`created_by_id`),
  KEY `strapi_api_token_permissions_updated_by_id_fk` (`updated_by_id`),
  CONSTRAINT `strapi_api_token_permissions_created_by_id_fk` FOREIGN KEY (`created_by_id`) REFERENCES `admin_users` (`id`) ON DELETE SET NULL,
  CONSTRAINT `strapi_api_token_permissions_updated_by_id_fk` FOREIGN KEY (`updated_by_id`) REFERENCES `admin_users` (`id`) ON DELETE SET NULL
) ENGINE=InnoDB DEFAULT CHARSET=utf8mb4 COLLATE=utf8mb4_0900_ai_ci;
/*!40101 SET character_set_client = @saved_cs_client */;

--
-- Dumping data for table `strapi_api_token_permissions`
--

LOCK TABLES `strapi_api_token_permissions` WRITE;
/*!40000 ALTER TABLE `strapi_api_token_permissions` DISABLE KEYS */;
/*!40000 ALTER TABLE `strapi_api_token_permissions` ENABLE KEYS */;
UNLOCK TABLES;

--
-- Table structure for table `strapi_api_token_permissions_token_lnk`
--

DROP TABLE IF EXISTS `strapi_api_token_permissions_token_lnk`;
/*!40101 SET @saved_cs_client     = @@character_set_client */;
/*!50503 SET character_set_client = utf8mb4 */;
CREATE TABLE `strapi_api_token_permissions_token_lnk` (
  `id` int unsigned NOT NULL AUTO_INCREMENT,
  `api_token_permission_id` int unsigned DEFAULT NULL,
  `api_token_id` int unsigned DEFAULT NULL,
  `api_token_permission_ord` double unsigned DEFAULT NULL,
  PRIMARY KEY (`id`),
  UNIQUE KEY `strapi_api_token_permissions_token_lnk_uq` (`api_token_permission_id`,`api_token_id`),
  KEY `strapi_api_token_permissions_token_lnk_fk` (`api_token_permission_id`),
  KEY `strapi_api_token_permissions_token_lnk_ifk` (`api_token_id`),
  KEY `strapi_api_token_permissions_token_lnk_oifk` (`api_token_permission_ord`),
  CONSTRAINT `strapi_api_token_permissions_token_lnk_fk` FOREIGN KEY (`api_token_permission_id`) REFERENCES `strapi_api_token_permissions` (`id`) ON DELETE CASCADE,
  CONSTRAINT `strapi_api_token_permissions_token_lnk_ifk` FOREIGN KEY (`api_token_id`) REFERENCES `strapi_api_tokens` (`id`) ON DELETE CASCADE
) ENGINE=InnoDB DEFAULT CHARSET=utf8mb4 COLLATE=utf8mb4_0900_ai_ci;
/*!40101 SET character_set_client = @saved_cs_client */;

--
-- Dumping data for table `strapi_api_token_permissions_token_lnk`
--

LOCK TABLES `strapi_api_token_permissions_token_lnk` WRITE;
/*!40000 ALTER TABLE `strapi_api_token_permissions_token_lnk` DISABLE KEYS */;
/*!40000 ALTER TABLE `strapi_api_token_permissions_token_lnk` ENABLE KEYS */;
UNLOCK TABLES;

--
-- Table structure for table `strapi_api_tokens`
--

DROP TABLE IF EXISTS `strapi_api_tokens`;
/*!40101 SET @saved_cs_client     = @@character_set_client */;
/*!50503 SET character_set_client = utf8mb4 */;
CREATE TABLE `strapi_api_tokens` (
  `id` int unsigned NOT NULL AUTO_INCREMENT,
  `document_id` varchar(255) DEFAULT NULL,
  `name` varchar(255) DEFAULT NULL,
  `description` varchar(255) DEFAULT NULL,
  `type` varchar(255) DEFAULT NULL,
  `access_key` varchar(255) DEFAULT NULL,
  `encrypted_key` longtext,
  `last_used_at` datetime(6) DEFAULT NULL,
  `expires_at` datetime(6) DEFAULT NULL,
  `lifespan` bigint DEFAULT NULL,
  `created_at` datetime(6) DEFAULT NULL,
  `updated_at` datetime(6) DEFAULT NULL,
  `published_at` datetime(6) DEFAULT NULL,
  `created_by_id` int unsigned DEFAULT NULL,
  `updated_by_id` int unsigned DEFAULT NULL,
  `locale` varchar(255) DEFAULT NULL,
  PRIMARY KEY (`id`),
  KEY `strapi_api_tokens_documents_idx` (`document_id`,`locale`,`published_at`),
  KEY `strapi_api_tokens_created_by_id_fk` (`created_by_id`),
  KEY `strapi_api_tokens_updated_by_id_fk` (`updated_by_id`),
  CONSTRAINT `strapi_api_tokens_created_by_id_fk` FOREIGN KEY (`created_by_id`) REFERENCES `admin_users` (`id`) ON DELETE SET NULL,
  CONSTRAINT `strapi_api_tokens_updated_by_id_fk` FOREIGN KEY (`updated_by_id`) REFERENCES `admin_users` (`id`) ON DELETE SET NULL
) ENGINE=InnoDB AUTO_INCREMENT=3 DEFAULT CHARSET=utf8mb4 COLLATE=utf8mb4_0900_ai_ci;
/*!40101 SET character_set_client = @saved_cs_client */;

--
-- Dumping data for table `strapi_api_tokens`
--

LOCK TABLES `strapi_api_tokens` WRITE;
/*!40000 ALTER TABLE `strapi_api_tokens` DISABLE KEYS */;
INSERT INTO `strapi_api_tokens` VALUES (1,'zr12pz7btcctf0jfsj36cm4b','Read Only','A default API token with read-only permissions, only used for accessing resources','read-only','c52ff413d4669fe96a5603244f3e5d288c6b60a0459f9ede81b823b019b79054ad05ef19b5aa372e5906d1d94cbcbf7eacfefc06ce9764cbaf92afe957bb4702','v1:8e2b1186ce1080441b8e6b8989da2e8f:5b0459b84354571513220c7ee41ad971ac6012f633915c60b36a839e0429192c96a2347d85bd4bf9c0565d24b817d407fd5d31ad70f62d8a23b6adc68de84e9dd79e73acd371fbbcc3cff3fe0548a2276cf00e9b2a961940aac7ff0611661480d87ecdbe97a3b98188c71b23a509c3d3f3f6403ab916811b4aefd262802a8daf6af9a97e18de3360e31f692dd41906e0efc1c7d99d3ba2ae25adc6a09b07f2cbe49b9ccf6f92db6f40e2c331181a36c86dec04a1f979112fb38b99c76d37b4ebbbc125c8d45d492a9522c56f464149b9d547b4829643737d2125af0e6212ee6780a715a9de8d14d084d081276db6652979db8621880023802fafc3fabd80c926:62e54677e86af07fa1f49b0492b99ceb','2026-03-19 15:08:24.418000',NULL,NULL,'2026-03-12 14:49:29.546000','2026-03-19 15:08:24.424000','2026-03-12 14:49:29.546000',NULL,NULL,NULL),(2,'unjygv8gfpw4zrrsl1xgv83o','Full Access','A default API token with full access permissions, used for accessing or modifying resources','full-access','9536b26c700ce580bf04d37e39fa6df0e1ebbca0f9b347a32e083c1028376714c7b3a7e12b8f125cc4f36344025d3e29063ac018e6012065e9df1542bca4c192','v1:2a0fb43a8ffb748f3fbb13dd74df86d6:6a64ce43105b1616481b728ed140175ff874733d86c3c9849857c683811a23f6b8cfeff19a96598387230c9c136b4a6623c4fe1acb8afe38adc07cf088d0fcbd943b7d322f044dbe6e341e71c53d044c4518fe78849c058500ab6b2be677cc76419ee7e38d5bcd971a7b9e057661a8f7af080025ed9e162b9cdedb82876274f9b93529d83f8eb9a0e25f680fdd42994c96654207990c8147f40a5b12892694eaa52d125a6e105f3a8a0ed8d1cdc78d2f12c01f59d68487b6a2f67e993697a728211b392c37706deda34b01929681743957a7a333bc2903228262b44eb0ffb5e417eff961885f38f1746c1e04739ef9e2398ad50027a159f2be901b0ef6224354:d90ba20b9aa01159d7679361965f26fe','2026-03-13 12:03:50.653000',NULL,NULL,'2026-03-12 14:49:29.554000','2026-03-13 12:03:50.653000','2026-03-12 14:49:29.554000',NULL,NULL,NULL);
/*!40000 ALTER TABLE `strapi_api_tokens` ENABLE KEYS */;
UNLOCK TABLES;

--
-- Table structure for table `strapi_core_store_settings`
--

DROP TABLE IF EXISTS `strapi_core_store_settings`;
/*!40101 SET @saved_cs_client     = @@character_set_client */;
/*!50503 SET character_set_client = utf8mb4 */;
CREATE TABLE `strapi_core_store_settings` (
  `id` int unsigned NOT NULL AUTO_INCREMENT,
  `key` varchar(255) DEFAULT NULL,
  `value` longtext,
  `type` varchar(255) DEFAULT NULL,
  `environment` varchar(255) DEFAULT NULL,
  `tag` varchar(255) DEFAULT NULL,
  PRIMARY KEY (`id`)
) ENGINE=InnoDB AUTO_INCREMENT=46 DEFAULT CHARSET=utf8mb4 COLLATE=utf8mb4_0900_ai_ci;
/*!40101 SET character_set_client = @saved_cs_client */;

--
-- Dumping data for table `strapi_core_store_settings`
--

LOCK TABLES `strapi_core_store_settings` WRITE;
/*!40000 ALTER TABLE `strapi_core_store_settings` DISABLE KEYS */;
INSERT INTO `strapi_core_store_settings` VALUES (1,'strapi_unidirectional-join-table-repair-ran','true','boolean',NULL,NULL),(2,'strapi_content_types_schema','{\"plugin::upload.file\":{\"collectionName\":\"files\",\"info\":{\"singularName\":\"file\",\"pluralName\":\"files\",\"displayName\":\"File\",\"description\":\"\"},\"options\":{\"draftAndPublish\":false},\"pluginOptions\":{\"content-manager\":{\"visible\":false},\"content-type-builder\":{\"visible\":false}},\"attributes\":{\"name\":{\"type\":\"string\",\"configurable\":false,\"required\":true},\"alternativeText\":{\"type\":\"text\",\"configurable\":false},\"caption\":{\"type\":\"text\",\"configurable\":false},\"focalPoint\":{\"type\":\"json\",\"configurable\":false},\"width\":{\"type\":\"integer\",\"configurable\":false},\"height\":{\"type\":\"integer\",\"configurable\":false},\"formats\":{\"type\":\"json\",\"configurable\":false},\"hash\":{\"type\":\"string\",\"configurable\":false,\"required\":true},\"ext\":{\"type\":\"string\",\"configurable\":false},\"mime\":{\"type\":\"string\",\"configurable\":false,\"required\":true},\"size\":{\"type\":\"decimal\",\"configurable\":false,\"required\":true},\"url\":{\"type\":\"text\",\"configurable\":false,\"required\":true},\"previewUrl\":{\"type\":\"text\",\"configurable\":false},\"provider\":{\"type\":\"string\",\"configurable\":false,\"required\":true},\"provider_metadata\":{\"type\":\"json\",\"configurable\":false},\"related\":{\"type\":\"relation\",\"relation\":\"morphToMany\",\"configurable\":false},\"folder\":{\"type\":\"relation\",\"relation\":\"manyToOne\",\"target\":\"plugin::upload.folder\",\"inversedBy\":\"files\",\"private\":true},\"folderPath\":{\"type\":\"string\",\"minLength\":1,\"required\":true,\"private\":true,\"searchable\":false},\"createdAt\":{\"type\":\"datetime\"},\"updatedAt\":{\"type\":\"datetime\"},\"publishedAt\":{\"type\":\"datetime\",\"configurable\":false,\"writable\":true,\"visible\":true},\"createdBy\":{\"type\":\"relation\",\"relation\":\"oneToOne\",\"target\":\"admin::user\",\"configurable\":false,\"writable\":false,\"visible\":false,\"useJoinTable\":false,\"private\":true},\"updatedBy\":{\"type\":\"relation\",\"relation\":\"oneToOne\",\"target\":\"admin::user\",\"configurable\":false,\"writable\":false,\"visible\":false,\"useJoinTable\":false,\"private\":true},\"locale\":{\"writable\":true,\"private\":true,\"configurable\":false,\"visible\":false,\"type\":\"string\"},\"localizations\":{\"type\":\"relation\",\"relation\":\"oneToMany\",\"target\":\"plugin::upload.file\",\"writable\":false,\"private\":true,\"configurable\":false,\"visible\":false,\"unstable_virtual\":true,\"joinColumn\":{\"name\":\"document_id\",\"referencedColumn\":\"document_id\",\"referencedTable\":\"files\"}}},\"indexes\":[{\"name\":\"upload_files_folder_path_index\",\"columns\":[\"folder_path\"],\"type\":null},{\"name\":\"upload_files_created_at_index\",\"columns\":[\"created_at\"],\"type\":null},{\"name\":\"upload_files_updated_at_index\",\"columns\":[\"updated_at\"],\"type\":null},{\"name\":\"upload_files_name_index\",\"columns\":[\"name\"],\"type\":null},{\"name\":\"upload_files_size_index\",\"columns\":[\"size\"],\"type\":null},{\"name\":\"upload_files_ext_index\",\"columns\":[\"ext\"],\"type\":null}],\"plugin\":\"upload\",\"globalId\":\"UploadFile\",\"uid\":\"plugin::upload.file\",\"modelType\":\"contentType\",\"kind\":\"collectionType\",\"__schema__\":{\"collectionName\":\"files\",\"info\":{\"singularName\":\"file\",\"pluralName\":\"files\",\"displayName\":\"File\",\"description\":\"\"},\"options\":{},\"pluginOptions\":{\"content-manager\":{\"visible\":false},\"content-type-builder\":{\"visible\":false}},\"attributes\":{\"name\":{\"type\":\"string\",\"configurable\":false,\"required\":true},\"alternativeText\":{\"type\":\"text\",\"configurable\":false},\"caption\":{\"type\":\"text\",\"configurable\":false},\"focalPoint\":{\"type\":\"json\",\"configurable\":false},\"width\":{\"type\":\"integer\",\"configurable\":false},\"height\":{\"type\":\"integer\",\"configurable\":false},\"formats\":{\"type\":\"json\",\"configurable\":false},\"hash\":{\"type\":\"string\",\"configurable\":false,\"required\":true},\"ext\":{\"type\":\"string\",\"configurable\":false},\"mime\":{\"type\":\"string\",\"configurable\":false,\"required\":true},\"size\":{\"type\":\"decimal\",\"configurable\":false,\"required\":true},\"url\":{\"type\":\"text\",\"configurable\":false,\"required\":true},\"previewUrl\":{\"type\":\"text\",\"configurable\":false},\"provider\":{\"type\":\"string\",\"configurable\":false,\"required\":true},\"provider_metadata\":{\"type\":\"json\",\"configurable\":false},\"related\":{\"type\":\"relation\",\"relation\":\"morphToMany\",\"configurable\":false},\"folder\":{\"type\":\"relation\",\"relation\":\"manyToOne\",\"target\":\"plugin::upload.folder\",\"inversedBy\":\"files\",\"private\":true},\"folderPath\":{\"type\":\"string\",\"minLength\":1,\"required\":true,\"private\":true,\"searchable\":false}},\"kind\":\"collectionType\"},\"modelName\":\"file\"},\"plugin::upload.folder\":{\"collectionName\":\"upload_folders\",\"info\":{\"singularName\":\"folder\",\"pluralName\":\"folders\",\"displayName\":\"Folder\"},\"options\":{\"draftAndPublish\":false},\"pluginOptions\":{\"content-manager\":{\"visible\":false},\"content-type-builder\":{\"visible\":false}},\"attributes\":{\"name\":{\"type\":\"string\",\"minLength\":1,\"required\":true},\"pathId\":{\"type\":\"integer\",\"unique\":true,\"required\":true},\"parent\":{\"type\":\"relation\",\"relation\":\"manyToOne\",\"target\":\"plugin::upload.folder\",\"inversedBy\":\"children\"},\"children\":{\"type\":\"relation\",\"relation\":\"oneToMany\",\"target\":\"plugin::upload.folder\",\"mappedBy\":\"parent\"},\"files\":{\"type\":\"relation\",\"relation\":\"oneToMany\",\"target\":\"plugin::upload.file\",\"mappedBy\":\"folder\"},\"path\":{\"type\":\"string\",\"minLength\":1,\"required\":true},\"createdAt\":{\"type\":\"datetime\"},\"updatedAt\":{\"type\":\"datetime\"},\"publishedAt\":{\"type\":\"datetime\",\"configurable\":false,\"writable\":true,\"visible\":true},\"createdBy\":{\"type\":\"relation\",\"relation\":\"oneToOne\",\"target\":\"admin::user\",\"configurable\":false,\"writable\":false,\"visible\":false,\"useJoinTable\":false,\"private\":true},\"updatedBy\":{\"type\":\"relation\",\"relation\":\"oneToOne\",\"target\":\"admin::user\",\"configurable\":false,\"writable\":false,\"visible\":false,\"useJoinTable\":false,\"private\":true},\"locale\":{\"writable\":true,\"private\":true,\"configurable\":false,\"visible\":false,\"type\":\"string\"},\"localizations\":{\"type\":\"relation\",\"relation\":\"oneToMany\",\"target\":\"plugin::upload.folder\",\"writable\":false,\"private\":true,\"configurable\":false,\"visible\":false,\"unstable_virtual\":true,\"joinColumn\":{\"name\":\"document_id\",\"referencedColumn\":\"document_id\",\"referencedTable\":\"upload_folders\"}}},\"indexes\":[{\"name\":\"upload_folders_path_id_index\",\"columns\":[\"path_id\"],\"type\":\"unique\"},{\"name\":\"upload_folders_path_index\",\"columns\":[\"path\"],\"type\":\"unique\"}],\"plugin\":\"upload\",\"globalId\":\"UploadFolder\",\"uid\":\"plugin::upload.folder\",\"modelType\":\"contentType\",\"kind\":\"collectionType\",\"__schema__\":{\"collectionName\":\"upload_folders\",\"info\":{\"singularName\":\"folder\",\"pluralName\":\"folders\",\"displayName\":\"Folder\"},\"options\":{},\"pluginOptions\":{\"content-manager\":{\"visible\":false},\"content-type-builder\":{\"visible\":false}},\"attributes\":{\"name\":{\"type\":\"string\",\"minLength\":1,\"required\":true},\"pathId\":{\"type\":\"integer\",\"unique\":true,\"required\":true},\"parent\":{\"type\":\"relation\",\"relation\":\"manyToOne\",\"target\":\"plugin::upload.folder\",\"inversedBy\":\"children\"},\"children\":{\"type\":\"relation\",\"relation\":\"oneToMany\",\"target\":\"plugin::upload.folder\",\"mappedBy\":\"parent\"},\"files\":{\"type\":\"relation\",\"relation\":\"oneToMany\",\"target\":\"plugin::upload.file\",\"mappedBy\":\"folder\"},\"path\":{\"type\":\"string\",\"minLength\":1,\"required\":true}},\"kind\":\"collectionType\"},\"modelName\":\"folder\"},\"plugin::i18n.locale\":{\"info\":{\"singularName\":\"locale\",\"pluralName\":\"locales\",\"collectionName\":\"locales\",\"displayName\":\"Locale\",\"description\":\"\"},\"options\":{\"draftAndPublish\":false},\"pluginOptions\":{\"content-manager\":{\"visible\":false},\"content-type-builder\":{\"visible\":false}},\"attributes\":{\"name\":{\"type\":\"string\",\"min\":1,\"max\":50,\"configurable\":false},\"code\":{\"type\":\"string\",\"unique\":true,\"configurable\":false},\"createdAt\":{\"type\":\"datetime\"},\"updatedAt\":{\"type\":\"datetime\"},\"publishedAt\":{\"type\":\"datetime\",\"configurable\":false,\"writable\":true,\"visible\":true},\"createdBy\":{\"type\":\"relation\",\"relation\":\"oneToOne\",\"target\":\"admin::user\",\"configurable\":false,\"writable\":false,\"visible\":false,\"useJoinTable\":false,\"private\":true},\"updatedBy\":{\"type\":\"relation\",\"relation\":\"oneToOne\",\"target\":\"admin::user\",\"configurable\":false,\"writable\":false,\"visible\":false,\"useJoinTable\":false,\"private\":true},\"locale\":{\"writable\":true,\"private\":true,\"configurable\":false,\"visible\":false,\"type\":\"string\"},\"localizations\":{\"type\":\"relation\",\"relation\":\"oneToMany\",\"target\":\"plugin::i18n.locale\",\"writable\":false,\"private\":true,\"configurable\":false,\"visible\":false,\"unstable_virtual\":true,\"joinColumn\":{\"name\":\"document_id\",\"referencedColumn\":\"document_id\",\"referencedTable\":\"i18n_locale\"}}},\"plugin\":\"i18n\",\"collectionName\":\"i18n_locale\",\"globalId\":\"I18NLocale\",\"uid\":\"plugin::i18n.locale\",\"modelType\":\"contentType\",\"kind\":\"collectionType\",\"__schema__\":{\"collectionName\":\"i18n_locale\",\"info\":{\"singularName\":\"locale\",\"pluralName\":\"locales\",\"collectionName\":\"locales\",\"displayName\":\"Locale\",\"description\":\"\"},\"options\":{},\"pluginOptions\":{\"content-manager\":{\"visible\":false},\"content-type-builder\":{\"visible\":false}},\"attributes\":{\"name\":{\"type\":\"string\",\"min\":1,\"max\":50,\"configurable\":false},\"code\":{\"type\":\"string\",\"unique\":true,\"configurable\":false}},\"kind\":\"collectionType\"},\"modelName\":\"locale\"},\"plugin::content-releases.release\":{\"collectionName\":\"strapi_releases\",\"info\":{\"singularName\":\"release\",\"pluralName\":\"releases\",\"displayName\":\"Release\"},\"options\":{\"draftAndPublish\":false},\"pluginOptions\":{\"content-manager\":{\"visible\":false},\"content-type-builder\":{\"visible\":false}},\"attributes\":{\"name\":{\"type\":\"string\",\"required\":true},\"releasedAt\":{\"type\":\"datetime\"},\"scheduledAt\":{\"type\":\"datetime\"},\"timezone\":{\"type\":\"string\"},\"status\":{\"type\":\"enumeration\",\"enum\":[\"ready\",\"blocked\",\"failed\",\"done\",\"empty\"],\"required\":true},\"actions\":{\"type\":\"relation\",\"relation\":\"oneToMany\",\"target\":\"plugin::content-releases.release-action\",\"mappedBy\":\"release\"},\"createdAt\":{\"type\":\"datetime\"},\"updatedAt\":{\"type\":\"datetime\"},\"publishedAt\":{\"type\":\"datetime\",\"configurable\":false,\"writable\":true,\"visible\":true},\"createdBy\":{\"type\":\"relation\",\"relation\":\"oneToOne\",\"target\":\"admin::user\",\"configurable\":false,\"writable\":false,\"visible\":false,\"useJoinTable\":false,\"private\":true},\"updatedBy\":{\"type\":\"relation\",\"relation\":\"oneToOne\",\"target\":\"admin::user\",\"configurable\":false,\"writable\":false,\"visible\":false,\"useJoinTable\":false,\"private\":true},\"locale\":{\"writable\":true,\"private\":true,\"configurable\":false,\"visible\":false,\"type\":\"string\"},\"localizations\":{\"type\":\"relation\",\"relation\":\"oneToMany\",\"target\":\"plugin::content-releases.release\",\"writable\":false,\"private\":true,\"configurable\":false,\"visible\":false,\"unstable_virtual\":true,\"joinColumn\":{\"name\":\"document_id\",\"referencedColumn\":\"document_id\",\"referencedTable\":\"strapi_releases\"}}},\"plugin\":\"content-releases\",\"globalId\":\"ContentReleasesRelease\",\"uid\":\"plugin::content-releases.release\",\"modelType\":\"contentType\",\"kind\":\"collectionType\",\"__schema__\":{\"collectionName\":\"strapi_releases\",\"info\":{\"singularName\":\"release\",\"pluralName\":\"releases\",\"displayName\":\"Release\"},\"options\":{\"draftAndPublish\":false},\"pluginOptions\":{\"content-manager\":{\"visible\":false},\"content-type-builder\":{\"visible\":false}},\"attributes\":{\"name\":{\"type\":\"string\",\"required\":true},\"releasedAt\":{\"type\":\"datetime\"},\"scheduledAt\":{\"type\":\"datetime\"},\"timezone\":{\"type\":\"string\"},\"status\":{\"type\":\"enumeration\",\"enum\":[\"ready\",\"blocked\",\"failed\",\"done\",\"empty\"],\"required\":true},\"actions\":{\"type\":\"relation\",\"relation\":\"oneToMany\",\"target\":\"plugin::content-releases.release-action\",\"mappedBy\":\"release\"}},\"kind\":\"collectionType\"},\"modelName\":\"release\"},\"plugin::content-releases.release-action\":{\"collectionName\":\"strapi_release_actions\",\"info\":{\"singularName\":\"release-action\",\"pluralName\":\"release-actions\",\"displayName\":\"Release Action\"},\"options\":{\"draftAndPublish\":false},\"pluginOptions\":{\"content-manager\":{\"visible\":false},\"content-type-builder\":{\"visible\":false}},\"attributes\":{\"type\":{\"type\":\"enumeration\",\"enum\":[\"publish\",\"unpublish\"],\"required\":true},\"contentType\":{\"type\":\"string\",\"required\":true},\"entryDocumentId\":{\"type\":\"string\"},\"locale\":{\"writable\":true,\"private\":true,\"configurable\":false,\"visible\":false,\"type\":\"string\"},\"release\":{\"type\":\"relation\",\"relation\":\"manyToOne\",\"target\":\"plugin::content-releases.release\",\"inversedBy\":\"actions\"},\"isEntryValid\":{\"type\":\"boolean\"},\"createdAt\":{\"type\":\"datetime\"},\"updatedAt\":{\"type\":\"datetime\"},\"publishedAt\":{\"type\":\"datetime\",\"configurable\":false,\"writable\":true,\"visible\":true},\"createdBy\":{\"type\":\"relation\",\"relation\":\"oneToOne\",\"target\":\"admin::user\",\"configurable\":false,\"writable\":false,\"visible\":false,\"useJoinTable\":false,\"private\":true},\"updatedBy\":{\"type\":\"relation\",\"relation\":\"oneToOne\",\"target\":\"admin::user\",\"configurable\":false,\"writable\":false,\"visible\":false,\"useJoinTable\":false,\"private\":true},\"localizations\":{\"type\":\"relation\",\"relation\":\"oneToMany\",\"target\":\"plugin::content-releases.release-action\",\"writable\":false,\"private\":true,\"configurable\":false,\"visible\":false,\"unstable_virtual\":true,\"joinColumn\":{\"name\":\"document_id\",\"referencedColumn\":\"document_id\",\"referencedTable\":\"strapi_release_actions\"}}},\"plugin\":\"content-releases\",\"globalId\":\"ContentReleasesReleaseAction\",\"uid\":\"plugin::content-releases.release-action\",\"modelType\":\"contentType\",\"kind\":\"collectionType\",\"__schema__\":{\"collectionName\":\"strapi_release_actions\",\"info\":{\"singularName\":\"release-action\",\"pluralName\":\"release-actions\",\"displayName\":\"Release Action\"},\"options\":{\"draftAndPublish\":false},\"pluginOptions\":{\"content-manager\":{\"visible\":false},\"content-type-builder\":{\"visible\":false}},\"attributes\":{\"type\":{\"type\":\"enumeration\",\"enum\":[\"publish\",\"unpublish\"],\"required\":true},\"contentType\":{\"type\":\"string\",\"required\":true},\"entryDocumentId\":{\"type\":\"string\"},\"locale\":{\"type\":\"string\"},\"release\":{\"type\":\"relation\",\"relation\":\"manyToOne\",\"target\":\"plugin::content-releases.release\",\"inversedBy\":\"actions\"},\"isEntryValid\":{\"type\":\"boolean\"}},\"kind\":\"collectionType\"},\"modelName\":\"release-action\"},\"plugin::review-workflows.workflow\":{\"collectionName\":\"strapi_workflows\",\"info\":{\"name\":\"Workflow\",\"description\":\"\",\"singularName\":\"workflow\",\"pluralName\":\"workflows\",\"displayName\":\"Workflow\"},\"options\":{\"draftAndPublish\":false},\"pluginOptions\":{\"content-manager\":{\"visible\":false},\"content-type-builder\":{\"visible\":false}},\"attributes\":{\"name\":{\"type\":\"string\",\"required\":true,\"unique\":true},\"stages\":{\"type\":\"relation\",\"target\":\"plugin::review-workflows.workflow-stage\",\"relation\":\"oneToMany\",\"mappedBy\":\"workflow\"},\"stageRequiredToPublish\":{\"type\":\"relation\",\"target\":\"plugin::review-workflows.workflow-stage\",\"relation\":\"oneToOne\",\"required\":false},\"contentTypes\":{\"type\":\"json\",\"required\":true,\"default\":\"[]\"},\"createdAt\":{\"type\":\"datetime\"},\"updatedAt\":{\"type\":\"datetime\"},\"publishedAt\":{\"type\":\"datetime\",\"configurable\":false,\"writable\":true,\"visible\":true},\"createdBy\":{\"type\":\"relation\",\"relation\":\"oneToOne\",\"target\":\"admin::user\",\"configurable\":false,\"writable\":false,\"visible\":false,\"useJoinTable\":false,\"private\":true},\"updatedBy\":{\"type\":\"relation\",\"relation\":\"oneToOne\",\"target\":\"admin::user\",\"configurable\":false,\"writable\":false,\"visible\":false,\"useJoinTable\":false,\"private\":true},\"locale\":{\"writable\":true,\"private\":true,\"configurable\":false,\"visible\":false,\"type\":\"string\"},\"localizations\":{\"type\":\"relation\",\"relation\":\"oneToMany\",\"target\":\"plugin::review-workflows.workflow\",\"writable\":false,\"private\":true,\"configurable\":false,\"visible\":false,\"unstable_virtual\":true,\"joinColumn\":{\"name\":\"document_id\",\"referencedColumn\":\"document_id\",\"referencedTable\":\"strapi_workflows\"}}},\"plugin\":\"review-workflows\",\"globalId\":\"ReviewWorkflowsWorkflow\",\"uid\":\"plugin::review-workflows.workflow\",\"modelType\":\"contentType\",\"kind\":\"collectionType\",\"__schema__\":{\"collectionName\":\"strapi_workflows\",\"info\":{\"name\":\"Workflow\",\"description\":\"\",\"singularName\":\"workflow\",\"pluralName\":\"workflows\",\"displayName\":\"Workflow\"},\"options\":{},\"pluginOptions\":{\"content-manager\":{\"visible\":false},\"content-type-builder\":{\"visible\":false}},\"attributes\":{\"name\":{\"type\":\"string\",\"required\":true,\"unique\":true},\"stages\":{\"type\":\"relation\",\"target\":\"plugin::review-workflows.workflow-stage\",\"relation\":\"oneToMany\",\"mappedBy\":\"workflow\"},\"stageRequiredToPublish\":{\"type\":\"relation\",\"target\":\"plugin::review-workflows.workflow-stage\",\"relation\":\"oneToOne\",\"required\":false},\"contentTypes\":{\"type\":\"json\",\"required\":true,\"default\":\"[]\"}},\"kind\":\"collectionType\"},\"modelName\":\"workflow\"},\"plugin::review-workflows.workflow-stage\":{\"collectionName\":\"strapi_workflows_stages\",\"info\":{\"name\":\"Workflow Stage\",\"description\":\"\",\"singularName\":\"workflow-stage\",\"pluralName\":\"workflow-stages\",\"displayName\":\"Stages\"},\"options\":{\"version\":\"1.1.0\",\"draftAndPublish\":false},\"pluginOptions\":{\"content-manager\":{\"visible\":false},\"content-type-builder\":{\"visible\":false}},\"attributes\":{\"name\":{\"type\":\"string\",\"configurable\":false},\"color\":{\"type\":\"string\",\"configurable\":false,\"default\":\"#4945FF\"},\"workflow\":{\"type\":\"relation\",\"target\":\"plugin::review-workflows.workflow\",\"relation\":\"manyToOne\",\"inversedBy\":\"stages\",\"configurable\":false},\"permissions\":{\"type\":\"relation\",\"target\":\"admin::permission\",\"relation\":\"manyToMany\",\"configurable\":false},\"createdAt\":{\"type\":\"datetime\"},\"updatedAt\":{\"type\":\"datetime\"},\"publishedAt\":{\"type\":\"datetime\",\"configurable\":false,\"writable\":true,\"visible\":true},\"createdBy\":{\"type\":\"relation\",\"relation\":\"oneToOne\",\"target\":\"admin::user\",\"configurable\":false,\"writable\":false,\"visible\":false,\"useJoinTable\":false,\"private\":true},\"updatedBy\":{\"type\":\"relation\",\"relation\":\"oneToOne\",\"target\":\"admin::user\",\"configurable\":false,\"writable\":false,\"visible\":false,\"useJoinTable\":false,\"private\":true},\"locale\":{\"writable\":true,\"private\":true,\"configurable\":false,\"visible\":false,\"type\":\"string\"},\"localizations\":{\"type\":\"relation\",\"relation\":\"oneToMany\",\"target\":\"plugin::review-workflows.workflow-stage\",\"writable\":false,\"private\":true,\"configurable\":false,\"visible\":false,\"unstable_virtual\":true,\"joinColumn\":{\"name\":\"document_id\",\"referencedColumn\":\"document_id\",\"referencedTable\":\"strapi_workflows_stages\"}}},\"plugin\":\"review-workflows\",\"globalId\":\"ReviewWorkflowsWorkflowStage\",\"uid\":\"plugin::review-workflows.workflow-stage\",\"modelType\":\"contentType\",\"kind\":\"collectionType\",\"__schema__\":{\"collectionName\":\"strapi_workflows_stages\",\"info\":{\"name\":\"Workflow Stage\",\"description\":\"\",\"singularName\":\"workflow-stage\",\"pluralName\":\"workflow-stages\",\"displayName\":\"Stages\"},\"options\":{\"version\":\"1.1.0\"},\"pluginOptions\":{\"content-manager\":{\"visible\":false},\"content-type-builder\":{\"visible\":false}},\"attributes\":{\"name\":{\"type\":\"string\",\"configurable\":false},\"color\":{\"type\":\"string\",\"configurable\":false,\"default\":\"#4945FF\"},\"workflow\":{\"type\":\"relation\",\"target\":\"plugin::review-workflows.workflow\",\"relation\":\"manyToOne\",\"inversedBy\":\"stages\",\"configurable\":false},\"permissions\":{\"type\":\"relation\",\"target\":\"admin::permission\",\"relation\":\"manyToMany\",\"configurable\":false}},\"kind\":\"collectionType\"},\"modelName\":\"workflow-stage\"},\"plugin::users-permissions.permission\":{\"collectionName\":\"up_permissions\",\"info\":{\"name\":\"permission\",\"description\":\"\",\"singularName\":\"permission\",\"pluralName\":\"permissions\",\"displayName\":\"Permission\"},\"pluginOptions\":{\"content-manager\":{\"visible\":false},\"content-type-builder\":{\"visible\":false}},\"attributes\":{\"action\":{\"type\":\"string\",\"required\":true,\"configurable\":false},\"role\":{\"type\":\"relation\",\"relation\":\"manyToOne\",\"target\":\"plugin::users-permissions.role\",\"inversedBy\":\"permissions\",\"configurable\":false},\"createdAt\":{\"type\":\"datetime\"},\"updatedAt\":{\"type\":\"datetime\"},\"publishedAt\":{\"type\":\"datetime\",\"configurable\":false,\"writable\":true,\"visible\":true},\"createdBy\":{\"type\":\"relation\",\"relation\":\"oneToOne\",\"target\":\"admin::user\",\"configurable\":false,\"writable\":false,\"visible\":false,\"useJoinTable\":false,\"private\":true},\"updatedBy\":{\"type\":\"relation\",\"relation\":\"oneToOne\",\"target\":\"admin::user\",\"configurable\":false,\"writable\":false,\"visible\":false,\"useJoinTable\":false,\"private\":true},\"locale\":{\"writable\":true,\"private\":true,\"configurable\":false,\"visible\":false,\"type\":\"string\"},\"localizations\":{\"type\":\"relation\",\"relation\":\"oneToMany\",\"target\":\"plugin::users-permissions.permission\",\"writable\":false,\"private\":true,\"configurable\":false,\"visible\":false,\"unstable_virtual\":true,\"joinColumn\":{\"name\":\"document_id\",\"referencedColumn\":\"document_id\",\"referencedTable\":\"up_permissions\"}}},\"plugin\":\"users-permissions\",\"globalId\":\"UsersPermissionsPermission\",\"uid\":\"plugin::users-permissions.permission\",\"modelType\":\"contentType\",\"kind\":\"collectionType\",\"__schema__\":{\"collectionName\":\"up_permissions\",\"info\":{\"name\":\"permission\",\"description\":\"\",\"singularName\":\"permission\",\"pluralName\":\"permissions\",\"displayName\":\"Permission\"},\"pluginOptions\":{\"content-manager\":{\"visible\":false},\"content-type-builder\":{\"visible\":false}},\"attributes\":{\"action\":{\"type\":\"string\",\"required\":true,\"configurable\":false},\"role\":{\"type\":\"relation\",\"relation\":\"manyToOne\",\"target\":\"plugin::users-permissions.role\",\"inversedBy\":\"permissions\",\"configurable\":false}},\"kind\":\"collectionType\"},\"modelName\":\"permission\",\"options\":{\"draftAndPublish\":false}},\"plugin::users-permissions.role\":{\"collectionName\":\"up_roles\",\"info\":{\"name\":\"role\",\"description\":\"\",\"singularName\":\"role\",\"pluralName\":\"roles\",\"displayName\":\"Role\"},\"pluginOptions\":{\"content-manager\":{\"visible\":false},\"content-type-builder\":{\"visible\":false}},\"attributes\":{\"name\":{\"type\":\"string\",\"minLength\":3,\"required\":true,\"configurable\":false},\"description\":{\"type\":\"string\",\"configurable\":false},\"type\":{\"type\":\"string\",\"unique\":true,\"configurable\":false},\"permissions\":{\"type\":\"relation\",\"relation\":\"oneToMany\",\"target\":\"plugin::users-permissions.permission\",\"mappedBy\":\"role\",\"configurable\":false},\"users\":{\"type\":\"relation\",\"relation\":\"oneToMany\",\"target\":\"plugin::users-permissions.user\",\"mappedBy\":\"role\",\"configurable\":false},\"createdAt\":{\"type\":\"datetime\"},\"updatedAt\":{\"type\":\"datetime\"},\"publishedAt\":{\"type\":\"datetime\",\"configurable\":false,\"writable\":true,\"visible\":true},\"createdBy\":{\"type\":\"relation\",\"relation\":\"oneToOne\",\"target\":\"admin::user\",\"configurable\":false,\"writable\":false,\"visible\":false,\"useJoinTable\":false,\"private\":true},\"updatedBy\":{\"type\":\"relation\",\"relation\":\"oneToOne\",\"target\":\"admin::user\",\"configurable\":false,\"writable\":false,\"visible\":false,\"useJoinTable\":false,\"private\":true},\"locale\":{\"writable\":true,\"private\":true,\"configurable\":false,\"visible\":false,\"type\":\"string\"},\"localizations\":{\"type\":\"relation\",\"relation\":\"oneToMany\",\"target\":\"plugin::users-permissions.role\",\"writable\":false,\"private\":true,\"configurable\":false,\"visible\":false,\"unstable_virtual\":true,\"joinColumn\":{\"name\":\"document_id\",\"referencedColumn\":\"document_id\",\"referencedTable\":\"up_roles\"}}},\"plugin\":\"users-permissions\",\"globalId\":\"UsersPermissionsRole\",\"uid\":\"plugin::users-permissions.role\",\"modelType\":\"contentType\",\"kind\":\"collectionType\",\"__schema__\":{\"collectionName\":\"up_roles\",\"info\":{\"name\":\"role\",\"description\":\"\",\"singularName\":\"role\",\"pluralName\":\"roles\",\"displayName\":\"Role\"},\"pluginOptions\":{\"content-manager\":{\"visible\":false},\"content-type-builder\":{\"visible\":false}},\"attributes\":{\"name\":{\"type\":\"string\",\"minLength\":3,\"required\":true,\"configurable\":false},\"description\":{\"type\":\"string\",\"configurable\":false},\"type\":{\"type\":\"string\",\"unique\":true,\"configurable\":false},\"permissions\":{\"type\":\"relation\",\"relation\":\"oneToMany\",\"target\":\"plugin::users-permissions.permission\",\"mappedBy\":\"role\",\"configurable\":false},\"users\":{\"type\":\"relation\",\"relation\":\"oneToMany\",\"target\":\"plugin::users-permissions.user\",\"mappedBy\":\"role\",\"configurable\":false}},\"kind\":\"collectionType\"},\"modelName\":\"role\",\"options\":{\"draftAndPublish\":false}},\"plugin::users-permissions.user\":{\"collectionName\":\"up_users\",\"info\":{\"name\":\"user\",\"description\":\"\",\"singularName\":\"user\",\"pluralName\":\"users\",\"displayName\":\"User\"},\"options\":{\"draftAndPublish\":false},\"attributes\":{\"username\":{\"type\":\"string\",\"minLength\":3,\"unique\":true,\"configurable\":false,\"required\":true},\"email\":{\"type\":\"email\",\"minLength\":6,\"configurable\":false,\"required\":true},\"provider\":{\"type\":\"string\",\"configurable\":false},\"password\":{\"type\":\"password\",\"minLength\":6,\"configurable\":false,\"private\":true,\"searchable\":false},\"resetPasswordToken\":{\"type\":\"string\",\"configurable\":false,\"private\":true,\"searchable\":false},\"confirmationToken\":{\"type\":\"string\",\"configurable\":false,\"private\":true,\"searchable\":false},\"confirmed\":{\"type\":\"boolean\",\"default\":false,\"configurable\":false},\"blocked\":{\"type\":\"boolean\",\"default\":false,\"configurable\":false},\"role\":{\"type\":\"relation\",\"relation\":\"manyToOne\",\"target\":\"plugin::users-permissions.role\",\"inversedBy\":\"users\",\"configurable\":false},\"createdAt\":{\"type\":\"datetime\"},\"updatedAt\":{\"type\":\"datetime\"},\"publishedAt\":{\"type\":\"datetime\",\"configurable\":false,\"writable\":true,\"visible\":true},\"createdBy\":{\"type\":\"relation\",\"relation\":\"oneToOne\",\"target\":\"admin::user\",\"configurable\":false,\"writable\":false,\"visible\":false,\"useJoinTable\":false,\"private\":true},\"updatedBy\":{\"type\":\"relation\",\"relation\":\"oneToOne\",\"target\":\"admin::user\",\"configurable\":false,\"writable\":false,\"visible\":false,\"useJoinTable\":false,\"private\":true},\"locale\":{\"writable\":true,\"private\":true,\"configurable\":false,\"visible\":false,\"type\":\"string\"},\"localizations\":{\"type\":\"relation\",\"relation\":\"oneToMany\",\"target\":\"plugin::users-permissions.user\",\"writable\":false,\"private\":true,\"configurable\":false,\"visible\":false,\"unstable_virtual\":true,\"joinColumn\":{\"name\":\"document_id\",\"referencedColumn\":\"document_id\",\"referencedTable\":\"up_users\"}}},\"config\":{\"attributes\":{\"resetPasswordToken\":{\"hidden\":true},\"confirmationToken\":{\"hidden\":true},\"provider\":{\"hidden\":true}}},\"plugin\":\"users-permissions\",\"globalId\":\"UsersPermissionsUser\",\"kind\":\"collectionType\",\"pluginOptions\":{},\"__filename__\":\"schema.json\",\"uid\":\"plugin::users-permissions.user\",\"modelType\":\"contentType\",\"__schema__\":{\"collectionName\":\"up_users\",\"info\":{\"name\":\"user\",\"description\":\"\",\"singularName\":\"user\",\"pluralName\":\"users\",\"displayName\":\"User\"},\"options\":{\"draftAndPublish\":false},\"pluginOptions\":{},\"attributes\":{\"username\":{\"type\":\"string\",\"minLength\":3,\"unique\":true,\"configurable\":false,\"required\":true},\"email\":{\"type\":\"email\",\"minLength\":6,\"configurable\":false,\"required\":true},\"provider\":{\"type\":\"string\",\"configurable\":false},\"password\":{\"type\":\"password\",\"minLength\":6,\"configurable\":false,\"private\":true,\"searchable\":false},\"resetPasswordToken\":{\"type\":\"string\",\"configurable\":false,\"private\":true,\"searchable\":false},\"confirmationToken\":{\"type\":\"string\",\"configurable\":false,\"private\":true,\"searchable\":false},\"confirmed\":{\"type\":\"boolean\",\"default\":false,\"configurable\":false},\"blocked\":{\"type\":\"boolean\",\"default\":false,\"configurable\":false},\"role\":{\"type\":\"relation\",\"relation\":\"manyToOne\",\"target\":\"plugin::users-permissions.role\",\"inversedBy\":\"users\",\"configurable\":false}},\"kind\":\"collectionType\"},\"modelName\":\"user\"},\"api::check-in.check-in\":{\"kind\":\"collectionType\",\"collectionName\":\"check_ins\",\"info\":{\"singularName\":\"check-in\",\"pluralName\":\"check-ins\",\"displayName\":\"CheckIn\"},\"options\":{\"draftAndPublish\":true},\"pluginOptions\":{},\"attributes\":{\"event\":{\"type\":\"relation\",\"relation\":\"manyToOne\",\"target\":\"api::event.event\",\"inversedBy\":\"check_ins\"},\"coach\":{\"type\":\"relation\",\"relation\":\"manyToOne\",\"target\":\"api::coach.coach\",\"inversedBy\":\"check_ins\"},\"latitude\":{\"type\":\"decimal\"},\"longitude\":{\"type\":\"decimal\"},\"coachSelfie\":{\"type\":\"media\",\"multiple\":false,\"allowedTypes\":[\"images\",\"files\",\"videos\",\"audios\"]},\"studentPhotots\":{\"type\":\"media\",\"multiple\":true,\"allowedTypes\":[\"images\",\"files\",\"videos\",\"audios\"]},\"state\":{\"type\":\"enumeration\",\"enum\":[\"pending\",\"approved\",\"rejected\"]},\"moderatorNote\":{\"type\":\"string\"},\"createdAt\":{\"type\":\"datetime\"},\"updatedAt\":{\"type\":\"datetime\"},\"publishedAt\":{\"type\":\"datetime\",\"configurable\":false,\"writable\":true,\"visible\":true},\"createdBy\":{\"type\":\"relation\",\"relation\":\"oneToOne\",\"target\":\"admin::user\",\"configurable\":false,\"writable\":false,\"visible\":false,\"useJoinTable\":false,\"private\":true},\"updatedBy\":{\"type\":\"relation\",\"relation\":\"oneToOne\",\"target\":\"admin::user\",\"configurable\":false,\"writable\":false,\"visible\":false,\"useJoinTable\":false,\"private\":true},\"locale\":{\"writable\":true,\"private\":true,\"configurable\":false,\"visible\":false,\"type\":\"string\"},\"localizations\":{\"type\":\"relation\",\"relation\":\"oneToMany\",\"target\":\"api::check-in.check-in\",\"writable\":false,\"private\":true,\"configurable\":false,\"visible\":false,\"unstable_virtual\":true,\"joinColumn\":{\"name\":\"document_id\",\"referencedColumn\":\"document_id\",\"referencedTable\":\"check_ins\"}}},\"apiName\":\"check-in\",\"globalId\":\"CheckIn\",\"uid\":\"api::check-in.check-in\",\"modelType\":\"contentType\",\"__schema__\":{\"collectionName\":\"check_ins\",\"info\":{\"singularName\":\"check-in\",\"pluralName\":\"check-ins\",\"displayName\":\"CheckIn\"},\"options\":{\"draftAndPublish\":true},\"pluginOptions\":{},\"attributes\":{\"event\":{\"type\":\"relation\",\"relation\":\"manyToOne\",\"target\":\"api::event.event\",\"inversedBy\":\"check_ins\"},\"coach\":{\"type\":\"relation\",\"relation\":\"manyToOne\",\"target\":\"api::coach.coach\",\"inversedBy\":\"check_ins\"},\"latitude\":{\"type\":\"decimal\"},\"longitude\":{\"type\":\"decimal\"},\"coachSelfie\":{\"type\":\"media\",\"multiple\":false,\"allowedTypes\":[\"images\",\"files\",\"videos\",\"audios\"]},\"studentPhotots\":{\"type\":\"media\",\"multiple\":true,\"allowedTypes\":[\"images\",\"files\",\"videos\",\"audios\"]},\"state\":{\"type\":\"enumeration\",\"enum\":[\"pending\",\"approved\",\"rejected\"]},\"moderatorNote\":{\"type\":\"string\"}},\"kind\":\"collectionType\"},\"modelName\":\"check-in\",\"actions\":{},\"lifecycles\":{}},\"api::coach.coach\":{\"kind\":\"collectionType\",\"collectionName\":\"coaches\",\"info\":{\"singularName\":\"coach\",\"pluralName\":\"coaches\",\"displayName\":\"Coach\"},\"options\":{\"draftAndPublish\":true},\"pluginOptions\":{\"i18n\":{\"localized\":true}},\"attributes\":{\"avatar\":{\"type\":\"media\",\"pluginOptions\":{\"i18n\":{\"localized\":true}},\"multiple\":false,\"allowedTypes\":[\"images\",\"files\",\"videos\",\"audios\"]},\"firstName\":{\"type\":\"string\",\"pluginOptions\":{\"i18n\":{\"localized\":true}}},\"lastName\":{\"type\":\"string\",\"pluginOptions\":{\"i18n\":{\"localized\":true}}},\"middleName\":{\"type\":\"string\",\"pluginOptions\":{\"i18n\":{\"localized\":true}}},\"students\":{\"type\":\"relation\",\"relation\":\"oneToMany\",\"target\":\"api::student.student\",\"mappedBy\":\"coach\"},\"discipline\":{\"type\":\"relation\",\"relation\":\"manyToOne\",\"target\":\"api::discipline.discipline\",\"inversedBy\":\"coaches\"},\"Desc\":{\"type\":\"text\",\"pluginOptions\":{\"i18n\":{\"localized\":true}}},\"events\":{\"type\":\"relation\",\"relation\":\"manyToMany\",\"target\":\"api::event.event\",\"mappedBy\":\"coaches\"},\"check_ins\":{\"type\":\"relation\",\"relation\":\"oneToMany\",\"target\":\"api::check-in.check-in\",\"mappedBy\":\"coach\"},\"users_permissions_user\":{\"type\":\"relation\",\"relation\":\"oneToOne\",\"target\":\"plugin::users-permissions.user\"},\"createdAt\":{\"type\":\"datetime\"},\"updatedAt\":{\"type\":\"datetime\"},\"publishedAt\":{\"type\":\"datetime\",\"configurable\":false,\"writable\":true,\"visible\":true},\"createdBy\":{\"type\":\"relation\",\"relation\":\"oneToOne\",\"target\":\"admin::user\",\"configurable\":false,\"writable\":false,\"visible\":false,\"useJoinTable\":false,\"private\":true},\"updatedBy\":{\"type\":\"relation\",\"relation\":\"oneToOne\",\"target\":\"admin::user\",\"configurable\":false,\"writable\":false,\"visible\":false,\"useJoinTable\":false,\"private\":true},\"locale\":{\"writable\":true,\"private\":false,\"configurable\":false,\"visible\":false,\"type\":\"string\"},\"localizations\":{\"type\":\"relation\",\"relation\":\"oneToMany\",\"target\":\"api::coach.coach\",\"writable\":false,\"private\":false,\"configurable\":false,\"visible\":false,\"unstable_virtual\":true,\"joinColumn\":{\"name\":\"document_id\",\"referencedColumn\":\"document_id\",\"referencedTable\":\"coaches\"}}},\"apiName\":\"coach\",\"globalId\":\"Coach\",\"uid\":\"api::coach.coach\",\"modelType\":\"contentType\",\"__schema__\":{\"collectionName\":\"coaches\",\"info\":{\"singularName\":\"coach\",\"pluralName\":\"coaches\",\"displayName\":\"Coach\"},\"options\":{\"draftAndPublish\":true},\"pluginOptions\":{\"i18n\":{\"localized\":true}},\"attributes\":{\"avatar\":{\"type\":\"media\",\"pluginOptions\":{\"i18n\":{\"localized\":true}},\"multiple\":false,\"allowedTypes\":[\"images\",\"files\",\"videos\",\"audios\"]},\"firstName\":{\"type\":\"string\",\"pluginOptions\":{\"i18n\":{\"localized\":true}}},\"lastName\":{\"type\":\"string\",\"pluginOptions\":{\"i18n\":{\"localized\":true}}},\"middleName\":{\"type\":\"string\",\"pluginOptions\":{\"i18n\":{\"localized\":true}}},\"students\":{\"type\":\"relation\",\"relation\":\"oneToMany\",\"target\":\"api::student.student\",\"mappedBy\":\"coach\"},\"discipline\":{\"type\":\"relation\",\"relation\":\"manyToOne\",\"target\":\"api::discipline.discipline\",\"inversedBy\":\"coaches\"},\"Desc\":{\"type\":\"text\",\"pluginOptions\":{\"i18n\":{\"localized\":true}}},\"events\":{\"type\":\"relation\",\"relation\":\"manyToMany\",\"target\":\"api::event.event\",\"mappedBy\":\"coaches\"},\"check_ins\":{\"type\":\"relation\",\"relation\":\"oneToMany\",\"target\":\"api::check-in.check-in\",\"mappedBy\":\"coach\"},\"users_permissions_user\":{\"type\":\"relation\",\"relation\":\"oneToOne\",\"target\":\"plugin::users-permissions.user\"}},\"kind\":\"collectionType\"},\"modelName\":\"coach\",\"actions\":{},\"lifecycles\":{}},\"api::coach-base.coach-base\":{\"kind\":\"singleType\",\"collectionName\":\"coach_bases\",\"info\":{\"singularName\":\"coach-base\",\"pluralName\":\"coach-bases\",\"displayName\":\"CoachBase\"},\"options\":{\"draftAndPublish\":true},\"pluginOptions\":{\"i18n\":{\"localized\":true}},\"attributes\":{\"CoachTitle\":{\"type\":\"string\",\"pluginOptions\":{\"i18n\":{\"localized\":true}}},\"title\":{\"type\":\"string\",\"pluginOptions\":{\"i18n\":{\"localized\":true}}},\"logout\":{\"type\":\"string\",\"pluginOptions\":{\"i18n\":{\"localized\":true}}},\"checkInBtn\":{\"type\":\"string\",\"pluginOptions\":{\"i18n\":{\"localized\":true}}},\"EventTitle\":{\"type\":\"string\",\"pluginOptions\":{\"i18n\":{\"localized\":true}}},\"AthListTitle\":{\"type\":\"string\",\"pluginOptions\":{\"i18n\":{\"localized\":true}}},\"coaches\":{\"type\":\"relation\",\"relation\":\"oneToMany\",\"target\":\"api::coach.coach\"},\"events\":{\"type\":\"relation\",\"relation\":\"oneToMany\",\"target\":\"api::event.event\"},\"students\":{\"type\":\"relation\",\"relation\":\"oneToMany\",\"target\":\"api::student.student\"},\"langSwitch\":{\"type\":\"component\",\"pluginOptions\":{\"i18n\":{\"localized\":true}},\"component\":\"lang-switch.navlink\",\"repeatable\":true},\"createdAt\":{\"type\":\"datetime\"},\"updatedAt\":{\"type\":\"datetime\"},\"publishedAt\":{\"type\":\"datetime\",\"configurable\":false,\"writable\":true,\"visible\":true},\"createdBy\":{\"type\":\"relation\",\"relation\":\"oneToOne\",\"target\":\"admin::user\",\"configurable\":false,\"writable\":false,\"visible\":false,\"useJoinTable\":false,\"private\":true},\"updatedBy\":{\"type\":\"relation\",\"relation\":\"oneToOne\",\"target\":\"admin::user\",\"configurable\":false,\"writable\":false,\"visible\":false,\"useJoinTable\":false,\"private\":true},\"locale\":{\"writable\":true,\"private\":false,\"configurable\":false,\"visible\":false,\"type\":\"string\"},\"localizations\":{\"type\":\"relation\",\"relation\":\"oneToMany\",\"target\":\"api::coach-base.coach-base\",\"writable\":false,\"private\":false,\"configurable\":false,\"visible\":false,\"unstable_virtual\":true,\"joinColumn\":{\"name\":\"document_id\",\"referencedColumn\":\"document_id\",\"referencedTable\":\"coach_bases\"}}},\"apiName\":\"coach-base\",\"globalId\":\"CoachBase\",\"uid\":\"api::coach-base.coach-base\",\"modelType\":\"contentType\",\"__schema__\":{\"collectionName\":\"coach_bases\",\"info\":{\"singularName\":\"coach-base\",\"pluralName\":\"coach-bases\",\"displayName\":\"CoachBase\"},\"options\":{\"draftAndPublish\":true},\"pluginOptions\":{\"i18n\":{\"localized\":true}},\"attributes\":{\"CoachTitle\":{\"type\":\"string\",\"pluginOptions\":{\"i18n\":{\"localized\":true}}},\"title\":{\"type\":\"string\",\"pluginOptions\":{\"i18n\":{\"localized\":true}}},\"logout\":{\"type\":\"string\",\"pluginOptions\":{\"i18n\":{\"localized\":true}}},\"checkInBtn\":{\"type\":\"string\",\"pluginOptions\":{\"i18n\":{\"localized\":true}}},\"EventTitle\":{\"type\":\"string\",\"pluginOptions\":{\"i18n\":{\"localized\":true}}},\"AthListTitle\":{\"type\":\"string\",\"pluginOptions\":{\"i18n\":{\"localized\":true}}},\"coaches\":{\"type\":\"relation\",\"relation\":\"oneToMany\",\"target\":\"api::coach.coach\"},\"events\":{\"type\":\"relation\",\"relation\":\"oneToMany\",\"target\":\"api::event.event\"},\"students\":{\"type\":\"relation\",\"relation\":\"oneToMany\",\"target\":\"api::student.student\"},\"langSwitch\":{\"type\":\"component\",\"pluginOptions\":{\"i18n\":{\"localized\":true}},\"component\":\"lang-switch.navlink\",\"repeatable\":true}},\"kind\":\"singleType\"},\"modelName\":\"coach-base\",\"actions\":{},\"lifecycles\":{}},\"api::discipline.discipline\":{\"kind\":\"collectionType\",\"collectionName\":\"disciplines\",\"info\":{\"singularName\":\"discipline\",\"pluralName\":\"disciplines\",\"displayName\":\"discipline\"},\"options\":{\"draftAndPublish\":true},\"pluginOptions\":{\"i18n\":{\"localized\":true}},\"attributes\":{\"name\":{\"type\":\"string\",\"pluginOptions\":{\"i18n\":{\"localized\":true}}},\"coaches\":{\"type\":\"relation\",\"relation\":\"oneToMany\",\"target\":\"api::coach.coach\",\"mappedBy\":\"discipline\"},\"students\":{\"type\":\"relation\",\"relation\":\"oneToMany\",\"target\":\"api::student.student\",\"mappedBy\":\"discipline\"},\"createdAt\":{\"type\":\"datetime\"},\"updatedAt\":{\"type\":\"datetime\"},\"publishedAt\":{\"type\":\"datetime\",\"configurable\":false,\"writable\":true,\"visible\":true},\"createdBy\":{\"type\":\"relation\",\"relation\":\"oneToOne\",\"target\":\"admin::user\",\"configurable\":false,\"writable\":false,\"visible\":false,\"useJoinTable\":false,\"private\":true},\"updatedBy\":{\"type\":\"relation\",\"relation\":\"oneToOne\",\"target\":\"admin::user\",\"configurable\":false,\"writable\":false,\"visible\":false,\"useJoinTable\":false,\"private\":true},\"locale\":{\"writable\":true,\"private\":false,\"configurable\":false,\"visible\":false,\"type\":\"string\"},\"localizations\":{\"type\":\"relation\",\"relation\":\"oneToMany\",\"target\":\"api::discipline.discipline\",\"writable\":false,\"private\":false,\"configurable\":false,\"visible\":false,\"unstable_virtual\":true,\"joinColumn\":{\"name\":\"document_id\",\"referencedColumn\":\"document_id\",\"referencedTable\":\"disciplines\"}}},\"apiName\":\"discipline\",\"globalId\":\"Discipline\",\"uid\":\"api::discipline.discipline\",\"modelType\":\"contentType\",\"__schema__\":{\"collectionName\":\"disciplines\",\"info\":{\"singularName\":\"discipline\",\"pluralName\":\"disciplines\",\"displayName\":\"discipline\"},\"options\":{\"draftAndPublish\":true},\"pluginOptions\":{\"i18n\":{\"localized\":true}},\"attributes\":{\"name\":{\"type\":\"string\",\"pluginOptions\":{\"i18n\":{\"localized\":true}}},\"coaches\":{\"type\":\"relation\",\"relation\":\"oneToMany\",\"target\":\"api::coach.coach\",\"mappedBy\":\"discipline\"},\"students\":{\"type\":\"relation\",\"relation\":\"oneToMany\",\"target\":\"api::student.student\",\"mappedBy\":\"discipline\"}},\"kind\":\"collectionType\"},\"modelName\":\"discipline\",\"actions\":{},\"lifecycles\":{}},\"api::event.event\":{\"kind\":\"collectionType\",\"collectionName\":\"events\",\"info\":{\"singularName\":\"event\",\"pluralName\":\"events\",\"displayName\":\"Event\"},\"options\":{\"draftAndPublish\":true},\"pluginOptions\":{},\"attributes\":{\"title\":{\"type\":\"string\"},\"date\":{\"type\":\"datetime\"},\"location\":{\"type\":\"string\"},\"coaches\":{\"type\":\"relation\",\"relation\":\"manyToMany\",\"target\":\"api::coach.coach\",\"inversedBy\":\"events\"},\"state\":{\"type\":\"enumeration\",\"enum\":[\"draft\",\"active\",\"completed\"]},\"check_ins\":{\"type\":\"relation\",\"relation\":\"oneToMany\",\"target\":\"api::check-in.check-in\",\"mappedBy\":\"event\"},\"createdAt\":{\"type\":\"datetime\"},\"updatedAt\":{\"type\":\"datetime\"},\"publishedAt\":{\"type\":\"datetime\",\"configurable\":false,\"writable\":true,\"visible\":true},\"createdBy\":{\"type\":\"relation\",\"relation\":\"oneToOne\",\"target\":\"admin::user\",\"configurable\":false,\"writable\":false,\"visible\":false,\"useJoinTable\":false,\"private\":true},\"updatedBy\":{\"type\":\"relation\",\"relation\":\"oneToOne\",\"target\":\"admin::user\",\"configurable\":false,\"writable\":false,\"visible\":false,\"useJoinTable\":false,\"private\":true},\"locale\":{\"writable\":true,\"private\":true,\"configurable\":false,\"visible\":false,\"type\":\"string\"},\"localizations\":{\"type\":\"relation\",\"relation\":\"oneToMany\",\"target\":\"api::event.event\",\"writable\":false,\"private\":true,\"configurable\":false,\"visible\":false,\"unstable_virtual\":true,\"joinColumn\":{\"name\":\"document_id\",\"referencedColumn\":\"document_id\",\"referencedTable\":\"events\"}}},\"apiName\":\"event\",\"globalId\":\"Event\",\"uid\":\"api::event.event\",\"modelType\":\"contentType\",\"__schema__\":{\"collectionName\":\"events\",\"info\":{\"singularName\":\"event\",\"pluralName\":\"events\",\"displayName\":\"Event\"},\"options\":{\"draftAndPublish\":true},\"pluginOptions\":{},\"attributes\":{\"title\":{\"type\":\"string\"},\"date\":{\"type\":\"datetime\"},\"location\":{\"type\":\"string\"},\"coaches\":{\"type\":\"relation\",\"relation\":\"manyToMany\",\"target\":\"api::coach.coach\",\"inversedBy\":\"events\"},\"state\":{\"type\":\"enumeration\",\"enum\":[\"draft\",\"active\",\"completed\"]},\"check_ins\":{\"type\":\"relation\",\"relation\":\"oneToMany\",\"target\":\"api::check-in.check-in\",\"mappedBy\":\"event\"}},\"kind\":\"collectionType\"},\"modelName\":\"event\",\"actions\":{},\"lifecycles\":{}},\"api::header.header\":{\"kind\":\"singleType\",\"collectionName\":\"headers\",\"info\":{\"singularName\":\"header\",\"pluralName\":\"headers\",\"displayName\":\"Global\"},\"options\":{\"draftAndPublish\":true},\"pluginOptions\":{\"i18n\":{\"localized\":true}},\"attributes\":{\"LogoHeader\":{\"type\":\"media\",\"pluginOptions\":{\"i18n\":{\"localized\":true}},\"multiple\":false,\"allowedTypes\":[\"images\",\"files\",\"videos\",\"audios\"]},\"Title\":{\"type\":\"string\",\"pluginOptions\":{\"i18n\":{\"localized\":true}}},\"loginBtn\":{\"type\":\"string\",\"pluginOptions\":{\"i18n\":{\"localized\":true}}},\"FooterTitle\":{\"type\":\"string\",\"pluginOptions\":{\"i18n\":{\"localized\":true}}},\"FooterAddr\":{\"type\":\"string\",\"pluginOptions\":{\"i18n\":{\"localized\":true}}},\"FooterLogos\":{\"type\":\"media\",\"pluginOptions\":{\"i18n\":{\"localized\":true}},\"multiple\":true,\"allowedTypes\":[\"images\",\"files\",\"videos\",\"audios\"]},\"LangSwitch\":{\"type\":\"component\",\"pluginOptions\":{\"i18n\":{\"localized\":true}},\"component\":\"lang-switch.navlink\",\"repeatable\":true},\"PhoneNumber\":{\"type\":\"string\",\"pluginOptions\":{\"i18n\":{\"localized\":true}},\"customField\":\"plugin::strapi-phone-validator-5.phone\"},\"Coords\":{\"type\":\"component\",\"pluginOptions\":{\"i18n\":{\"localized\":true}},\"component\":\"map.location\",\"repeatable\":false},\"createdAt\":{\"type\":\"datetime\"},\"updatedAt\":{\"type\":\"datetime\"},\"publishedAt\":{\"type\":\"datetime\",\"configurable\":false,\"writable\":true,\"visible\":true},\"createdBy\":{\"type\":\"relation\",\"relation\":\"oneToOne\",\"target\":\"admin::user\",\"configurable\":false,\"writable\":false,\"visible\":false,\"useJoinTable\":false,\"private\":true},\"updatedBy\":{\"type\":\"relation\",\"relation\":\"oneToOne\",\"target\":\"admin::user\",\"configurable\":false,\"writable\":false,\"visible\":false,\"useJoinTable\":false,\"private\":true},\"locale\":{\"writable\":true,\"private\":false,\"configurable\":false,\"visible\":false,\"type\":\"string\"},\"localizations\":{\"type\":\"relation\",\"relation\":\"oneToMany\",\"target\":\"api::header.header\",\"writable\":false,\"private\":false,\"configurable\":false,\"visible\":false,\"unstable_virtual\":true,\"joinColumn\":{\"name\":\"document_id\",\"referencedColumn\":\"document_id\",\"referencedTable\":\"headers\"}}},\"apiName\":\"header\",\"globalId\":\"Header\",\"uid\":\"api::header.header\",\"modelType\":\"contentType\",\"__schema__\":{\"collectionName\":\"headers\",\"info\":{\"singularName\":\"header\",\"pluralName\":\"headers\",\"displayName\":\"Global\"},\"options\":{\"draftAndPublish\":true},\"pluginOptions\":{\"i18n\":{\"localized\":true}},\"attributes\":{\"LogoHeader\":{\"type\":\"media\",\"pluginOptions\":{\"i18n\":{\"localized\":true}},\"multiple\":false,\"allowedTypes\":[\"images\",\"files\",\"videos\",\"audios\"]},\"Title\":{\"type\":\"string\",\"pluginOptions\":{\"i18n\":{\"localized\":true}}},\"loginBtn\":{\"type\":\"string\",\"pluginOptions\":{\"i18n\":{\"localized\":true}}},\"FooterTitle\":{\"type\":\"string\",\"pluginOptions\":{\"i18n\":{\"localized\":true}}},\"FooterAddr\":{\"type\":\"string\",\"pluginOptions\":{\"i18n\":{\"localized\":true}}},\"FooterLogos\":{\"type\":\"media\",\"pluginOptions\":{\"i18n\":{\"localized\":true}},\"multiple\":true,\"allowedTypes\":[\"images\",\"files\",\"videos\",\"audios\"]},\"LangSwitch\":{\"type\":\"component\",\"pluginOptions\":{\"i18n\":{\"localized\":true}},\"component\":\"lang-switch.navlink\",\"repeatable\":true},\"PhoneNumber\":{\"type\":\"customField\",\"pluginOptions\":{\"i18n\":{\"localized\":true}},\"customField\":\"plugin::strapi-phone-validator-5.phone\"},\"Coords\":{\"type\":\"component\",\"pluginOptions\":{\"i18n\":{\"localized\":true}},\"component\":\"map.location\",\"repeatable\":false}},\"kind\":\"singleType\"},\"modelName\":\"header\",\"actions\":{},\"lifecycles\":{}},\"api::home.home\":{\"kind\":\"collectionType\",\"collectionName\":\"homes\",\"info\":{\"singularName\":\"home\",\"pluralName\":\"homes\",\"displayName\":\"Home\"},\"options\":{\"draftAndPublish\":true},\"pluginOptions\":{\"i18n\":{\"localized\":true}},\"attributes\":{\"HeroTitle\":{\"type\":\"string\",\"pluginOptions\":{\"i18n\":{\"localized\":true}}},\"HeroDesc\":{\"type\":\"string\",\"pluginOptions\":{\"i18n\":{\"localized\":true}}},\"Achivments\":{\"type\":\"string\",\"pluginOptions\":{\"i18n\":{\"localized\":true}}},\"Medals\":{\"type\":\"string\",\"pluginOptions\":{\"i18n\":{\"localized\":true}}},\"Sportsmens\":{\"type\":\"string\",\"pluginOptions\":{\"i18n\":{\"localized\":true}}},\"Scolarship\":{\"type\":\"string\",\"pluginOptions\":{\"i18n\":{\"localized\":true}}},\"OurPride\":{\"type\":\"string\",\"pluginOptions\":{\"i18n\":{\"localized\":true}}},\"BtnCoach\":{\"type\":\"string\",\"pluginOptions\":{\"i18n\":{\"localized\":true}}},\"BtnAth\":{\"type\":\"string\",\"pluginOptions\":{\"i18n\":{\"localized\":true}}},\"BackVid\":{\"type\":\"media\",\"pluginOptions\":{\"i18n\":{\"localized\":true}},\"multiple\":false,\"allowedTypes\":[\"images\",\"files\",\"videos\",\"audios\"]},\"createdAt\":{\"type\":\"datetime\"},\"updatedAt\":{\"type\":\"datetime\"},\"publishedAt\":{\"type\":\"datetime\",\"configurable\":false,\"writable\":true,\"visible\":true},\"createdBy\":{\"type\":\"relation\",\"relation\":\"oneToOne\",\"target\":\"admin::user\",\"configurable\":false,\"writable\":false,\"visible\":false,\"useJoinTable\":false,\"private\":true},\"updatedBy\":{\"type\":\"relation\",\"relation\":\"oneToOne\",\"target\":\"admin::user\",\"configurable\":false,\"writable\":false,\"visible\":false,\"useJoinTable\":false,\"private\":true},\"locale\":{\"writable\":true,\"private\":false,\"configurable\":false,\"visible\":false,\"type\":\"string\"},\"localizations\":{\"type\":\"relation\",\"relation\":\"oneToMany\",\"target\":\"api::home.home\",\"writable\":false,\"private\":false,\"configurable\":false,\"visible\":false,\"unstable_virtual\":true,\"joinColumn\":{\"name\":\"document_id\",\"referencedColumn\":\"document_id\",\"referencedTable\":\"homes\"}}},\"apiName\":\"home\",\"globalId\":\"Home\",\"uid\":\"api::home.home\",\"modelType\":\"contentType\",\"__schema__\":{\"collectionName\":\"homes\",\"info\":{\"singularName\":\"home\",\"pluralName\":\"homes\",\"displayName\":\"Home\"},\"options\":{\"draftAndPublish\":true},\"pluginOptions\":{\"i18n\":{\"localized\":true}},\"attributes\":{\"HeroTitle\":{\"type\":\"string\",\"pluginOptions\":{\"i18n\":{\"localized\":true}}},\"HeroDesc\":{\"type\":\"string\",\"pluginOptions\":{\"i18n\":{\"localized\":true}}},\"Achivments\":{\"type\":\"string\",\"pluginOptions\":{\"i18n\":{\"localized\":true}}},\"Medals\":{\"type\":\"string\",\"pluginOptions\":{\"i18n\":{\"localized\":true}}},\"Sportsmens\":{\"type\":\"string\",\"pluginOptions\":{\"i18n\":{\"localized\":true}}},\"Scolarship\":{\"type\":\"string\",\"pluginOptions\":{\"i18n\":{\"localized\":true}}},\"OurPride\":{\"type\":\"string\",\"pluginOptions\":{\"i18n\":{\"localized\":true}}},\"BtnCoach\":{\"type\":\"string\",\"pluginOptions\":{\"i18n\":{\"localized\":true}}},\"BtnAth\":{\"type\":\"string\",\"pluginOptions\":{\"i18n\":{\"localized\":true}}},\"BackVid\":{\"type\":\"media\",\"pluginOptions\":{\"i18n\":{\"localized\":true}},\"multiple\":false,\"allowedTypes\":[\"images\",\"files\",\"videos\",\"audios\"]}},\"kind\":\"collectionType\"},\"modelName\":\"home\",\"actions\":{},\"lifecycles\":{}},\"api::login.login\":{\"kind\":\"singleType\",\"collectionName\":\"logins\",\"info\":{\"singularName\":\"login\",\"pluralName\":\"logins\",\"displayName\":\"Login\"},\"options\":{\"draftAndPublish\":true},\"pluginOptions\":{\"i18n\":{\"localized\":true}},\"attributes\":{\"username\":{\"type\":\"string\",\"pluginOptions\":{\"i18n\":{\"localized\":true}}},\"password\":{\"type\":\"string\",\"pluginOptions\":{\"i18n\":{\"localized\":true}}},\"loginBtn\":{\"type\":\"string\",\"pluginOptions\":{\"i18n\":{\"localized\":true}}},\"langswitch\":{\"type\":\"component\",\"pluginOptions\":{\"i18n\":{\"localized\":true}},\"component\":\"lang-switch.navlink\",\"repeatable\":true},\"BackToSite\":{\"type\":\"string\",\"pluginOptions\":{\"i18n\":{\"localized\":true}}},\"title\":{\"type\":\"string\",\"pluginOptions\":{\"i18n\":{\"localized\":true}}},\"createdAt\":{\"type\":\"datetime\"},\"updatedAt\":{\"type\":\"datetime\"},\"publishedAt\":{\"type\":\"datetime\",\"configurable\":false,\"writable\":true,\"visible\":true},\"createdBy\":{\"type\":\"relation\",\"relation\":\"oneToOne\",\"target\":\"admin::user\",\"configurable\":false,\"writable\":false,\"visible\":false,\"useJoinTable\":false,\"private\":true},\"updatedBy\":{\"type\":\"relation\",\"relation\":\"oneToOne\",\"target\":\"admin::user\",\"configurable\":false,\"writable\":false,\"visible\":false,\"useJoinTable\":false,\"private\":true},\"locale\":{\"writable\":true,\"private\":false,\"configurable\":false,\"visible\":false,\"type\":\"string\"},\"localizations\":{\"type\":\"relation\",\"relation\":\"oneToMany\",\"target\":\"api::login.login\",\"writable\":false,\"private\":false,\"configurable\":false,\"visible\":false,\"unstable_virtual\":true,\"joinColumn\":{\"name\":\"document_id\",\"referencedColumn\":\"document_id\",\"referencedTable\":\"logins\"}}},\"apiName\":\"login\",\"globalId\":\"Login\",\"uid\":\"api::login.login\",\"modelType\":\"contentType\",\"__schema__\":{\"collectionName\":\"logins\",\"info\":{\"singularName\":\"login\",\"pluralName\":\"logins\",\"displayName\":\"Login\"},\"options\":{\"draftAndPublish\":true},\"pluginOptions\":{\"i18n\":{\"localized\":true}},\"attributes\":{\"username\":{\"type\":\"string\",\"pluginOptions\":{\"i18n\":{\"localized\":true}}},\"password\":{\"type\":\"string\",\"pluginOptions\":{\"i18n\":{\"localized\":true}}},\"loginBtn\":{\"type\":\"string\",\"pluginOptions\":{\"i18n\":{\"localized\":true}}},\"langswitch\":{\"type\":\"component\",\"pluginOptions\":{\"i18n\":{\"localized\":true}},\"component\":\"lang-switch.navlink\",\"repeatable\":true},\"BackToSite\":{\"type\":\"string\",\"pluginOptions\":{\"i18n\":{\"localized\":true}}},\"title\":{\"type\":\"string\",\"pluginOptions\":{\"i18n\":{\"localized\":true}}}},\"kind\":\"singleType\"},\"modelName\":\"login\",\"actions\":{},\"lifecycles\":{}},\"api::moderator-base.moderator-base\":{\"kind\":\"singleType\",\"collectionName\":\"moderator_bases\",\"info\":{\"singularName\":\"moderator-base\",\"pluralName\":\"moderator-bases\",\"displayName\":\"ModeratorBase\"},\"options\":{\"draftAndPublish\":true},\"pluginOptions\":{},\"attributes\":{\"title\":{\"type\":\"string\"},\"langswitch\":{\"type\":\"component\",\"component\":\"lang-switch.navlink\",\"repeatable\":true},\"logout\":{\"type\":\"string\"},\"disciplines\":{\"type\":\"relation\",\"relation\":\"oneToMany\",\"target\":\"api::discipline.discipline\"},\"SelectSport\":{\"type\":\"string\"},\"createdAt\":{\"type\":\"datetime\"},\"updatedAt\":{\"type\":\"datetime\"},\"publishedAt\":{\"type\":\"datetime\",\"configurable\":false,\"writable\":true,\"visible\":true},\"createdBy\":{\"type\":\"relation\",\"relation\":\"oneToOne\",\"target\":\"admin::user\",\"configurable\":false,\"writable\":false,\"visible\":false,\"useJoinTable\":false,\"private\":true},\"updatedBy\":{\"type\":\"relation\",\"relation\":\"oneToOne\",\"target\":\"admin::user\",\"configurable\":false,\"writable\":false,\"visible\":false,\"useJoinTable\":false,\"private\":true},\"locale\":{\"writable\":true,\"private\":true,\"configurable\":false,\"visible\":false,\"type\":\"string\"},\"localizations\":{\"type\":\"relation\",\"relation\":\"oneToMany\",\"target\":\"api::moderator-base.moderator-base\",\"writable\":false,\"private\":true,\"configurable\":false,\"visible\":false,\"unstable_virtual\":true,\"joinColumn\":{\"name\":\"document_id\",\"referencedColumn\":\"document_id\",\"referencedTable\":\"moderator_bases\"}}},\"apiName\":\"moderator-base\",\"globalId\":\"ModeratorBase\",\"uid\":\"api::moderator-base.moderator-base\",\"modelType\":\"contentType\",\"__schema__\":{\"collectionName\":\"moderator_bases\",\"info\":{\"singularName\":\"moderator-base\",\"pluralName\":\"moderator-bases\",\"displayName\":\"ModeratorBase\"},\"options\":{\"draftAndPublish\":true},\"pluginOptions\":{},\"attributes\":{\"title\":{\"type\":\"string\"},\"langswitch\":{\"type\":\"component\",\"component\":\"lang-switch.navlink\",\"repeatable\":true},\"logout\":{\"type\":\"string\"},\"disciplines\":{\"type\":\"relation\",\"relation\":\"oneToMany\",\"target\":\"api::discipline.discipline\"},\"SelectSport\":{\"type\":\"string\"}},\"kind\":\"singleType\"},\"modelName\":\"moderator-base\",\"actions\":{},\"lifecycles\":{}},\"api::slider.slider\":{\"kind\":\"singleType\",\"collectionName\":\"sliders\",\"info\":{\"singularName\":\"slider\",\"pluralName\":\"sliders\",\"displayName\":\"Slider\"},\"options\":{\"draftAndPublish\":true},\"pluginOptions\":{},\"attributes\":{\"createdAt\":{\"type\":\"datetime\"},\"updatedAt\":{\"type\":\"datetime\"},\"publishedAt\":{\"type\":\"datetime\",\"configurable\":false,\"writable\":true,\"visible\":true},\"createdBy\":{\"type\":\"relation\",\"relation\":\"oneToOne\",\"target\":\"admin::user\",\"configurable\":false,\"writable\":false,\"visible\":false,\"useJoinTable\":false,\"private\":true},\"updatedBy\":{\"type\":\"relation\",\"relation\":\"oneToOne\",\"target\":\"admin::user\",\"configurable\":false,\"writable\":false,\"visible\":false,\"useJoinTable\":false,\"private\":true},\"locale\":{\"writable\":true,\"private\":true,\"configurable\":false,\"visible\":false,\"type\":\"string\"},\"localizations\":{\"type\":\"relation\",\"relation\":\"oneToMany\",\"target\":\"api::slider.slider\",\"writable\":false,\"private\":true,\"configurable\":false,\"visible\":false,\"unstable_virtual\":true,\"joinColumn\":{\"name\":\"document_id\",\"referencedColumn\":\"document_id\",\"referencedTable\":\"sliders\"}}},\"apiName\":\"slider\",\"globalId\":\"Slider\",\"uid\":\"api::slider.slider\",\"modelType\":\"contentType\",\"__schema__\":{\"collectionName\":\"sliders\",\"info\":{\"singularName\":\"slider\",\"pluralName\":\"sliders\",\"displayName\":\"Slider\"},\"options\":{\"draftAndPublish\":true},\"pluginOptions\":{},\"attributes\":{},\"kind\":\"singleType\"},\"modelName\":\"slider\",\"actions\":{},\"lifecycles\":{}},\"api::student.student\":{\"kind\":\"collectionType\",\"collectionName\":\"students\",\"info\":{\"singularName\":\"student\",\"pluralName\":\"students\",\"displayName\":\"Student\"},\"options\":{\"draftAndPublish\":true},\"pluginOptions\":{\"i18n\":{\"localized\":true}},\"attributes\":{\"firstName\":{\"type\":\"string\",\"pluginOptions\":{\"i18n\":{\"localized\":true}}},\"lastName\":{\"type\":\"string\",\"pluginOptions\":{\"i18n\":{\"localized\":true}}},\"middleName\":{\"type\":\"string\",\"pluginOptions\":{\"i18n\":{\"localized\":true}}},\"avatar\":{\"type\":\"media\",\"pluginOptions\":{\"i18n\":{\"localized\":true}},\"multiple\":false,\"allowedTypes\":[\"images\",\"files\",\"videos\",\"audios\"]},\"coach\":{\"type\":\"relation\",\"relation\":\"manyToOne\",\"target\":\"api::coach.coach\",\"inversedBy\":\"students\"},\"discipline\":{\"type\":\"relation\",\"relation\":\"manyToOne\",\"target\":\"api::discipline.discipline\",\"inversedBy\":\"students\"},\"createdAt\":{\"type\":\"datetime\"},\"updatedAt\":{\"type\":\"datetime\"},\"publishedAt\":{\"type\":\"datetime\",\"configurable\":false,\"writable\":true,\"visible\":true},\"createdBy\":{\"type\":\"relation\",\"relation\":\"oneToOne\",\"target\":\"admin::user\",\"configurable\":false,\"writable\":false,\"visible\":false,\"useJoinTable\":false,\"private\":true},\"updatedBy\":{\"type\":\"relation\",\"relation\":\"oneToOne\",\"target\":\"admin::user\",\"configurable\":false,\"writable\":false,\"visible\":false,\"useJoinTable\":false,\"private\":true},\"locale\":{\"writable\":true,\"private\":false,\"configurable\":false,\"visible\":false,\"type\":\"string\"},\"localizations\":{\"type\":\"relation\",\"relation\":\"oneToMany\",\"target\":\"api::student.student\",\"writable\":false,\"private\":false,\"configurable\":false,\"visible\":false,\"unstable_virtual\":true,\"joinColumn\":{\"name\":\"document_id\",\"referencedColumn\":\"document_id\",\"referencedTable\":\"students\"}}},\"apiName\":\"student\",\"globalId\":\"Student\",\"uid\":\"api::student.student\",\"modelType\":\"contentType\",\"__schema__\":{\"collectionName\":\"students\",\"info\":{\"singularName\":\"student\",\"pluralName\":\"students\",\"displayName\":\"Student\"},\"options\":{\"draftAndPublish\":true},\"pluginOptions\":{\"i18n\":{\"localized\":true}},\"attributes\":{\"firstName\":{\"type\":\"string\",\"pluginOptions\":{\"i18n\":{\"localized\":true}}},\"lastName\":{\"type\":\"string\",\"pluginOptions\":{\"i18n\":{\"localized\":true}}},\"middleName\":{\"type\":\"string\",\"pluginOptions\":{\"i18n\":{\"localized\":true}}},\"avatar\":{\"type\":\"media\",\"pluginOptions\":{\"i18n\":{\"localized\":true}},\"multiple\":false,\"allowedTypes\":[\"images\",\"files\",\"videos\",\"audios\"]},\"coach\":{\"type\":\"relation\",\"relation\":\"manyToOne\",\"target\":\"api::coach.coach\",\"inversedBy\":\"students\"},\"discipline\":{\"type\":\"relation\",\"relation\":\"manyToOne\",\"target\":\"api::discipline.discipline\",\"inversedBy\":\"students\"}},\"kind\":\"collectionType\"},\"modelName\":\"student\",\"actions\":{},\"lifecycles\":{}},\"admin::permission\":{\"collectionName\":\"admin_permissions\",\"info\":{\"name\":\"Permission\",\"description\":\"\",\"singularName\":\"permission\",\"pluralName\":\"permissions\",\"displayName\":\"Permission\"},\"options\":{\"draftAndPublish\":false},\"pluginOptions\":{\"content-manager\":{\"visible\":false},\"content-type-builder\":{\"visible\":false}},\"attributes\":{\"action\":{\"type\":\"string\",\"minLength\":1,\"configurable\":false,\"required\":true},\"actionParameters\":{\"type\":\"json\",\"configurable\":false,\"required\":false,\"default\":{}},\"subject\":{\"type\":\"string\",\"minLength\":1,\"configurable\":false,\"required\":false},\"properties\":{\"type\":\"json\",\"configurable\":false,\"required\":false,\"default\":{}},\"conditions\":{\"type\":\"json\",\"configurable\":false,\"required\":false,\"default\":[]},\"role\":{\"configurable\":false,\"type\":\"relation\",\"relation\":\"manyToOne\",\"inversedBy\":\"permissions\",\"target\":\"admin::role\"},\"createdAt\":{\"type\":\"datetime\"},\"updatedAt\":{\"type\":\"datetime\"},\"publishedAt\":{\"type\":\"datetime\",\"configurable\":false,\"writable\":true,\"visible\":true},\"createdBy\":{\"type\":\"relation\",\"relation\":\"oneToOne\",\"target\":\"admin::user\",\"configurable\":false,\"writable\":false,\"visible\":false,\"useJoinTable\":false,\"private\":true},\"updatedBy\":{\"type\":\"relation\",\"relation\":\"oneToOne\",\"target\":\"admin::user\",\"configurable\":false,\"writable\":false,\"visible\":false,\"useJoinTable\":false,\"private\":true},\"locale\":{\"writable\":true,\"private\":true,\"configurable\":false,\"visible\":false,\"type\":\"string\"},\"localizations\":{\"type\":\"relation\",\"relation\":\"oneToMany\",\"target\":\"admin::permission\",\"writable\":false,\"private\":true,\"configurable\":false,\"visible\":false,\"unstable_virtual\":true,\"joinColumn\":{\"name\":\"document_id\",\"referencedColumn\":\"document_id\",\"referencedTable\":\"admin_permissions\"}}},\"plugin\":\"admin\",\"globalId\":\"AdminPermission\",\"uid\":\"admin::permission\",\"modelType\":\"contentType\",\"kind\":\"collectionType\",\"__schema__\":{\"collectionName\":\"admin_permissions\",\"info\":{\"name\":\"Permission\",\"description\":\"\",\"singularName\":\"permission\",\"pluralName\":\"permissions\",\"displayName\":\"Permission\"},\"options\":{},\"pluginOptions\":{\"content-manager\":{\"visible\":false},\"content-type-builder\":{\"visible\":false}},\"attributes\":{\"action\":{\"type\":\"string\",\"minLength\":1,\"configurable\":false,\"required\":true},\"actionParameters\":{\"type\":\"json\",\"configurable\":false,\"required\":false,\"default\":{}},\"subject\":{\"type\":\"string\",\"minLength\":1,\"configurable\":false,\"required\":false},\"properties\":{\"type\":\"json\",\"configurable\":false,\"required\":false,\"default\":{}},\"conditions\":{\"type\":\"json\",\"configurable\":false,\"required\":false,\"default\":[]},\"role\":{\"configurable\":false,\"type\":\"relation\",\"relation\":\"manyToOne\",\"inversedBy\":\"permissions\",\"target\":\"admin::role\"}},\"kind\":\"collectionType\"},\"modelName\":\"permission\"},\"admin::user\":{\"collectionName\":\"admin_users\",\"info\":{\"name\":\"User\",\"description\":\"\",\"singularName\":\"user\",\"pluralName\":\"users\",\"displayName\":\"User\"},\"pluginOptions\":{\"content-manager\":{\"visible\":false},\"content-type-builder\":{\"visible\":false}},\"attributes\":{\"firstname\":{\"type\":\"string\",\"unique\":false,\"minLength\":1,\"configurable\":false,\"required\":false},\"lastname\":{\"type\":\"string\",\"unique\":false,\"minLength\":1,\"configurable\":false,\"required\":false},\"username\":{\"type\":\"string\",\"unique\":false,\"configurable\":false,\"required\":false},\"email\":{\"type\":\"email\",\"minLength\":6,\"configurable\":false,\"required\":true,\"unique\":true,\"private\":true},\"password\":{\"type\":\"password\",\"minLength\":6,\"configurable\":false,\"required\":false,\"private\":true,\"searchable\":false},\"resetPasswordToken\":{\"type\":\"string\",\"configurable\":false,\"private\":true,\"searchable\":false},\"registrationToken\":{\"type\":\"string\",\"configurable\":false,\"private\":true,\"searchable\":false},\"isActive\":{\"type\":\"boolean\",\"default\":false,\"configurable\":false,\"private\":true},\"roles\":{\"configurable\":false,\"private\":true,\"type\":\"relation\",\"relation\":\"manyToMany\",\"inversedBy\":\"users\",\"target\":\"admin::role\",\"collectionName\":\"strapi_users_roles\"},\"blocked\":{\"type\":\"boolean\",\"default\":false,\"configurable\":false,\"private\":true},\"preferedLanguage\":{\"type\":\"string\",\"configurable\":false,\"required\":false,\"searchable\":false},\"createdAt\":{\"type\":\"datetime\"},\"updatedAt\":{\"type\":\"datetime\"},\"publishedAt\":{\"type\":\"datetime\",\"configurable\":false,\"writable\":true,\"visible\":true},\"createdBy\":{\"type\":\"relation\",\"relation\":\"oneToOne\",\"target\":\"admin::user\",\"configurable\":false,\"writable\":false,\"visible\":false,\"useJoinTable\":false,\"private\":true},\"updatedBy\":{\"type\":\"relation\",\"relation\":\"oneToOne\",\"target\":\"admin::user\",\"configurable\":false,\"writable\":false,\"visible\":false,\"useJoinTable\":false,\"private\":true},\"locale\":{\"writable\":true,\"private\":true,\"configurable\":false,\"visible\":false,\"type\":\"string\"},\"localizations\":{\"type\":\"relation\",\"relation\":\"oneToMany\",\"target\":\"admin::user\",\"writable\":false,\"private\":true,\"configurable\":false,\"visible\":false,\"unstable_virtual\":true,\"joinColumn\":{\"name\":\"document_id\",\"referencedColumn\":\"document_id\",\"referencedTable\":\"admin_users\"}}},\"config\":{\"attributes\":{\"resetPasswordToken\":{\"hidden\":true},\"registrationToken\":{\"hidden\":true}}},\"plugin\":\"admin\",\"globalId\":\"AdminUser\",\"uid\":\"admin::user\",\"modelType\":\"contentType\",\"kind\":\"collectionType\",\"__schema__\":{\"collectionName\":\"admin_users\",\"info\":{\"name\":\"User\",\"description\":\"\",\"singularName\":\"user\",\"pluralName\":\"users\",\"displayName\":\"User\"},\"pluginOptions\":{\"content-manager\":{\"visible\":false},\"content-type-builder\":{\"visible\":false}},\"attributes\":{\"firstname\":{\"type\":\"string\",\"unique\":false,\"minLength\":1,\"configurable\":false,\"required\":false},\"lastname\":{\"type\":\"string\",\"unique\":false,\"minLength\":1,\"configurable\":false,\"required\":false},\"username\":{\"type\":\"string\",\"unique\":false,\"configurable\":false,\"required\":false},\"email\":{\"type\":\"email\",\"minLength\":6,\"configurable\":false,\"required\":true,\"unique\":true,\"private\":true},\"password\":{\"type\":\"password\",\"minLength\":6,\"configurable\":false,\"required\":false,\"private\":true,\"searchable\":false},\"resetPasswordToken\":{\"type\":\"string\",\"configurable\":false,\"private\":true,\"searchable\":false},\"registrationToken\":{\"type\":\"string\",\"configurable\":false,\"private\":true,\"searchable\":false},\"isActive\":{\"type\":\"boolean\",\"default\":false,\"configurable\":false,\"private\":true},\"roles\":{\"configurable\":false,\"private\":true,\"type\":\"relation\",\"relation\":\"manyToMany\",\"inversedBy\":\"users\",\"target\":\"admin::role\",\"collectionName\":\"strapi_users_roles\"},\"blocked\":{\"type\":\"boolean\",\"default\":false,\"configurable\":false,\"private\":true},\"preferedLanguage\":{\"type\":\"string\",\"configurable\":false,\"required\":false,\"searchable\":false}},\"kind\":\"collectionType\"},\"modelName\":\"user\",\"options\":{\"draftAndPublish\":false}},\"admin::role\":{\"collectionName\":\"admin_roles\",\"info\":{\"name\":\"Role\",\"description\":\"\",\"singularName\":\"role\",\"pluralName\":\"roles\",\"displayName\":\"Role\"},\"options\":{\"draftAndPublish\":false},\"pluginOptions\":{\"content-manager\":{\"visible\":false},\"content-type-builder\":{\"visible\":false}},\"attributes\":{\"name\":{\"type\":\"string\",\"minLength\":1,\"unique\":true,\"configurable\":false,\"required\":true},\"code\":{\"type\":\"string\",\"minLength\":1,\"unique\":true,\"configurable\":false,\"required\":true},\"description\":{\"type\":\"string\",\"configurable\":false},\"users\":{\"configurable\":false,\"type\":\"relation\",\"relation\":\"manyToMany\",\"mappedBy\":\"roles\",\"target\":\"admin::user\"},\"permissions\":{\"configurable\":false,\"type\":\"relation\",\"relation\":\"oneToMany\",\"mappedBy\":\"role\",\"target\":\"admin::permission\"},\"createdAt\":{\"type\":\"datetime\"},\"updatedAt\":{\"type\":\"datetime\"},\"publishedAt\":{\"type\":\"datetime\",\"configurable\":false,\"writable\":true,\"visible\":true},\"createdBy\":{\"type\":\"relation\",\"relation\":\"oneToOne\",\"target\":\"admin::user\",\"configurable\":false,\"writable\":false,\"visible\":false,\"useJoinTable\":false,\"private\":true},\"updatedBy\":{\"type\":\"relation\",\"relation\":\"oneToOne\",\"target\":\"admin::user\",\"configurable\":false,\"writable\":false,\"visible\":false,\"useJoinTable\":false,\"private\":true},\"locale\":{\"writable\":true,\"private\":true,\"configurable\":false,\"visible\":false,\"type\":\"string\"},\"localizations\":{\"type\":\"relation\",\"relation\":\"oneToMany\",\"target\":\"admin::role\",\"writable\":false,\"private\":true,\"configurable\":false,\"visible\":false,\"unstable_virtual\":true,\"joinColumn\":{\"name\":\"document_id\",\"referencedColumn\":\"document_id\",\"referencedTable\":\"admin_roles\"}}},\"plugin\":\"admin\",\"globalId\":\"AdminRole\",\"uid\":\"admin::role\",\"modelType\":\"contentType\",\"kind\":\"collectionType\",\"__schema__\":{\"collectionName\":\"admin_roles\",\"info\":{\"name\":\"Role\",\"description\":\"\",\"singularName\":\"role\",\"pluralName\":\"roles\",\"displayName\":\"Role\"},\"options\":{},\"pluginOptions\":{\"content-manager\":{\"visible\":false},\"content-type-builder\":{\"visible\":false}},\"attributes\":{\"name\":{\"type\":\"string\",\"minLength\":1,\"unique\":true,\"configurable\":false,\"required\":true},\"code\":{\"type\":\"string\",\"minLength\":1,\"unique\":true,\"configurable\":false,\"required\":true},\"description\":{\"type\":\"string\",\"configurable\":false},\"users\":{\"configurable\":false,\"type\":\"relation\",\"relation\":\"manyToMany\",\"mappedBy\":\"roles\",\"target\":\"admin::user\"},\"permissions\":{\"configurable\":false,\"type\":\"relation\",\"relation\":\"oneToMany\",\"mappedBy\":\"role\",\"target\":\"admin::permission\"}},\"kind\":\"collectionType\"},\"modelName\":\"role\"},\"admin::api-token\":{\"collectionName\":\"strapi_api_tokens\",\"info\":{\"name\":\"Api Token\",\"singularName\":\"api-token\",\"pluralName\":\"api-tokens\",\"displayName\":\"Api Token\",\"description\":\"\"},\"options\":{\"draftAndPublish\":false},\"pluginOptions\":{\"content-manager\":{\"visible\":false},\"content-type-builder\":{\"visible\":false}},\"attributes\":{\"name\":{\"type\":\"string\",\"minLength\":1,\"configurable\":false,\"required\":true,\"unique\":true},\"description\":{\"type\":\"string\",\"minLength\":1,\"configurable\":false,\"required\":false,\"default\":\"\"},\"type\":{\"type\":\"enumeration\",\"enum\":[\"read-only\",\"full-access\",\"custom\"],\"configurable\":false,\"required\":true,\"default\":\"read-only\"},\"accessKey\":{\"type\":\"string\",\"minLength\":1,\"configurable\":false,\"required\":true,\"searchable\":false},\"encryptedKey\":{\"type\":\"text\",\"minLength\":1,\"configurable\":false,\"required\":false,\"searchable\":false},\"lastUsedAt\":{\"type\":\"datetime\",\"configurable\":false,\"required\":false},\"permissions\":{\"type\":\"relation\",\"target\":\"admin::api-token-permission\",\"relation\":\"oneToMany\",\"mappedBy\":\"token\",\"configurable\":false,\"required\":false},\"expiresAt\":{\"type\":\"datetime\",\"configurable\":false,\"required\":false},\"lifespan\":{\"type\":\"biginteger\",\"configurable\":false,\"required\":false},\"createdAt\":{\"type\":\"datetime\"},\"updatedAt\":{\"type\":\"datetime\"},\"publishedAt\":{\"type\":\"datetime\",\"configurable\":false,\"writable\":true,\"visible\":true},\"createdBy\":{\"type\":\"relation\",\"relation\":\"oneToOne\",\"target\":\"admin::user\",\"configurable\":false,\"writable\":false,\"visible\":false,\"useJoinTable\":false,\"private\":true},\"updatedBy\":{\"type\":\"relation\",\"relation\":\"oneToOne\",\"target\":\"admin::user\",\"configurable\":false,\"writable\":false,\"visible\":false,\"useJoinTable\":false,\"private\":true},\"locale\":{\"writable\":true,\"private\":true,\"configurable\":false,\"visible\":false,\"type\":\"string\"},\"localizations\":{\"type\":\"relation\",\"relation\":\"oneToMany\",\"target\":\"admin::api-token\",\"writable\":false,\"private\":true,\"configurable\":false,\"visible\":false,\"unstable_virtual\":true,\"joinColumn\":{\"name\":\"document_id\",\"referencedColumn\":\"document_id\",\"referencedTable\":\"strapi_api_tokens\"}}},\"plugin\":\"admin\",\"globalId\":\"AdminApiToken\",\"uid\":\"admin::api-token\",\"modelType\":\"contentType\",\"kind\":\"collectionType\",\"__schema__\":{\"collectionName\":\"strapi_api_tokens\",\"info\":{\"name\":\"Api Token\",\"singularName\":\"api-token\",\"pluralName\":\"api-tokens\",\"displayName\":\"Api Token\",\"description\":\"\"},\"options\":{},\"pluginOptions\":{\"content-manager\":{\"visible\":false},\"content-type-builder\":{\"visible\":false}},\"attributes\":{\"name\":{\"type\":\"string\",\"minLength\":1,\"configurable\":false,\"required\":true,\"unique\":true},\"description\":{\"type\":\"string\",\"minLength\":1,\"configurable\":false,\"required\":false,\"default\":\"\"},\"type\":{\"type\":\"enumeration\",\"enum\":[\"read-only\",\"full-access\",\"custom\"],\"configurable\":false,\"required\":true,\"default\":\"read-only\"},\"accessKey\":{\"type\":\"string\",\"minLength\":1,\"configurable\":false,\"required\":true,\"searchable\":false},\"encryptedKey\":{\"type\":\"text\",\"minLength\":1,\"configurable\":false,\"required\":false,\"searchable\":false},\"lastUsedAt\":{\"type\":\"datetime\",\"configurable\":false,\"required\":false},\"permissions\":{\"type\":\"relation\",\"target\":\"admin::api-token-permission\",\"relation\":\"oneToMany\",\"mappedBy\":\"token\",\"configurable\":false,\"required\":false},\"expiresAt\":{\"type\":\"datetime\",\"configurable\":false,\"required\":false},\"lifespan\":{\"type\":\"biginteger\",\"configurable\":false,\"required\":false}},\"kind\":\"collectionType\"},\"modelName\":\"api-token\"},\"admin::api-token-permission\":{\"collectionName\":\"strapi_api_token_permissions\",\"info\":{\"name\":\"API Token Permission\",\"description\":\"\",\"singularName\":\"api-token-permission\",\"pluralName\":\"api-token-permissions\",\"displayName\":\"API Token Permission\"},\"options\":{\"draftAndPublish\":false},\"pluginOptions\":{\"content-manager\":{\"visible\":false},\"content-type-builder\":{\"visible\":false}},\"attributes\":{\"action\":{\"type\":\"string\",\"minLength\":1,\"configurable\":false,\"required\":true},\"token\":{\"configurable\":false,\"type\":\"relation\",\"relation\":\"manyToOne\",\"inversedBy\":\"permissions\",\"target\":\"admin::api-token\"},\"createdAt\":{\"type\":\"datetime\"},\"updatedAt\":{\"type\":\"datetime\"},\"publishedAt\":{\"type\":\"datetime\",\"configurable\":false,\"writable\":true,\"visible\":true},\"createdBy\":{\"type\":\"relation\",\"relation\":\"oneToOne\",\"target\":\"admin::user\",\"configurable\":false,\"writable\":false,\"visible\":false,\"useJoinTable\":false,\"private\":true},\"updatedBy\":{\"type\":\"relation\",\"relation\":\"oneToOne\",\"target\":\"admin::user\",\"configurable\":false,\"writable\":false,\"visible\":false,\"useJoinTable\":false,\"private\":true},\"locale\":{\"writable\":true,\"private\":true,\"configurable\":false,\"visible\":false,\"type\":\"string\"},\"localizations\":{\"type\":\"relation\",\"relation\":\"oneToMany\",\"target\":\"admin::api-token-permission\",\"writable\":false,\"private\":true,\"configurable\":false,\"visible\":false,\"unstable_virtual\":true,\"joinColumn\":{\"name\":\"document_id\",\"referencedColumn\":\"document_id\",\"referencedTable\":\"strapi_api_token_permissions\"}}},\"plugin\":\"admin\",\"globalId\":\"AdminApiTokenPermission\",\"uid\":\"admin::api-token-permission\",\"modelType\":\"contentType\",\"kind\":\"collectionType\",\"__schema__\":{\"collectionName\":\"strapi_api_token_permissions\",\"info\":{\"name\":\"API Token Permission\",\"description\":\"\",\"singularName\":\"api-token-permission\",\"pluralName\":\"api-token-permissions\",\"displayName\":\"API Token Permission\"},\"options\":{},\"pluginOptions\":{\"content-manager\":{\"visible\":false},\"content-type-builder\":{\"visible\":false}},\"attributes\":{\"action\":{\"type\":\"string\",\"minLength\":1,\"configurable\":false,\"required\":true},\"token\":{\"configurable\":false,\"type\":\"relation\",\"relation\":\"manyToOne\",\"inversedBy\":\"permissions\",\"target\":\"admin::api-token\"}},\"kind\":\"collectionType\"},\"modelName\":\"api-token-permission\"},\"admin::transfer-token\":{\"collectionName\":\"strapi_transfer_tokens\",\"info\":{\"name\":\"Transfer Token\",\"singularName\":\"transfer-token\",\"pluralName\":\"transfer-tokens\",\"displayName\":\"Transfer Token\",\"description\":\"\"},\"options\":{\"draftAndPublish\":false},\"pluginOptions\":{\"content-manager\":{\"visible\":false},\"content-type-builder\":{\"visible\":false}},\"attributes\":{\"name\":{\"type\":\"string\",\"minLength\":1,\"configurable\":false,\"required\":true,\"unique\":true},\"description\":{\"type\":\"string\",\"minLength\":1,\"configurable\":false,\"required\":false,\"default\":\"\"},\"accessKey\":{\"type\":\"string\",\"minLength\":1,\"configurable\":false,\"required\":true},\"lastUsedAt\":{\"type\":\"datetime\",\"configurable\":false,\"required\":false},\"permissions\":{\"type\":\"relation\",\"target\":\"admin::transfer-token-permission\",\"relation\":\"oneToMany\",\"mappedBy\":\"token\",\"configurable\":false,\"required\":false},\"expiresAt\":{\"type\":\"datetime\",\"configurable\":false,\"required\":false},\"lifespan\":{\"type\":\"biginteger\",\"configurable\":false,\"required\":false},\"createdAt\":{\"type\":\"datetime\"},\"updatedAt\":{\"type\":\"datetime\"},\"publishedAt\":{\"type\":\"datetime\",\"configurable\":false,\"writable\":true,\"visible\":true},\"createdBy\":{\"type\":\"relation\",\"relation\":\"oneToOne\",\"target\":\"admin::user\",\"configurable\":false,\"writable\":false,\"visible\":false,\"useJoinTable\":false,\"private\":true},\"updatedBy\":{\"type\":\"relation\",\"relation\":\"oneToOne\",\"target\":\"admin::user\",\"configurable\":false,\"writable\":false,\"visible\":false,\"useJoinTable\":false,\"private\":true},\"locale\":{\"writable\":true,\"private\":true,\"configurable\":false,\"visible\":false,\"type\":\"string\"},\"localizations\":{\"type\":\"relation\",\"relation\":\"oneToMany\",\"target\":\"admin::transfer-token\",\"writable\":false,\"private\":true,\"configurable\":false,\"visible\":false,\"unstable_virtual\":true,\"joinColumn\":{\"name\":\"document_id\",\"referencedColumn\":\"document_id\",\"referencedTable\":\"strapi_transfer_tokens\"}}},\"plugin\":\"admin\",\"globalId\":\"AdminTransferToken\",\"uid\":\"admin::transfer-token\",\"modelType\":\"contentType\",\"kind\":\"collectionType\",\"__schema__\":{\"collectionName\":\"strapi_transfer_tokens\",\"info\":{\"name\":\"Transfer Token\",\"singularName\":\"transfer-token\",\"pluralName\":\"transfer-tokens\",\"displayName\":\"Transfer Token\",\"description\":\"\"},\"options\":{},\"pluginOptions\":{\"content-manager\":{\"visible\":false},\"content-type-builder\":{\"visible\":false}},\"attributes\":{\"name\":{\"type\":\"string\",\"minLength\":1,\"configurable\":false,\"required\":true,\"unique\":true},\"description\":{\"type\":\"string\",\"minLength\":1,\"configurable\":false,\"required\":false,\"default\":\"\"},\"accessKey\":{\"type\":\"string\",\"minLength\":1,\"configurable\":false,\"required\":true},\"lastUsedAt\":{\"type\":\"datetime\",\"configurable\":false,\"required\":false},\"permissions\":{\"type\":\"relation\",\"target\":\"admin::transfer-token-permission\",\"relation\":\"oneToMany\",\"mappedBy\":\"token\",\"configurable\":false,\"required\":false},\"expiresAt\":{\"type\":\"datetime\",\"configurable\":false,\"required\":false},\"lifespan\":{\"type\":\"biginteger\",\"configurable\":false,\"required\":false}},\"kind\":\"collectionType\"},\"modelName\":\"transfer-token\"},\"admin::transfer-token-permission\":{\"collectionName\":\"strapi_transfer_token_permissions\",\"info\":{\"name\":\"Transfer Token Permission\",\"description\":\"\",\"singularName\":\"transfer-token-permission\",\"pluralName\":\"transfer-token-permissions\",\"displayName\":\"Transfer Token Permission\"},\"options\":{\"draftAndPublish\":false},\"pluginOptions\":{\"content-manager\":{\"visible\":false},\"content-type-builder\":{\"visible\":false}},\"attributes\":{\"action\":{\"type\":\"string\",\"minLength\":1,\"configurable\":false,\"required\":true},\"token\":{\"configurable\":false,\"type\":\"relation\",\"relation\":\"manyToOne\",\"inversedBy\":\"permissions\",\"target\":\"admin::transfer-token\"},\"createdAt\":{\"type\":\"datetime\"},\"updatedAt\":{\"type\":\"datetime\"},\"publishedAt\":{\"type\":\"datetime\",\"configurable\":false,\"writable\":true,\"visible\":true},\"createdBy\":{\"type\":\"relation\",\"relation\":\"oneToOne\",\"target\":\"admin::user\",\"configurable\":false,\"writable\":false,\"visible\":false,\"useJoinTable\":false,\"private\":true},\"updatedBy\":{\"type\":\"relation\",\"relation\":\"oneToOne\",\"target\":\"admin::user\",\"configurable\":false,\"writable\":false,\"visible\":false,\"useJoinTable\":false,\"private\":true},\"locale\":{\"writable\":true,\"private\":true,\"configurable\":false,\"visible\":false,\"type\":\"string\"},\"localizations\":{\"type\":\"relation\",\"relation\":\"oneToMany\",\"target\":\"admin::transfer-token-permission\",\"writable\":false,\"private\":true,\"configurable\":false,\"visible\":false,\"unstable_virtual\":true,\"joinColumn\":{\"name\":\"document_id\",\"referencedColumn\":\"document_id\",\"referencedTable\":\"strapi_transfer_token_permissions\"}}},\"plugin\":\"admin\",\"globalId\":\"AdminTransferTokenPermission\",\"uid\":\"admin::transfer-token-permission\",\"modelType\":\"contentType\",\"kind\":\"collectionType\",\"__schema__\":{\"collectionName\":\"strapi_transfer_token_permissions\",\"info\":{\"name\":\"Transfer Token Permission\",\"description\":\"\",\"singularName\":\"transfer-token-permission\",\"pluralName\":\"transfer-token-permissions\",\"displayName\":\"Transfer Token Permission\"},\"options\":{},\"pluginOptions\":{\"content-manager\":{\"visible\":false},\"content-type-builder\":{\"visible\":false}},\"attributes\":{\"action\":{\"type\":\"string\",\"minLength\":1,\"configurable\":false,\"required\":true},\"token\":{\"configurable\":false,\"type\":\"relation\",\"relation\":\"manyToOne\",\"inversedBy\":\"permissions\",\"target\":\"admin::transfer-token\"}},\"kind\":\"collectionType\"},\"modelName\":\"transfer-token-permission\"},\"admin::session\":{\"collectionName\":\"strapi_sessions\",\"info\":{\"name\":\"Session\",\"description\":\"Session Manager storage\",\"singularName\":\"session\",\"pluralName\":\"sessions\",\"displayName\":\"Session\"},\"options\":{\"draftAndPublish\":false},\"pluginOptions\":{\"content-manager\":{\"visible\":false},\"content-type-builder\":{\"visible\":false},\"i18n\":{\"localized\":false}},\"attributes\":{\"userId\":{\"type\":\"string\",\"required\":true,\"configurable\":false,\"private\":true,\"searchable\":false},\"sessionId\":{\"type\":\"string\",\"unique\":true,\"required\":true,\"configurable\":false,\"private\":true,\"searchable\":false},\"childId\":{\"type\":\"string\",\"configurable\":false,\"private\":true,\"searchable\":false},\"deviceId\":{\"type\":\"string\",\"required\":true,\"configurable\":false,\"private\":true,\"searchable\":false},\"origin\":{\"type\":\"string\",\"required\":true,\"configurable\":false,\"private\":true,\"searchable\":false},\"expiresAt\":{\"type\":\"datetime\",\"required\":true,\"configurable\":false,\"private\":true,\"searchable\":false},\"absoluteExpiresAt\":{\"type\":\"datetime\",\"configurable\":false,\"private\":true,\"searchable\":false},\"status\":{\"type\":\"string\",\"configurable\":false,\"private\":true,\"searchable\":false},\"type\":{\"type\":\"string\",\"configurable\":false,\"private\":true,\"searchable\":false},\"createdAt\":{\"type\":\"datetime\"},\"updatedAt\":{\"type\":\"datetime\"},\"publishedAt\":{\"type\":\"datetime\",\"configurable\":false,\"writable\":true,\"visible\":true},\"createdBy\":{\"type\":\"relation\",\"relation\":\"oneToOne\",\"target\":\"admin::user\",\"configurable\":false,\"writable\":false,\"visible\":false,\"useJoinTable\":false,\"private\":true},\"updatedBy\":{\"type\":\"relation\",\"relation\":\"oneToOne\",\"target\":\"admin::user\",\"configurable\":false,\"writable\":false,\"visible\":false,\"useJoinTable\":false,\"private\":true},\"locale\":{\"writable\":true,\"private\":true,\"configurable\":false,\"visible\":false,\"type\":\"string\"},\"localizations\":{\"type\":\"relation\",\"relation\":\"oneToMany\",\"target\":\"admin::session\",\"writable\":false,\"private\":true,\"configurable\":false,\"visible\":false,\"unstable_virtual\":true,\"joinColumn\":{\"name\":\"document_id\",\"referencedColumn\":\"document_id\",\"referencedTable\":\"strapi_sessions\"}}},\"plugin\":\"admin\",\"globalId\":\"AdminSession\",\"uid\":\"admin::session\",\"modelType\":\"contentType\",\"kind\":\"collectionType\",\"__schema__\":{\"collectionName\":\"strapi_sessions\",\"info\":{\"name\":\"Session\",\"description\":\"Session Manager storage\",\"singularName\":\"session\",\"pluralName\":\"sessions\",\"displayName\":\"Session\"},\"options\":{\"draftAndPublish\":false},\"pluginOptions\":{\"content-manager\":{\"visible\":false},\"content-type-builder\":{\"visible\":false},\"i18n\":{\"localized\":false}},\"attributes\":{\"userId\":{\"type\":\"string\",\"required\":true,\"configurable\":false,\"private\":true,\"searchable\":false},\"sessionId\":{\"type\":\"string\",\"unique\":true,\"required\":true,\"configurable\":false,\"private\":true,\"searchable\":false},\"childId\":{\"type\":\"string\",\"configurable\":false,\"private\":true,\"searchable\":false},\"deviceId\":{\"type\":\"string\",\"required\":true,\"configurable\":false,\"private\":true,\"searchable\":false},\"origin\":{\"type\":\"string\",\"required\":true,\"configurable\":false,\"private\":true,\"searchable\":false},\"expiresAt\":{\"type\":\"datetime\",\"required\":true,\"configurable\":false,\"private\":true,\"searchable\":false},\"absoluteExpiresAt\":{\"type\":\"datetime\",\"configurable\":false,\"private\":true,\"searchable\":false},\"status\":{\"type\":\"string\",\"configurable\":false,\"private\":true,\"searchable\":false},\"type\":{\"type\":\"string\",\"configurable\":false,\"private\":true,\"searchable\":false}},\"kind\":\"collectionType\"},\"modelName\":\"session\"}}','object',NULL,NULL),(3,'plugin_content_manager_configuration_components::map.location','{\"settings\":{\"bulkable\":true,\"filterable\":true,\"searchable\":true,\"pageSize\":10,\"relationOpenMode\":\"modal\",\"mainField\":\"Name\",\"defaultSortBy\":\"Name\",\"defaultSortOrder\":\"ASC\"},\"metadatas\":{\"id\":{\"edit\":{},\"list\":{\"label\":\"id\",\"searchable\":false,\"sortable\":false}},\"Name\":{\"edit\":{\"label\":\"Name\",\"description\":\"\",\"placeholder\":\"\",\"visible\":true,\"editable\":true},\"list\":{\"label\":\"Name\",\"searchable\":true,\"sortable\":true}},\"latitude\":{\"edit\":{\"label\":\"latitude\",\"description\":\"\",\"placeholder\":\"\",\"visible\":true,\"editable\":true},\"list\":{\"label\":\"latitude\",\"searchable\":true,\"sortable\":true}},\"longitude\":{\"edit\":{\"label\":\"longitude\",\"description\":\"\",\"placeholder\":\"\",\"visible\":true,\"editable\":true},\"list\":{\"label\":\"longitude\",\"searchable\":true,\"sortable\":true}},\"Address\":{\"edit\":{\"label\":\"Address\",\"description\":\"\",\"placeholder\":\"\",\"visible\":true,\"editable\":true},\"list\":{\"label\":\"Address\",\"searchable\":true,\"sortable\":true}},\"documentId\":{\"edit\":{},\"list\":{\"label\":\"documentId\",\"searchable\":true,\"sortable\":true}}},\"layouts\":{\"list\":[\"id\",\"Name\",\"latitude\",\"longitude\"],\"edit\":[[{\"name\":\"Name\",\"size\":6},{\"name\":\"latitude\",\"size\":4}],[{\"name\":\"longitude\",\"size\":4},{\"name\":\"Address\",\"size\":6}]]},\"uid\":\"map.location\",\"isComponent\":true}','object',NULL,NULL),(4,'plugin_content_manager_configuration_components::slider.coaches','{\"settings\":{\"bulkable\":true,\"filterable\":true,\"searchable\":true,\"pageSize\":10,\"relationOpenMode\":\"modal\",\"mainField\":\"Name\",\"defaultSortBy\":\"Name\",\"defaultSortOrder\":\"ASC\"},\"metadatas\":{\"id\":{\"edit\":{},\"list\":{\"label\":\"id\",\"searchable\":false,\"sortable\":false}},\"Name\":{\"edit\":{\"label\":\"Name\",\"description\":\"\",\"placeholder\":\"\",\"visible\":true,\"editable\":true},\"list\":{\"label\":\"Name\",\"searchable\":true,\"sortable\":true}},\"MiddleName\":{\"edit\":{\"label\":\"MiddleName\",\"description\":\"\",\"placeholder\":\"\",\"visible\":true,\"editable\":true},\"list\":{\"label\":\"MiddleName\",\"searchable\":true,\"sortable\":true}},\"LastName\":{\"edit\":{\"label\":\"LastName\",\"description\":\"\",\"placeholder\":\"\",\"visible\":true,\"editable\":true},\"list\":{\"label\":\"LastName\",\"searchable\":true,\"sortable\":true}},\"Avatar\":{\"edit\":{\"label\":\"Avatar\",\"description\":\"\",\"placeholder\":\"\",\"visible\":true,\"editable\":true},\"list\":{\"label\":\"Avatar\",\"searchable\":false,\"sortable\":false}},\"documentId\":{\"edit\":{},\"list\":{\"label\":\"documentId\",\"searchable\":true,\"sortable\":true}}},\"layouts\":{\"list\":[\"id\",\"Name\",\"MiddleName\",\"LastName\"],\"edit\":[[{\"name\":\"Name\",\"size\":6},{\"name\":\"MiddleName\",\"size\":6}],[{\"name\":\"LastName\",\"size\":6},{\"name\":\"Avatar\",\"size\":6}]]},\"uid\":\"slider.coaches\",\"isComponent\":true}','object',NULL,NULL),(5,'plugin_content_manager_configuration_components::slider.athlets','{\"settings\":{\"bulkable\":true,\"filterable\":true,\"searchable\":true,\"pageSize\":10,\"relationOpenMode\":\"modal\",\"mainField\":\"FirstName\",\"defaultSortBy\":\"FirstName\",\"defaultSortOrder\":\"ASC\"},\"metadatas\":{\"id\":{\"edit\":{},\"list\":{\"label\":\"id\",\"searchable\":false,\"sortable\":false}},\"FirstName\":{\"edit\":{\"label\":\"FirstName\",\"description\":\"\",\"placeholder\":\"\",\"visible\":true,\"editable\":true},\"list\":{\"label\":\"FirstName\",\"searchable\":true,\"sortable\":true}},\"MiddleName\":{\"edit\":{\"label\":\"MiddleName\",\"description\":\"\",\"placeholder\":\"\",\"visible\":true,\"editable\":true},\"list\":{\"label\":\"MiddleName\",\"searchable\":true,\"sortable\":true}},\"LastName\":{\"edit\":{\"label\":\"LastName\",\"description\":\"\",\"placeholder\":\"\",\"visible\":true,\"editable\":true},\"list\":{\"label\":\"LastName\",\"searchable\":true,\"sortable\":true}},\"documentId\":{\"edit\":{},\"list\":{\"label\":\"documentId\",\"searchable\":true,\"sortable\":true}}},\"layouts\":{\"list\":[\"id\",\"FirstName\",\"MiddleName\",\"LastName\"],\"edit\":[[{\"name\":\"FirstName\",\"size\":6},{\"name\":\"MiddleName\",\"size\":6}],[{\"name\":\"LastName\",\"size\":6}]]},\"uid\":\"slider.athlets\",\"isComponent\":true}','object',NULL,NULL),(6,'plugin_content_manager_configuration_components::lang-switch.navlink','{\"settings\":{\"bulkable\":true,\"filterable\":true,\"searchable\":true,\"pageSize\":10,\"relationOpenMode\":\"modal\",\"mainField\":\"label\",\"defaultSortBy\":\"label\",\"defaultSortOrder\":\"ASC\"},\"metadatas\":{\"id\":{\"edit\":{},\"list\":{\"label\":\"id\",\"searchable\":false,\"sortable\":false}},\"label\":{\"edit\":{\"label\":\"label\",\"description\":\"\",\"placeholder\":\"\",\"visible\":true,\"editable\":true},\"list\":{\"label\":\"label\",\"searchable\":true,\"sortable\":true}},\"url\":{\"edit\":{\"label\":\"url\",\"description\":\"\",\"placeholder\":\"\",\"visible\":true,\"editable\":true},\"list\":{\"label\":\"url\",\"searchable\":true,\"sortable\":true}},\"documentId\":{\"edit\":{},\"list\":{\"label\":\"documentId\",\"searchable\":true,\"sortable\":true}}},\"layouts\":{\"list\":[\"id\",\"label\",\"url\"],\"edit\":[[{\"name\":\"label\",\"size\":6},{\"name\":\"url\",\"size\":6}]]},\"uid\":\"lang-switch.navlink\",\"isComponent\":true}','object',NULL,NULL),(7,'plugin_content_manager_configuration_content_types::plugin::upload.file','{\"settings\":{\"bulkable\":true,\"filterable\":true,\"searchable\":true,\"pageSize\":10,\"relationOpenMode\":\"modal\",\"mainField\":\"name\",\"defaultSortBy\":\"name\",\"defaultSortOrder\":\"ASC\"},\"metadatas\":{\"id\":{\"edit\":{},\"list\":{\"label\":\"id\",\"searchable\":true,\"sortable\":true}},\"name\":{\"edit\":{\"label\":\"name\",\"description\":\"\",\"placeholder\":\"\",\"visible\":true,\"editable\":true},\"list\":{\"label\":\"name\",\"searchable\":true,\"sortable\":true}},\"alternativeText\":{\"edit\":{\"label\":\"alternativeText\",\"description\":\"\",\"placeholder\":\"\",\"visible\":true,\"editable\":true},\"list\":{\"label\":\"alternativeText\",\"searchable\":true,\"sortable\":true}},\"caption\":{\"edit\":{\"label\":\"caption\",\"description\":\"\",\"placeholder\":\"\",\"visible\":true,\"editable\":true},\"list\":{\"label\":\"caption\",\"searchable\":true,\"sortable\":true}},\"focalPoint\":{\"edit\":{\"label\":\"focalPoint\",\"description\":\"\",\"placeholder\":\"\",\"visible\":true,\"editable\":true},\"list\":{\"label\":\"focalPoint\",\"searchable\":false,\"sortable\":false}},\"width\":{\"edit\":{\"label\":\"width\",\"description\":\"\",\"placeholder\":\"\",\"visible\":true,\"editable\":true},\"list\":{\"label\":\"width\",\"searchable\":true,\"sortable\":true}},\"height\":{\"edit\":{\"label\":\"height\",\"description\":\"\",\"placeholder\":\"\",\"visible\":true,\"editable\":true},\"list\":{\"label\":\"height\",\"searchable\":true,\"sortable\":true}},\"formats\":{\"edit\":{\"label\":\"formats\",\"description\":\"\",\"placeholder\":\"\",\"visible\":true,\"editable\":true},\"list\":{\"label\":\"formats\",\"searchable\":false,\"sortable\":false}},\"hash\":{\"edit\":{\"label\":\"hash\",\"description\":\"\",\"placeholder\":\"\",\"visible\":true,\"editable\":true},\"list\":{\"label\":\"hash\",\"searchable\":true,\"sortable\":true}},\"ext\":{\"edit\":{\"label\":\"ext\",\"description\":\"\",\"placeholder\":\"\",\"visible\":true,\"editable\":true},\"list\":{\"label\":\"ext\",\"searchable\":true,\"sortable\":true}},\"mime\":{\"edit\":{\"label\":\"mime\",\"description\":\"\",\"placeholder\":\"\",\"visible\":true,\"editable\":true},\"list\":{\"label\":\"mime\",\"searchable\":true,\"sortable\":true}},\"size\":{\"edit\":{\"label\":\"size\",\"description\":\"\",\"placeholder\":\"\",\"visible\":true,\"editable\":true},\"list\":{\"label\":\"size\",\"searchable\":true,\"sortable\":true}},\"url\":{\"edit\":{\"label\":\"url\",\"description\":\"\",\"placeholder\":\"\",\"visible\":true,\"editable\":true},\"list\":{\"label\":\"url\",\"searchable\":true,\"sortable\":true}},\"previewUrl\":{\"edit\":{\"label\":\"previewUrl\",\"description\":\"\",\"placeholder\":\"\",\"visible\":true,\"editable\":true},\"list\":{\"label\":\"previewUrl\",\"searchable\":true,\"sortable\":true}},\"provider\":{\"edit\":{\"label\":\"provider\",\"description\":\"\",\"placeholder\":\"\",\"visible\":true,\"editable\":true},\"list\":{\"label\":\"provider\",\"searchable\":true,\"sortable\":true}},\"provider_metadata\":{\"edit\":{\"label\":\"provider_metadata\",\"description\":\"\",\"placeholder\":\"\",\"visible\":true,\"editable\":true},\"list\":{\"label\":\"provider_metadata\",\"searchable\":false,\"sortable\":false}},\"folder\":{\"edit\":{\"label\":\"folder\",\"description\":\"\",\"placeholder\":\"\",\"visible\":true,\"editable\":true,\"mainField\":\"name\"},\"list\":{\"label\":\"folder\",\"searchable\":true,\"sortable\":true}},\"folderPath\":{\"edit\":{\"label\":\"folderPath\",\"description\":\"\",\"placeholder\":\"\",\"visible\":true,\"editable\":true},\"list\":{\"label\":\"folderPath\",\"searchable\":true,\"sortable\":true}},\"createdAt\":{\"edit\":{\"label\":\"createdAt\",\"description\":\"\",\"placeholder\":\"\",\"visible\":false,\"editable\":true},\"list\":{\"label\":\"createdAt\",\"searchable\":true,\"sortable\":true}},\"updatedAt\":{\"edit\":{\"label\":\"updatedAt\",\"description\":\"\",\"placeholder\":\"\",\"visible\":false,\"editable\":true},\"list\":{\"label\":\"updatedAt\",\"searchable\":true,\"sortable\":true}},\"createdBy\":{\"edit\":{\"label\":\"createdBy\",\"description\":\"\",\"placeholder\":\"\",\"visible\":false,\"editable\":true,\"mainField\":\"firstname\"},\"list\":{\"label\":\"createdBy\",\"searchable\":true,\"sortable\":true}},\"updatedBy\":{\"edit\":{\"label\":\"updatedBy\",\"description\":\"\",\"placeholder\":\"\",\"visible\":false,\"editable\":true,\"mainField\":\"firstname\"},\"list\":{\"label\":\"updatedBy\",\"searchable\":true,\"sortable\":true}},\"documentId\":{\"edit\":{},\"list\":{\"label\":\"documentId\",\"searchable\":true,\"sortable\":true}}},\"layouts\":{\"list\":[\"id\",\"name\",\"alternativeText\",\"caption\"],\"edit\":[[{\"name\":\"name\",\"size\":6},{\"name\":\"alternativeText\",\"size\":6}],[{\"name\":\"caption\",\"size\":6}],[{\"name\":\"focalPoint\",\"size\":12}],[{\"name\":\"width\",\"size\":4},{\"name\":\"height\",\"size\":4}],[{\"name\":\"formats\",\"size\":12}],[{\"name\":\"hash\",\"size\":6},{\"name\":\"ext\",\"size\":6}],[{\"name\":\"mime\",\"size\":6},{\"name\":\"size\",\"size\":4}],[{\"name\":\"url\",\"size\":6},{\"name\":\"previewUrl\",\"size\":6}],[{\"name\":\"provider\",\"size\":6}],[{\"name\":\"provider_metadata\",\"size\":12}],[{\"name\":\"folder\",\"size\":6},{\"name\":\"folderPath\",\"size\":6}]]},\"uid\":\"plugin::upload.file\"}','object',NULL,NULL),(8,'plugin_content_manager_configuration_content_types::plugin::upload.folder','{\"settings\":{\"bulkable\":true,\"filterable\":true,\"searchable\":true,\"pageSize\":10,\"relationOpenMode\":\"modal\",\"mainField\":\"name\",\"defaultSortBy\":\"name\",\"defaultSortOrder\":\"ASC\"},\"metadatas\":{\"id\":{\"edit\":{},\"list\":{\"label\":\"id\",\"searchable\":true,\"sortable\":true}},\"name\":{\"edit\":{\"label\":\"name\",\"description\":\"\",\"placeholder\":\"\",\"visible\":true,\"editable\":true},\"list\":{\"label\":\"name\",\"searchable\":true,\"sortable\":true}},\"pathId\":{\"edit\":{\"label\":\"pathId\",\"description\":\"\",\"placeholder\":\"\",\"visible\":true,\"editable\":true},\"list\":{\"label\":\"pathId\",\"searchable\":true,\"sortable\":true}},\"parent\":{\"edit\":{\"label\":\"parent\",\"description\":\"\",\"placeholder\":\"\",\"visible\":true,\"editable\":true,\"mainField\":\"name\"},\"list\":{\"label\":\"parent\",\"searchable\":true,\"sortable\":true}},\"children\":{\"edit\":{\"label\":\"children\",\"description\":\"\",\"placeholder\":\"\",\"visible\":true,\"editable\":true,\"mainField\":\"name\"},\"list\":{\"label\":\"children\",\"searchable\":false,\"sortable\":false}},\"files\":{\"edit\":{\"label\":\"files\",\"description\":\"\",\"placeholder\":\"\",\"visible\":true,\"editable\":true,\"mainField\":\"name\"},\"list\":{\"label\":\"files\",\"searchable\":false,\"sortable\":false}},\"path\":{\"edit\":{\"label\":\"path\",\"description\":\"\",\"placeholder\":\"\",\"visible\":true,\"editable\":true},\"list\":{\"label\":\"path\",\"searchable\":true,\"sortable\":true}},\"createdAt\":{\"edit\":{\"label\":\"createdAt\",\"description\":\"\",\"placeholder\":\"\",\"visible\":false,\"editable\":true},\"list\":{\"label\":\"createdAt\",\"searchable\":true,\"sortable\":true}},\"updatedAt\":{\"edit\":{\"label\":\"updatedAt\",\"description\":\"\",\"placeholder\":\"\",\"visible\":false,\"editable\":true},\"list\":{\"label\":\"updatedAt\",\"searchable\":true,\"sortable\":true}},\"createdBy\":{\"edit\":{\"label\":\"createdBy\",\"description\":\"\",\"placeholder\":\"\",\"visible\":false,\"editable\":true,\"mainField\":\"firstname\"},\"list\":{\"label\":\"createdBy\",\"searchable\":true,\"sortable\":true}},\"updatedBy\":{\"edit\":{\"label\":\"updatedBy\",\"description\":\"\",\"placeholder\":\"\",\"visible\":false,\"editable\":true,\"mainField\":\"firstname\"},\"list\":{\"label\":\"updatedBy\",\"searchable\":true,\"sortable\":true}},\"documentId\":{\"edit\":{},\"list\":{\"label\":\"documentId\",\"searchable\":true,\"sortable\":true}}},\"layouts\":{\"list\":[\"id\",\"name\",\"pathId\",\"parent\"],\"edit\":[[{\"name\":\"name\",\"size\":6},{\"name\":\"pathId\",\"size\":4}],[{\"name\":\"parent\",\"size\":6},{\"name\":\"children\",\"size\":6}],[{\"name\":\"files\",\"size\":6},{\"name\":\"path\",\"size\":6}]]},\"uid\":\"plugin::upload.folder\"}','object',NULL,NULL),(9,'plugin_content_manager_configuration_content_types::plugin::i18n.locale','{\"settings\":{\"bulkable\":true,\"filterable\":true,\"searchable\":true,\"pageSize\":10,\"relationOpenMode\":\"modal\",\"mainField\":\"name\",\"defaultSortBy\":\"name\",\"defaultSortOrder\":\"ASC\"},\"metadatas\":{\"id\":{\"edit\":{},\"list\":{\"label\":\"id\",\"searchable\":true,\"sortable\":true}},\"name\":{\"edit\":{\"label\":\"name\",\"description\":\"\",\"placeholder\":\"\",\"visible\":true,\"editable\":true},\"list\":{\"label\":\"name\",\"searchable\":true,\"sortable\":true}},\"code\":{\"edit\":{\"label\":\"code\",\"description\":\"\",\"placeholder\":\"\",\"visible\":true,\"editable\":true},\"list\":{\"label\":\"code\",\"searchable\":true,\"sortable\":true}},\"createdAt\":{\"edit\":{\"label\":\"createdAt\",\"description\":\"\",\"placeholder\":\"\",\"visible\":false,\"editable\":true},\"list\":{\"label\":\"createdAt\",\"searchable\":true,\"sortable\":true}},\"updatedAt\":{\"edit\":{\"label\":\"updatedAt\",\"description\":\"\",\"placeholder\":\"\",\"visible\":false,\"editable\":true},\"list\":{\"label\":\"updatedAt\",\"searchable\":true,\"sortable\":true}},\"createdBy\":{\"edit\":{\"label\":\"createdBy\",\"description\":\"\",\"placeholder\":\"\",\"visible\":false,\"editable\":true,\"mainField\":\"firstname\"},\"list\":{\"label\":\"createdBy\",\"searchable\":true,\"sortable\":true}},\"updatedBy\":{\"edit\":{\"label\":\"updatedBy\",\"description\":\"\",\"placeholder\":\"\",\"visible\":false,\"editable\":true,\"mainField\":\"firstname\"},\"list\":{\"label\":\"updatedBy\",\"searchable\":true,\"sortable\":true}},\"documentId\":{\"edit\":{},\"list\":{\"label\":\"documentId\",\"searchable\":true,\"sortable\":true}}},\"layouts\":{\"list\":[\"id\",\"name\",\"code\",\"createdAt\"],\"edit\":[[{\"name\":\"name\",\"size\":6},{\"name\":\"code\",\"size\":6}]]},\"uid\":\"plugin::i18n.locale\"}','object',NULL,NULL),(10,'plugin_content_manager_configuration_content_types::plugin::content-releases.release','{\"settings\":{\"bulkable\":true,\"filterable\":true,\"searchable\":true,\"pageSize\":10,\"relationOpenMode\":\"modal\",\"mainField\":\"name\",\"defaultSortBy\":\"name\",\"defaultSortOrder\":\"ASC\"},\"metadatas\":{\"id\":{\"edit\":{},\"list\":{\"label\":\"id\",\"searchable\":true,\"sortable\":true}},\"name\":{\"edit\":{\"label\":\"name\",\"description\":\"\",\"placeholder\":\"\",\"visible\":true,\"editable\":true},\"list\":{\"label\":\"name\",\"searchable\":true,\"sortable\":true}},\"releasedAt\":{\"edit\":{\"label\":\"releasedAt\",\"description\":\"\",\"placeholder\":\"\",\"visible\":true,\"editable\":true},\"list\":{\"label\":\"releasedAt\",\"searchable\":true,\"sortable\":true}},\"scheduledAt\":{\"edit\":{\"label\":\"scheduledAt\",\"description\":\"\",\"placeholder\":\"\",\"visible\":true,\"editable\":true},\"list\":{\"label\":\"scheduledAt\",\"searchable\":true,\"sortable\":true}},\"timezone\":{\"edit\":{\"label\":\"timezone\",\"description\":\"\",\"placeholder\":\"\",\"visible\":true,\"editable\":true},\"list\":{\"label\":\"timezone\",\"searchable\":true,\"sortable\":true}},\"status\":{\"edit\":{\"label\":\"status\",\"description\":\"\",\"placeholder\":\"\",\"visible\":true,\"editable\":true},\"list\":{\"label\":\"status\",\"searchable\":true,\"sortable\":true}},\"actions\":{\"edit\":{\"label\":\"actions\",\"description\":\"\",\"placeholder\":\"\",\"visible\":true,\"editable\":true,\"mainField\":\"contentType\"},\"list\":{\"label\":\"actions\",\"searchable\":false,\"sortable\":false}},\"createdAt\":{\"edit\":{\"label\":\"createdAt\",\"description\":\"\",\"placeholder\":\"\",\"visible\":false,\"editable\":true},\"list\":{\"label\":\"createdAt\",\"searchable\":true,\"sortable\":true}},\"updatedAt\":{\"edit\":{\"label\":\"updatedAt\",\"description\":\"\",\"placeholder\":\"\",\"visible\":false,\"editable\":true},\"list\":{\"label\":\"updatedAt\",\"searchable\":true,\"sortable\":true}},\"createdBy\":{\"edit\":{\"label\":\"createdBy\",\"description\":\"\",\"placeholder\":\"\",\"visible\":false,\"editable\":true,\"mainField\":\"firstname\"},\"list\":{\"label\":\"createdBy\",\"searchable\":true,\"sortable\":true}},\"updatedBy\":{\"edit\":{\"label\":\"updatedBy\",\"description\":\"\",\"placeholder\":\"\",\"visible\":false,\"editable\":true,\"mainField\":\"firstname\"},\"list\":{\"label\":\"updatedBy\",\"searchable\":true,\"sortable\":true}},\"documentId\":{\"edit\":{},\"list\":{\"label\":\"documentId\",\"searchable\":true,\"sortable\":true}}},\"layouts\":{\"list\":[\"id\",\"name\",\"releasedAt\",\"scheduledAt\"],\"edit\":[[{\"name\":\"name\",\"size\":6},{\"name\":\"releasedAt\",\"size\":6}],[{\"name\":\"scheduledAt\",\"size\":6},{\"name\":\"timezone\",\"size\":6}],[{\"name\":\"status\",\"size\":6},{\"name\":\"actions\",\"size\":6}]]},\"uid\":\"plugin::content-releases.release\"}','object',NULL,NULL),(11,'plugin_content_manager_configuration_content_types::plugin::content-releases.release-action','{\"settings\":{\"bulkable\":true,\"filterable\":true,\"searchable\":true,\"pageSize\":10,\"relationOpenMode\":\"modal\",\"mainField\":\"contentType\",\"defaultSortBy\":\"contentType\",\"defaultSortOrder\":\"ASC\"},\"metadatas\":{\"id\":{\"edit\":{},\"list\":{\"label\":\"id\",\"searchable\":true,\"sortable\":true}},\"type\":{\"edit\":{\"label\":\"type\",\"description\":\"\",\"placeholder\":\"\",\"visible\":true,\"editable\":true},\"list\":{\"label\":\"type\",\"searchable\":true,\"sortable\":true}},\"contentType\":{\"edit\":{\"label\":\"contentType\",\"description\":\"\",\"placeholder\":\"\",\"visible\":true,\"editable\":true},\"list\":{\"label\":\"contentType\",\"searchable\":true,\"sortable\":true}},\"entryDocumentId\":{\"edit\":{\"label\":\"entryDocumentId\",\"description\":\"\",\"placeholder\":\"\",\"visible\":true,\"editable\":true},\"list\":{\"label\":\"entryDocumentId\",\"searchable\":true,\"sortable\":true}},\"release\":{\"edit\":{\"label\":\"release\",\"description\":\"\",\"placeholder\":\"\",\"visible\":true,\"editable\":true,\"mainField\":\"name\"},\"list\":{\"label\":\"release\",\"searchable\":true,\"sortable\":true}},\"isEntryValid\":{\"edit\":{\"label\":\"isEntryValid\",\"description\":\"\",\"placeholder\":\"\",\"visible\":true,\"editable\":true},\"list\":{\"label\":\"isEntryValid\",\"searchable\":true,\"sortable\":true}},\"createdAt\":{\"edit\":{\"label\":\"createdAt\",\"description\":\"\",\"placeholder\":\"\",\"visible\":false,\"editable\":true},\"list\":{\"label\":\"createdAt\",\"searchable\":true,\"sortable\":true}},\"updatedAt\":{\"edit\":{\"label\":\"updatedAt\",\"description\":\"\",\"placeholder\":\"\",\"visible\":false,\"editable\":true},\"list\":{\"label\":\"updatedAt\",\"searchable\":true,\"sortable\":true}},\"createdBy\":{\"edit\":{\"label\":\"createdBy\",\"description\":\"\",\"placeholder\":\"\",\"visible\":false,\"editable\":true,\"mainField\":\"firstname\"},\"list\":{\"label\":\"createdBy\",\"searchable\":true,\"sortable\":true}},\"updatedBy\":{\"edit\":{\"label\":\"updatedBy\",\"description\":\"\",\"placeholder\":\"\",\"visible\":false,\"editable\":true,\"mainField\":\"firstname\"},\"list\":{\"label\":\"updatedBy\",\"searchable\":true,\"sortable\":true}},\"documentId\":{\"edit\":{},\"list\":{\"label\":\"documentId\",\"searchable\":true,\"sortable\":true}}},\"layouts\":{\"list\":[\"id\",\"type\",\"contentType\",\"entryDocumentId\"],\"edit\":[[{\"name\":\"type\",\"size\":6},{\"name\":\"contentType\",\"size\":6}],[{\"name\":\"entryDocumentId\",\"size\":6},{\"name\":\"release\",\"size\":6}],[{\"name\":\"isEntryValid\",\"size\":4}]]},\"uid\":\"plugin::content-releases.release-action\"}','object',NULL,NULL),(12,'plugin_content_manager_configuration_content_types::plugin::review-workflows.workflow','{\"settings\":{\"bulkable\":true,\"filterable\":true,\"searchable\":true,\"pageSize\":10,\"relationOpenMode\":\"modal\",\"mainField\":\"name\",\"defaultSortBy\":\"name\",\"defaultSortOrder\":\"ASC\"},\"metadatas\":{\"id\":{\"edit\":{},\"list\":{\"label\":\"id\",\"searchable\":true,\"sortable\":true}},\"name\":{\"edit\":{\"label\":\"name\",\"description\":\"\",\"placeholder\":\"\",\"visible\":true,\"editable\":true},\"list\":{\"label\":\"name\",\"searchable\":true,\"sortable\":true}},\"stages\":{\"edit\":{\"label\":\"stages\",\"description\":\"\",\"placeholder\":\"\",\"visible\":true,\"editable\":true,\"mainField\":\"name\"},\"list\":{\"label\":\"stages\",\"searchable\":false,\"sortable\":false}},\"stageRequiredToPublish\":{\"edit\":{\"label\":\"stageRequiredToPublish\",\"description\":\"\",\"placeholder\":\"\",\"visible\":true,\"editable\":true,\"mainField\":\"name\"},\"list\":{\"label\":\"stageRequiredToPublish\",\"searchable\":true,\"sortable\":true}},\"contentTypes\":{\"edit\":{\"label\":\"contentTypes\",\"description\":\"\",\"placeholder\":\"\",\"visible\":true,\"editable\":true},\"list\":{\"label\":\"contentTypes\",\"searchable\":false,\"sortable\":false}},\"createdAt\":{\"edit\":{\"label\":\"createdAt\",\"description\":\"\",\"placeholder\":\"\",\"visible\":false,\"editable\":true},\"list\":{\"label\":\"createdAt\",\"searchable\":true,\"sortable\":true}},\"updatedAt\":{\"edit\":{\"label\":\"updatedAt\",\"description\":\"\",\"placeholder\":\"\",\"visible\":false,\"editable\":true},\"list\":{\"label\":\"updatedAt\",\"searchable\":true,\"sortable\":true}},\"createdBy\":{\"edit\":{\"label\":\"createdBy\",\"description\":\"\",\"placeholder\":\"\",\"visible\":false,\"editable\":true,\"mainField\":\"firstname\"},\"list\":{\"label\":\"createdBy\",\"searchable\":true,\"sortable\":true}},\"updatedBy\":{\"edit\":{\"label\":\"updatedBy\",\"description\":\"\",\"placeholder\":\"\",\"visible\":false,\"editable\":true,\"mainField\":\"firstname\"},\"list\":{\"label\":\"updatedBy\",\"searchable\":true,\"sortable\":true}},\"documentId\":{\"edit\":{},\"list\":{\"label\":\"documentId\",\"searchable\":true,\"sortable\":true}}},\"layouts\":{\"list\":[\"id\",\"name\",\"stages\",\"stageRequiredToPublish\"],\"edit\":[[{\"name\":\"name\",\"size\":6},{\"name\":\"stages\",\"size\":6}],[{\"name\":\"stageRequiredToPublish\",\"size\":6}],[{\"name\":\"contentTypes\",\"size\":12}]]},\"uid\":\"plugin::review-workflows.workflow\"}','object',NULL,NULL),(13,'plugin_content_manager_configuration_content_types::plugin::review-workflows.workflow-stage','{\"settings\":{\"bulkable\":true,\"filterable\":true,\"searchable\":true,\"pageSize\":10,\"relationOpenMode\":\"modal\",\"mainField\":\"name\",\"defaultSortBy\":\"name\",\"defaultSortOrder\":\"ASC\"},\"metadatas\":{\"id\":{\"edit\":{},\"list\":{\"label\":\"id\",\"searchable\":true,\"sortable\":true}},\"name\":{\"edit\":{\"label\":\"name\",\"description\":\"\",\"placeholder\":\"\",\"visible\":true,\"editable\":true},\"list\":{\"label\":\"name\",\"searchable\":true,\"sortable\":true}},\"color\":{\"edit\":{\"label\":\"color\",\"description\":\"\",\"placeholder\":\"\",\"visible\":true,\"editable\":true},\"list\":{\"label\":\"color\",\"searchable\":true,\"sortable\":true}},\"workflow\":{\"edit\":{\"label\":\"workflow\",\"description\":\"\",\"placeholder\":\"\",\"visible\":true,\"editable\":true,\"mainField\":\"name\"},\"list\":{\"label\":\"workflow\",\"searchable\":true,\"sortable\":true}},\"permissions\":{\"edit\":{\"label\":\"permissions\",\"description\":\"\",\"placeholder\":\"\",\"visible\":true,\"editable\":true,\"mainField\":\"action\"},\"list\":{\"label\":\"permissions\",\"searchable\":false,\"sortable\":false}},\"createdAt\":{\"edit\":{\"label\":\"createdAt\",\"description\":\"\",\"placeholder\":\"\",\"visible\":false,\"editable\":true},\"list\":{\"label\":\"createdAt\",\"searchable\":true,\"sortable\":true}},\"updatedAt\":{\"edit\":{\"label\":\"updatedAt\",\"description\":\"\",\"placeholder\":\"\",\"visible\":false,\"editable\":true},\"list\":{\"label\":\"updatedAt\",\"searchable\":true,\"sortable\":true}},\"createdBy\":{\"edit\":{\"label\":\"createdBy\",\"description\":\"\",\"placeholder\":\"\",\"visible\":false,\"editable\":true,\"mainField\":\"firstname\"},\"list\":{\"label\":\"createdBy\",\"searchable\":true,\"sortable\":true}},\"updatedBy\":{\"edit\":{\"label\":\"updatedBy\",\"description\":\"\",\"placeholder\":\"\",\"visible\":false,\"editable\":true,\"mainField\":\"firstname\"},\"list\":{\"label\":\"updatedBy\",\"searchable\":true,\"sortable\":true}},\"documentId\":{\"edit\":{},\"list\":{\"label\":\"documentId\",\"searchable\":true,\"sortable\":true}}},\"layouts\":{\"list\":[\"id\",\"name\",\"color\",\"workflow\"],\"edit\":[[{\"name\":\"name\",\"size\":6},{\"name\":\"color\",\"size\":6}],[{\"name\":\"workflow\",\"size\":6},{\"name\":\"permissions\",\"size\":6}]]},\"uid\":\"plugin::review-workflows.workflow-stage\"}','object',NULL,NULL),(14,'plugin_content_manager_configuration_content_types::plugin::users-permissions.permission','{\"settings\":{\"bulkable\":true,\"filterable\":true,\"searchable\":true,\"pageSize\":10,\"relationOpenMode\":\"modal\",\"mainField\":\"action\",\"defaultSortBy\":\"action\",\"defaultSortOrder\":\"ASC\"},\"metadatas\":{\"id\":{\"edit\":{},\"list\":{\"label\":\"id\",\"searchable\":true,\"sortable\":true}},\"action\":{\"edit\":{\"label\":\"action\",\"description\":\"\",\"placeholder\":\"\",\"visible\":true,\"editable\":true},\"list\":{\"label\":\"action\",\"searchable\":true,\"sortable\":true}},\"role\":{\"edit\":{\"label\":\"role\",\"description\":\"\",\"placeholder\":\"\",\"visible\":true,\"editable\":true,\"mainField\":\"name\"},\"list\":{\"label\":\"role\",\"searchable\":true,\"sortable\":true}},\"createdAt\":{\"edit\":{\"label\":\"createdAt\",\"description\":\"\",\"placeholder\":\"\",\"visible\":false,\"editable\":true},\"list\":{\"label\":\"createdAt\",\"searchable\":true,\"sortable\":true}},\"updatedAt\":{\"edit\":{\"label\":\"updatedAt\",\"description\":\"\",\"placeholder\":\"\",\"visible\":false,\"editable\":true},\"list\":{\"label\":\"updatedAt\",\"searchable\":true,\"sortable\":true}},\"createdBy\":{\"edit\":{\"label\":\"createdBy\",\"description\":\"\",\"placeholder\":\"\",\"visible\":false,\"editable\":true,\"mainField\":\"firstname\"},\"list\":{\"label\":\"createdBy\",\"searchable\":true,\"sortable\":true}},\"updatedBy\":{\"edit\":{\"label\":\"updatedBy\",\"description\":\"\",\"placeholder\":\"\",\"visible\":false,\"editable\":true,\"mainField\":\"firstname\"},\"list\":{\"label\":\"updatedBy\",\"searchable\":true,\"sortable\":true}},\"documentId\":{\"edit\":{},\"list\":{\"label\":\"documentId\",\"searchable\":true,\"sortable\":true}}},\"layouts\":{\"list\":[\"id\",\"action\",\"role\",\"createdAt\"],\"edit\":[[{\"name\":\"action\",\"size\":6},{\"name\":\"role\",\"size\":6}]]},\"uid\":\"plugin::users-permissions.permission\"}','object',NULL,NULL),(15,'plugin_content_manager_configuration_content_types::plugin::users-permissions.role','{\"settings\":{\"bulkable\":true,\"filterable\":true,\"searchable\":true,\"pageSize\":10,\"relationOpenMode\":\"modal\",\"mainField\":\"name\",\"defaultSortBy\":\"name\",\"defaultSortOrder\":\"ASC\"},\"metadatas\":{\"id\":{\"edit\":{},\"list\":{\"label\":\"id\",\"searchable\":true,\"sortable\":true}},\"name\":{\"edit\":{\"label\":\"name\",\"description\":\"\",\"placeholder\":\"\",\"visible\":true,\"editable\":true},\"list\":{\"label\":\"name\",\"searchable\":true,\"sortable\":true}},\"description\":{\"edit\":{\"label\":\"description\",\"description\":\"\",\"placeholder\":\"\",\"visible\":true,\"editable\":true},\"list\":{\"label\":\"description\",\"searchable\":true,\"sortable\":true}},\"type\":{\"edit\":{\"label\":\"type\",\"description\":\"\",\"placeholder\":\"\",\"visible\":true,\"editable\":true},\"list\":{\"label\":\"type\",\"searchable\":true,\"sortable\":true}},\"permissions\":{\"edit\":{\"label\":\"permissions\",\"description\":\"\",\"placeholder\":\"\",\"visible\":true,\"editable\":true,\"mainField\":\"action\"},\"list\":{\"label\":\"permissions\",\"searchable\":false,\"sortable\":false}},\"users\":{\"edit\":{\"label\":\"users\",\"description\":\"\",\"placeholder\":\"\",\"visible\":true,\"editable\":true,\"mainField\":\"username\"},\"list\":{\"label\":\"users\",\"searchable\":false,\"sortable\":false}},\"createdAt\":{\"edit\":{\"label\":\"createdAt\",\"description\":\"\",\"placeholder\":\"\",\"visible\":false,\"editable\":true},\"list\":{\"label\":\"createdAt\",\"searchable\":true,\"sortable\":true}},\"updatedAt\":{\"edit\":{\"label\":\"updatedAt\",\"description\":\"\",\"placeholder\":\"\",\"visible\":false,\"editable\":true},\"list\":{\"label\":\"updatedAt\",\"searchable\":true,\"sortable\":true}},\"createdBy\":{\"edit\":{\"label\":\"createdBy\",\"description\":\"\",\"placeholder\":\"\",\"visible\":false,\"editable\":true,\"mainField\":\"firstname\"},\"list\":{\"label\":\"createdBy\",\"searchable\":true,\"sortable\":true}},\"updatedBy\":{\"edit\":{\"label\":\"updatedBy\",\"description\":\"\",\"placeholder\":\"\",\"visible\":false,\"editable\":true,\"mainField\":\"firstname\"},\"list\":{\"label\":\"updatedBy\",\"searchable\":true,\"sortable\":true}},\"documentId\":{\"edit\":{},\"list\":{\"label\":\"documentId\",\"searchable\":true,\"sortable\":true}}},\"layouts\":{\"list\":[\"id\",\"name\",\"description\",\"type\"],\"edit\":[[{\"name\":\"name\",\"size\":6},{\"name\":\"description\",\"size\":6}],[{\"name\":\"type\",\"size\":6},{\"name\":\"permissions\",\"size\":6}],[{\"name\":\"users\",\"size\":6}]]},\"uid\":\"plugin::users-permissions.role\"}','object',NULL,NULL),(16,'plugin_content_manager_configuration_content_types::plugin::users-permissions.user','{\"settings\":{\"bulkable\":true,\"filterable\":true,\"searchable\":true,\"pageSize\":10,\"relationOpenMode\":\"modal\",\"mainField\":\"username\",\"defaultSortBy\":\"username\",\"defaultSortOrder\":\"ASC\"},\"metadatas\":{\"id\":{\"edit\":{},\"list\":{\"label\":\"id\",\"searchable\":true,\"sortable\":true}},\"username\":{\"edit\":{\"label\":\"username\",\"description\":\"\",\"placeholder\":\"\",\"visible\":true,\"editable\":true},\"list\":{\"label\":\"username\",\"searchable\":true,\"sortable\":true}},\"email\":{\"edit\":{\"label\":\"email\",\"description\":\"\",\"placeholder\":\"\",\"visible\":true,\"editable\":true},\"list\":{\"label\":\"email\",\"searchable\":true,\"sortable\":true}},\"provider\":{\"edit\":{\"label\":\"provider\",\"description\":\"\",\"placeholder\":\"\",\"visible\":false,\"editable\":true},\"list\":{\"label\":\"provider\",\"searchable\":true,\"sortable\":true}},\"password\":{\"edit\":{\"label\":\"password\",\"description\":\"\",\"placeholder\":\"\",\"visible\":true,\"editable\":true},\"list\":{\"label\":\"password\",\"searchable\":true,\"sortable\":true}},\"resetPasswordToken\":{\"edit\":{\"label\":\"resetPasswordToken\",\"description\":\"\",\"placeholder\":\"\",\"visible\":false,\"editable\":true},\"list\":{\"label\":\"resetPasswordToken\",\"searchable\":true,\"sortable\":true}},\"confirmationToken\":{\"edit\":{\"label\":\"confirmationToken\",\"description\":\"\",\"placeholder\":\"\",\"visible\":false,\"editable\":true},\"list\":{\"label\":\"confirmationToken\",\"searchable\":true,\"sortable\":true}},\"confirmed\":{\"edit\":{\"label\":\"confirmed\",\"description\":\"\",\"placeholder\":\"\",\"visible\":true,\"editable\":true},\"list\":{\"label\":\"confirmed\",\"searchable\":true,\"sortable\":true}},\"blocked\":{\"edit\":{\"label\":\"blocked\",\"description\":\"\",\"placeholder\":\"\",\"visible\":true,\"editable\":true},\"list\":{\"label\":\"blocked\",\"searchable\":true,\"sortable\":true}},\"role\":{\"edit\":{\"label\":\"role\",\"description\":\"\",\"placeholder\":\"\",\"visible\":true,\"editable\":true,\"mainField\":\"name\"},\"list\":{\"label\":\"role\",\"searchable\":true,\"sortable\":true}},\"createdAt\":{\"edit\":{\"label\":\"createdAt\",\"description\":\"\",\"placeholder\":\"\",\"visible\":false,\"editable\":true},\"list\":{\"label\":\"createdAt\",\"searchable\":true,\"sortable\":true}},\"updatedAt\":{\"edit\":{\"label\":\"updatedAt\",\"description\":\"\",\"placeholder\":\"\",\"visible\":false,\"editable\":true},\"list\":{\"label\":\"updatedAt\",\"searchable\":true,\"sortable\":true}},\"createdBy\":{\"edit\":{\"label\":\"createdBy\",\"description\":\"\",\"placeholder\":\"\",\"visible\":false,\"editable\":true,\"mainField\":\"firstname\"},\"list\":{\"label\":\"createdBy\",\"searchable\":true,\"sortable\":true}},\"updatedBy\":{\"edit\":{\"label\":\"updatedBy\",\"description\":\"\",\"placeholder\":\"\",\"visible\":false,\"editable\":true,\"mainField\":\"firstname\"},\"list\":{\"label\":\"updatedBy\",\"searchable\":true,\"sortable\":true}},\"documentId\":{\"edit\":{},\"list\":{\"label\":\"documentId\",\"searchable\":true,\"sortable\":true}}},\"layouts\":{\"list\":[\"id\",\"username\",\"email\",\"confirmed\"],\"edit\":[[{\"name\":\"username\",\"size\":6},{\"name\":\"email\",\"size\":6}],[{\"name\":\"password\",\"size\":6},{\"name\":\"confirmed\",\"size\":4}],[{\"name\":\"blocked\",\"size\":4},{\"name\":\"role\",\"size\":6}]]},\"uid\":\"plugin::users-permissions.user\"}','object',NULL,NULL),(17,'plugin_content_manager_configuration_content_types::api::check-in.check-in','{\"settings\":{\"bulkable\":true,\"filterable\":true,\"searchable\":true,\"pageSize\":10,\"relationOpenMode\":\"modal\",\"mainField\":\"moderatorNote\",\"defaultSortBy\":\"moderatorNote\",\"defaultSortOrder\":\"ASC\"},\"metadatas\":{\"id\":{\"edit\":{},\"list\":{\"label\":\"id\",\"searchable\":true,\"sortable\":true}},\"event\":{\"edit\":{\"label\":\"event\",\"description\":\"\",\"placeholder\":\"\",\"visible\":true,\"editable\":true,\"mainField\":\"title\"},\"list\":{\"label\":\"event\",\"searchable\":true,\"sortable\":true}},\"coach\":{\"edit\":{\"label\":\"coach\",\"description\":\"\",\"placeholder\":\"\",\"visible\":true,\"editable\":true,\"mainField\":\"firstName\"},\"list\":{\"label\":\"coach\",\"searchable\":true,\"sortable\":true}},\"latitude\":{\"edit\":{\"label\":\"latitude\",\"description\":\"\",\"placeholder\":\"\",\"visible\":true,\"editable\":true},\"list\":{\"label\":\"latitude\",\"searchable\":true,\"sortable\":true}},\"longitude\":{\"edit\":{\"label\":\"longitude\",\"description\":\"\",\"placeholder\":\"\",\"visible\":true,\"editable\":true},\"list\":{\"label\":\"longitude\",\"searchable\":true,\"sortable\":true}},\"coachSelfie\":{\"edit\":{\"label\":\"coachSelfie\",\"description\":\"\",\"placeholder\":\"\",\"visible\":true,\"editable\":true},\"list\":{\"label\":\"coachSelfie\",\"searchable\":false,\"sortable\":false}},\"studentPhotots\":{\"edit\":{\"label\":\"studentPhotots\",\"description\":\"\",\"placeholder\":\"\",\"visible\":true,\"editable\":true},\"list\":{\"label\":\"studentPhotots\",\"searchable\":false,\"sortable\":false}},\"state\":{\"edit\":{\"label\":\"state\",\"description\":\"\",\"placeholder\":\"\",\"visible\":true,\"editable\":true},\"list\":{\"label\":\"state\",\"searchable\":true,\"sortable\":true}},\"moderatorNote\":{\"edit\":{\"label\":\"moderatorNote\",\"description\":\"\",\"placeholder\":\"\",\"visible\":true,\"editable\":true},\"list\":{\"label\":\"moderatorNote\",\"searchable\":true,\"sortable\":true}},\"createdAt\":{\"edit\":{\"label\":\"createdAt\",\"description\":\"\",\"placeholder\":\"\",\"visible\":false,\"editable\":true},\"list\":{\"label\":\"createdAt\",\"searchable\":true,\"sortable\":true}},\"updatedAt\":{\"edit\":{\"label\":\"updatedAt\",\"description\":\"\",\"placeholder\":\"\",\"visible\":false,\"editable\":true},\"list\":{\"label\":\"updatedAt\",\"searchable\":true,\"sortable\":true}},\"createdBy\":{\"edit\":{\"label\":\"createdBy\",\"description\":\"\",\"placeholder\":\"\",\"visible\":false,\"editable\":true,\"mainField\":\"firstname\"},\"list\":{\"label\":\"createdBy\",\"searchable\":true,\"sortable\":true}},\"updatedBy\":{\"edit\":{\"label\":\"updatedBy\",\"description\":\"\",\"placeholder\":\"\",\"visible\":false,\"editable\":true,\"mainField\":\"firstname\"},\"list\":{\"label\":\"updatedBy\",\"searchable\":true,\"sortable\":true}},\"documentId\":{\"edit\":{},\"list\":{\"label\":\"documentId\",\"searchable\":true,\"sortable\":true}}},\"layouts\":{\"list\":[\"id\",\"event\",\"coach\",\"latitude\"],\"edit\":[[{\"name\":\"event\",\"size\":6},{\"name\":\"coach\",\"size\":6}],[{\"name\":\"latitude\",\"size\":4},{\"name\":\"longitude\",\"size\":4}],[{\"name\":\"coachSelfie\",\"size\":6},{\"name\":\"studentPhotots\",\"size\":6}],[{\"name\":\"state\",\"size\":6},{\"name\":\"moderatorNote\",\"size\":6}]]},\"uid\":\"api::check-in.check-in\"}','object',NULL,NULL),(18,'plugin_content_manager_configuration_content_types::api::coach.coach','{\"settings\":{\"bulkable\":true,\"filterable\":true,\"searchable\":true,\"pageSize\":10,\"relationOpenMode\":\"modal\",\"mainField\":\"firstName\",\"defaultSortBy\":\"firstName\",\"defaultSortOrder\":\"ASC\"},\"metadatas\":{\"id\":{\"edit\":{},\"list\":{\"label\":\"id\",\"searchable\":true,\"sortable\":true}},\"avatar\":{\"edit\":{\"label\":\"avatar\",\"description\":\"\",\"placeholder\":\"\",\"visible\":true,\"editable\":true},\"list\":{\"label\":\"avatar\",\"searchable\":false,\"sortable\":false}},\"firstName\":{\"edit\":{\"label\":\"firstName\",\"description\":\"\",\"placeholder\":\"\",\"visible\":true,\"editable\":true},\"list\":{\"label\":\"firstName\",\"searchable\":true,\"sortable\":true}},\"lastName\":{\"edit\":{\"label\":\"lastName\",\"description\":\"\",\"placeholder\":\"\",\"visible\":true,\"editable\":true},\"list\":{\"label\":\"lastName\",\"searchable\":true,\"sortable\":true}},\"middleName\":{\"edit\":{\"label\":\"middleName\",\"description\":\"\",\"placeholder\":\"\",\"visible\":true,\"editable\":true},\"list\":{\"label\":\"middleName\",\"searchable\":true,\"sortable\":true}},\"students\":{\"edit\":{\"label\":\"students\",\"description\":\"\",\"placeholder\":\"\",\"visible\":true,\"editable\":true,\"mainField\":\"firstName\"},\"list\":{\"label\":\"students\",\"searchable\":false,\"sortable\":false}},\"discipline\":{\"edit\":{\"label\":\"discipline\",\"description\":\"\",\"placeholder\":\"\",\"visible\":true,\"editable\":true,\"mainField\":\"name\"},\"list\":{\"label\":\"discipline\",\"searchable\":true,\"sortable\":true}},\"Desc\":{\"edit\":{\"label\":\"Desc\",\"description\":\"\",\"placeholder\":\"\",\"visible\":true,\"editable\":true},\"list\":{\"label\":\"Desc\",\"searchable\":true,\"sortable\":true}},\"events\":{\"edit\":{\"label\":\"events\",\"description\":\"\",\"placeholder\":\"\",\"visible\":true,\"editable\":true,\"mainField\":\"title\"},\"list\":{\"label\":\"events\",\"searchable\":false,\"sortable\":false}},\"check_ins\":{\"edit\":{\"label\":\"check_ins\",\"description\":\"\",\"placeholder\":\"\",\"visible\":true,\"editable\":true,\"mainField\":\"moderatorNote\"},\"list\":{\"label\":\"check_ins\",\"searchable\":false,\"sortable\":false}},\"users_permissions_user\":{\"edit\":{\"label\":\"users_permissions_user\",\"description\":\"\",\"placeholder\":\"\",\"visible\":true,\"editable\":true,\"mainField\":\"username\"},\"list\":{\"label\":\"users_permissions_user\",\"searchable\":true,\"sortable\":true}},\"createdAt\":{\"edit\":{\"label\":\"createdAt\",\"description\":\"\",\"placeholder\":\"\",\"visible\":false,\"editable\":true},\"list\":{\"label\":\"createdAt\",\"searchable\":true,\"sortable\":true}},\"updatedAt\":{\"edit\":{\"label\":\"updatedAt\",\"description\":\"\",\"placeholder\":\"\",\"visible\":false,\"editable\":true},\"list\":{\"label\":\"updatedAt\",\"searchable\":true,\"sortable\":true}},\"createdBy\":{\"edit\":{\"label\":\"createdBy\",\"description\":\"\",\"placeholder\":\"\",\"visible\":false,\"editable\":true,\"mainField\":\"firstname\"},\"list\":{\"label\":\"createdBy\",\"searchable\":true,\"sortable\":true}},\"updatedBy\":{\"edit\":{\"label\":\"updatedBy\",\"description\":\"\",\"placeholder\":\"\",\"visible\":false,\"editable\":true,\"mainField\":\"firstname\"},\"list\":{\"label\":\"updatedBy\",\"searchable\":true,\"sortable\":true}},\"documentId\":{\"edit\":{},\"list\":{\"label\":\"documentId\",\"searchable\":true,\"sortable\":true}}},\"layouts\":{\"list\":[\"id\",\"avatar\",\"firstName\",\"lastName\"],\"edit\":[[{\"name\":\"avatar\",\"size\":6},{\"name\":\"firstName\",\"size\":6}],[{\"name\":\"lastName\",\"size\":6},{\"name\":\"middleName\",\"size\":6}],[{\"name\":\"students\",\"size\":6},{\"name\":\"discipline\",\"size\":6}],[{\"name\":\"Desc\",\"size\":6},{\"name\":\"events\",\"size\":6}],[{\"name\":\"check_ins\",\"size\":6},{\"name\":\"users_permissions_user\",\"size\":6}]]},\"uid\":\"api::coach.coach\"}','object',NULL,NULL),(19,'plugin_content_manager_configuration_content_types::api::discipline.discipline','{\"settings\":{\"bulkable\":true,\"filterable\":true,\"searchable\":true,\"pageSize\":10,\"relationOpenMode\":\"modal\",\"mainField\":\"name\",\"defaultSortBy\":\"name\",\"defaultSortOrder\":\"ASC\"},\"metadatas\":{\"id\":{\"edit\":{},\"list\":{\"label\":\"id\",\"searchable\":true,\"sortable\":true}},\"name\":{\"edit\":{\"label\":\"name\",\"description\":\"\",\"placeholder\":\"\",\"visible\":true,\"editable\":true},\"list\":{\"label\":\"name\",\"searchable\":true,\"sortable\":true}},\"coaches\":{\"edit\":{\"label\":\"coaches\",\"description\":\"\",\"placeholder\":\"\",\"visible\":true,\"editable\":true,\"mainField\":\"firstName\"},\"list\":{\"label\":\"coaches\",\"searchable\":false,\"sortable\":false}},\"students\":{\"edit\":{\"label\":\"students\",\"description\":\"\",\"placeholder\":\"\",\"visible\":true,\"editable\":true,\"mainField\":\"firstName\"},\"list\":{\"label\":\"students\",\"searchable\":false,\"sortable\":false}},\"createdAt\":{\"edit\":{\"label\":\"createdAt\",\"description\":\"\",\"placeholder\":\"\",\"visible\":false,\"editable\":true},\"list\":{\"label\":\"createdAt\",\"searchable\":true,\"sortable\":true}},\"updatedAt\":{\"edit\":{\"label\":\"updatedAt\",\"description\":\"\",\"placeholder\":\"\",\"visible\":false,\"editable\":true},\"list\":{\"label\":\"updatedAt\",\"searchable\":true,\"sortable\":true}},\"createdBy\":{\"edit\":{\"label\":\"createdBy\",\"description\":\"\",\"placeholder\":\"\",\"visible\":false,\"editable\":true,\"mainField\":\"firstname\"},\"list\":{\"label\":\"createdBy\",\"searchable\":true,\"sortable\":true}},\"updatedBy\":{\"edit\":{\"label\":\"updatedBy\",\"description\":\"\",\"placeholder\":\"\",\"visible\":false,\"editable\":true,\"mainField\":\"firstname\"},\"list\":{\"label\":\"updatedBy\",\"searchable\":true,\"sortable\":true}},\"documentId\":{\"edit\":{},\"list\":{\"label\":\"documentId\",\"searchable\":true,\"sortable\":true}}},\"layouts\":{\"list\":[\"id\",\"name\",\"coaches\",\"students\"],\"edit\":[[{\"name\":\"name\",\"size\":6},{\"name\":\"coaches\",\"size\":6}],[{\"name\":\"students\",\"size\":6}]]},\"uid\":\"api::discipline.discipline\"}','object',NULL,NULL),(20,'plugin_content_manager_configuration_content_types::api::event.event','{\"settings\":{\"bulkable\":true,\"filterable\":true,\"searchable\":true,\"pageSize\":10,\"relationOpenMode\":\"modal\",\"mainField\":\"title\",\"defaultSortBy\":\"title\",\"defaultSortOrder\":\"ASC\"},\"metadatas\":{\"id\":{\"edit\":{},\"list\":{\"label\":\"id\",\"searchable\":true,\"sortable\":true}},\"title\":{\"edit\":{\"label\":\"title\",\"description\":\"\",\"placeholder\":\"\",\"visible\":true,\"editable\":true},\"list\":{\"label\":\"title\",\"searchable\":true,\"sortable\":true}},\"date\":{\"edit\":{\"label\":\"date\",\"description\":\"\",\"placeholder\":\"\",\"visible\":true,\"editable\":true},\"list\":{\"label\":\"date\",\"searchable\":true,\"sortable\":true}},\"location\":{\"edit\":{\"label\":\"location\",\"description\":\"\",\"placeholder\":\"\",\"visible\":true,\"editable\":true},\"list\":{\"label\":\"location\",\"searchable\":true,\"sortable\":true}},\"coaches\":{\"edit\":{\"label\":\"coaches\",\"description\":\"\",\"placeholder\":\"\",\"visible\":true,\"editable\":true,\"mainField\":\"firstName\"},\"list\":{\"label\":\"coaches\",\"searchable\":false,\"sortable\":false}},\"state\":{\"edit\":{\"label\":\"state\",\"description\":\"\",\"placeholder\":\"\",\"visible\":true,\"editable\":true},\"list\":{\"label\":\"state\",\"searchable\":true,\"sortable\":true}},\"check_ins\":{\"edit\":{\"label\":\"check_ins\",\"description\":\"\",\"placeholder\":\"\",\"visible\":true,\"editable\":true,\"mainField\":\"moderatorNote\"},\"list\":{\"label\":\"check_ins\",\"searchable\":false,\"sortable\":false}},\"createdAt\":{\"edit\":{\"label\":\"createdAt\",\"description\":\"\",\"placeholder\":\"\",\"visible\":false,\"editable\":true},\"list\":{\"label\":\"createdAt\",\"searchable\":true,\"sortable\":true}},\"updatedAt\":{\"edit\":{\"label\":\"updatedAt\",\"description\":\"\",\"placeholder\":\"\",\"visible\":false,\"editable\":true},\"list\":{\"label\":\"updatedAt\",\"searchable\":true,\"sortable\":true}},\"createdBy\":{\"edit\":{\"label\":\"createdBy\",\"description\":\"\",\"placeholder\":\"\",\"visible\":false,\"editable\":true,\"mainField\":\"firstname\"},\"list\":{\"label\":\"createdBy\",\"searchable\":true,\"sortable\":true}},\"updatedBy\":{\"edit\":{\"label\":\"updatedBy\",\"description\":\"\",\"placeholder\":\"\",\"visible\":false,\"editable\":true,\"mainField\":\"firstname\"},\"list\":{\"label\":\"updatedBy\",\"searchable\":true,\"sortable\":true}},\"documentId\":{\"edit\":{},\"list\":{\"label\":\"documentId\",\"searchable\":true,\"sortable\":true}}},\"layouts\":{\"list\":[\"id\",\"title\",\"date\",\"location\"],\"edit\":[[{\"name\":\"title\",\"size\":6},{\"name\":\"date\",\"size\":6}],[{\"name\":\"location\",\"size\":6},{\"name\":\"coaches\",\"size\":6}],[{\"name\":\"state\",\"size\":6},{\"name\":\"check_ins\",\"size\":6}]]},\"uid\":\"api::event.event\"}','object',NULL,NULL),(21,'plugin_content_manager_configuration_content_types::api::header.header','{\"settings\":{\"bulkable\":true,\"filterable\":true,\"searchable\":true,\"pageSize\":10,\"relationOpenMode\":\"modal\",\"mainField\":\"Title\",\"defaultSortBy\":\"Title\",\"defaultSortOrder\":\"ASC\"},\"metadatas\":{\"id\":{\"edit\":{},\"list\":{\"label\":\"id\",\"searchable\":true,\"sortable\":true}},\"LogoHeader\":{\"edit\":{\"label\":\"LogoHeader\",\"description\":\"\",\"placeholder\":\"\",\"visible\":true,\"editable\":true},\"list\":{\"label\":\"LogoHeader\",\"searchable\":false,\"sortable\":false}},\"Title\":{\"edit\":{\"label\":\"Title\",\"description\":\"\",\"placeholder\":\"\",\"visible\":true,\"editable\":true},\"list\":{\"label\":\"Title\",\"searchable\":true,\"sortable\":true}},\"loginBtn\":{\"edit\":{\"label\":\"loginBtn\",\"description\":\"\",\"placeholder\":\"\",\"visible\":true,\"editable\":true},\"list\":{\"label\":\"loginBtn\",\"searchable\":true,\"sortable\":true}},\"FooterTitle\":{\"edit\":{\"label\":\"FooterTitle\",\"description\":\"\",\"placeholder\":\"\",\"visible\":true,\"editable\":true},\"list\":{\"label\":\"FooterTitle\",\"searchable\":true,\"sortable\":true}},\"FooterAddr\":{\"edit\":{\"label\":\"FooterAddr\",\"description\":\"\",\"placeholder\":\"\",\"visible\":true,\"editable\":true},\"list\":{\"label\":\"FooterAddr\",\"searchable\":true,\"sortable\":true}},\"FooterLogos\":{\"edit\":{\"label\":\"FooterLogos\",\"description\":\"\",\"placeholder\":\"\",\"visible\":true,\"editable\":true},\"list\":{\"label\":\"FooterLogos\",\"searchable\":false,\"sortable\":false}},\"LangSwitch\":{\"edit\":{\"label\":\"LangSwitch\",\"description\":\"\",\"placeholder\":\"\",\"visible\":true,\"editable\":true},\"list\":{\"label\":\"LangSwitch\",\"searchable\":false,\"sortable\":false}},\"PhoneNumber\":{\"edit\":{\"label\":\"PhoneNumber\",\"description\":\"\",\"placeholder\":\"\",\"visible\":true,\"editable\":true},\"list\":{\"label\":\"PhoneNumber\",\"searchable\":true,\"sortable\":true}},\"Coords\":{\"edit\":{\"label\":\"Coords\",\"description\":\"\",\"placeholder\":\"\",\"visible\":true,\"editable\":true},\"list\":{\"label\":\"Coords\",\"searchable\":false,\"sortable\":false}},\"createdAt\":{\"edit\":{\"label\":\"createdAt\",\"description\":\"\",\"placeholder\":\"\",\"visible\":false,\"editable\":true},\"list\":{\"label\":\"createdAt\",\"searchable\":true,\"sortable\":true}},\"updatedAt\":{\"edit\":{\"label\":\"updatedAt\",\"description\":\"\",\"placeholder\":\"\",\"visible\":false,\"editable\":true},\"list\":{\"label\":\"updatedAt\",\"searchable\":true,\"sortable\":true}},\"createdBy\":{\"edit\":{\"label\":\"createdBy\",\"description\":\"\",\"placeholder\":\"\",\"visible\":false,\"editable\":true,\"mainField\":\"firstname\"},\"list\":{\"label\":\"createdBy\",\"searchable\":true,\"sortable\":true}},\"updatedBy\":{\"edit\":{\"label\":\"updatedBy\",\"description\":\"\",\"placeholder\":\"\",\"visible\":false,\"editable\":true,\"mainField\":\"firstname\"},\"list\":{\"label\":\"updatedBy\",\"searchable\":true,\"sortable\":true}},\"documentId\":{\"edit\":{},\"list\":{\"label\":\"documentId\",\"searchable\":true,\"sortable\":true}}},\"layouts\":{\"list\":[\"id\",\"LogoHeader\",\"Title\",\"loginBtn\"],\"edit\":[[{\"name\":\"LogoHeader\",\"size\":6},{\"name\":\"Title\",\"size\":6}],[{\"name\":\"loginBtn\",\"size\":6},{\"name\":\"FooterTitle\",\"size\":6}],[{\"name\":\"FooterAddr\",\"size\":6},{\"name\":\"FooterLogos\",\"size\":6}],[{\"name\":\"LangSwitch\",\"size\":12}],[{\"name\":\"PhoneNumber\",\"size\":6}],[{\"name\":\"Coords\",\"size\":12}]]},\"uid\":\"api::header.header\"}','object',NULL,NULL),(22,'plugin_content_manager_configuration_content_types::api::home.home','{\"settings\":{\"bulkable\":true,\"filterable\":true,\"searchable\":true,\"pageSize\":10,\"relationOpenMode\":\"modal\",\"mainField\":\"HeroTitle\",\"defaultSortBy\":\"HeroTitle\",\"defaultSortOrder\":\"ASC\"},\"metadatas\":{\"id\":{\"edit\":{},\"list\":{\"label\":\"id\",\"searchable\":true,\"sortable\":true}},\"HeroTitle\":{\"edit\":{\"label\":\"HeroTitle\",\"description\":\"\",\"placeholder\":\"\",\"visible\":true,\"editable\":true},\"list\":{\"label\":\"HeroTitle\",\"searchable\":true,\"sortable\":true}},\"HeroDesc\":{\"edit\":{\"label\":\"HeroDesc\",\"description\":\"\",\"placeholder\":\"\",\"visible\":true,\"editable\":true},\"list\":{\"label\":\"HeroDesc\",\"searchable\":true,\"sortable\":true}},\"Achivments\":{\"edit\":{\"label\":\"Achivments\",\"description\":\"\",\"placeholder\":\"\",\"visible\":true,\"editable\":true},\"list\":{\"label\":\"Achivments\",\"searchable\":true,\"sortable\":true}},\"Medals\":{\"edit\":{\"label\":\"Medals\",\"description\":\"\",\"placeholder\":\"\",\"visible\":true,\"editable\":true},\"list\":{\"label\":\"Medals\",\"searchable\":true,\"sortable\":true}},\"Sportsmens\":{\"edit\":{\"label\":\"Sportsmens\",\"description\":\"\",\"placeholder\":\"\",\"visible\":true,\"editable\":true},\"list\":{\"label\":\"Sportsmens\",\"searchable\":true,\"sortable\":true}},\"Scolarship\":{\"edit\":{\"label\":\"Scolarship\",\"description\":\"\",\"placeholder\":\"\",\"visible\":true,\"editable\":true},\"list\":{\"label\":\"Scolarship\",\"searchable\":true,\"sortable\":true}},\"OurPride\":{\"edit\":{\"label\":\"OurPride\",\"description\":\"\",\"placeholder\":\"\",\"visible\":true,\"editable\":true},\"list\":{\"label\":\"OurPride\",\"searchable\":true,\"sortable\":true}},\"BtnCoach\":{\"edit\":{\"label\":\"BtnCoach\",\"description\":\"\",\"placeholder\":\"\",\"visible\":true,\"editable\":true},\"list\":{\"label\":\"BtnCoach\",\"searchable\":true,\"sortable\":true}},\"BtnAth\":{\"edit\":{\"label\":\"BtnAth\",\"description\":\"\",\"placeholder\":\"\",\"visible\":true,\"editable\":true},\"list\":{\"label\":\"BtnAth\",\"searchable\":true,\"sortable\":true}},\"BackVid\":{\"edit\":{\"label\":\"BackVid\",\"description\":\"\",\"placeholder\":\"\",\"visible\":true,\"editable\":true},\"list\":{\"label\":\"BackVid\",\"searchable\":false,\"sortable\":false}},\"createdAt\":{\"edit\":{\"label\":\"createdAt\",\"description\":\"\",\"placeholder\":\"\",\"visible\":false,\"editable\":true},\"list\":{\"label\":\"createdAt\",\"searchable\":true,\"sortable\":true}},\"updatedAt\":{\"edit\":{\"label\":\"updatedAt\",\"description\":\"\",\"placeholder\":\"\",\"visible\":false,\"editable\":true},\"list\":{\"label\":\"updatedAt\",\"searchable\":true,\"sortable\":true}},\"createdBy\":{\"edit\":{\"label\":\"createdBy\",\"description\":\"\",\"placeholder\":\"\",\"visible\":false,\"editable\":true,\"mainField\":\"firstname\"},\"list\":{\"label\":\"createdBy\",\"searchable\":true,\"sortable\":true}},\"updatedBy\":{\"edit\":{\"label\":\"updatedBy\",\"description\":\"\",\"placeholder\":\"\",\"visible\":false,\"editable\":true,\"mainField\":\"firstname\"},\"list\":{\"label\":\"updatedBy\",\"searchable\":true,\"sortable\":true}},\"documentId\":{\"edit\":{},\"list\":{\"label\":\"documentId\",\"searchable\":true,\"sortable\":true}}},\"layouts\":{\"list\":[\"id\",\"HeroTitle\",\"HeroDesc\",\"Achivments\"],\"edit\":[[{\"name\":\"HeroTitle\",\"size\":6},{\"name\":\"HeroDesc\",\"size\":6}],[{\"name\":\"Achivments\",\"size\":6},{\"name\":\"Medals\",\"size\":6}],[{\"name\":\"Sportsmens\",\"size\":6},{\"name\":\"Scolarship\",\"size\":6}],[{\"name\":\"OurPride\",\"size\":6},{\"name\":\"BtnCoach\",\"size\":6}],[{\"name\":\"BtnAth\",\"size\":6},{\"name\":\"BackVid\",\"size\":6}]]},\"uid\":\"api::home.home\"}','object',NULL,NULL),(23,'plugin_content_manager_configuration_content_types::api::slider.slider','{\"settings\":{\"bulkable\":true,\"filterable\":true,\"searchable\":true,\"pageSize\":10,\"relationOpenMode\":\"modal\",\"mainField\":\"documentId\",\"defaultSortBy\":\"documentId\",\"defaultSortOrder\":\"ASC\"},\"metadatas\":{\"id\":{\"edit\":{},\"list\":{\"label\":\"id\",\"searchable\":true,\"sortable\":true}},\"createdAt\":{\"edit\":{\"label\":\"createdAt\",\"description\":\"\",\"placeholder\":\"\",\"visible\":false,\"editable\":true},\"list\":{\"label\":\"createdAt\",\"searchable\":true,\"sortable\":true}},\"updatedAt\":{\"edit\":{\"label\":\"updatedAt\",\"description\":\"\",\"placeholder\":\"\",\"visible\":false,\"editable\":true},\"list\":{\"label\":\"updatedAt\",\"searchable\":true,\"sortable\":true}},\"createdBy\":{\"edit\":{\"label\":\"createdBy\",\"description\":\"\",\"placeholder\":\"\",\"visible\":false,\"editable\":true,\"mainField\":\"firstname\"},\"list\":{\"label\":\"createdBy\",\"searchable\":true,\"sortable\":true}},\"updatedBy\":{\"edit\":{\"label\":\"updatedBy\",\"description\":\"\",\"placeholder\":\"\",\"visible\":false,\"editable\":true,\"mainField\":\"firstname\"},\"list\":{\"label\":\"updatedBy\",\"searchable\":true,\"sortable\":true}},\"documentId\":{\"edit\":{},\"list\":{\"label\":\"documentId\",\"searchable\":true,\"sortable\":true}}},\"layouts\":{\"list\":[\"id\",\"createdAt\",\"updatedAt\",\"createdBy\"],\"edit\":[]},\"uid\":\"api::slider.slider\"}','object',NULL,NULL),(24,'plugin_content_manager_configuration_content_types::admin::user','{\"settings\":{\"bulkable\":true,\"filterable\":true,\"searchable\":true,\"pageSize\":10,\"relationOpenMode\":\"modal\",\"mainField\":\"firstname\",\"defaultSortBy\":\"firstname\",\"defaultSortOrder\":\"ASC\"},\"metadatas\":{\"id\":{\"edit\":{},\"list\":{\"label\":\"id\",\"searchable\":true,\"sortable\":true}},\"firstname\":{\"edit\":{\"label\":\"firstname\",\"description\":\"\",\"placeholder\":\"\",\"visible\":true,\"editable\":true},\"list\":{\"label\":\"firstname\",\"searchable\":true,\"sortable\":true}},\"lastname\":{\"edit\":{\"label\":\"lastname\",\"description\":\"\",\"placeholder\":\"\",\"visible\":true,\"editable\":true},\"list\":{\"label\":\"lastname\",\"searchable\":true,\"sortable\":true}},\"username\":{\"edit\":{\"label\":\"username\",\"description\":\"\",\"placeholder\":\"\",\"visible\":true,\"editable\":true},\"list\":{\"label\":\"username\",\"searchable\":true,\"sortable\":true}},\"email\":{\"edit\":{\"label\":\"email\",\"description\":\"\",\"placeholder\":\"\",\"visible\":true,\"editable\":true},\"list\":{\"label\":\"email\",\"searchable\":true,\"sortable\":true}},\"password\":{\"edit\":{\"label\":\"password\",\"description\":\"\",\"placeholder\":\"\",\"visible\":true,\"editable\":true},\"list\":{\"label\":\"password\",\"searchable\":true,\"sortable\":true}},\"resetPasswordToken\":{\"edit\":{\"label\":\"resetPasswordToken\",\"description\":\"\",\"placeholder\":\"\",\"visible\":false,\"editable\":true},\"list\":{\"label\":\"resetPasswordToken\",\"searchable\":true,\"sortable\":true}},\"registrationToken\":{\"edit\":{\"label\":\"registrationToken\",\"description\":\"\",\"placeholder\":\"\",\"visible\":false,\"editable\":true},\"list\":{\"label\":\"registrationToken\",\"searchable\":true,\"sortable\":true}},\"isActive\":{\"edit\":{\"label\":\"isActive\",\"description\":\"\",\"placeholder\":\"\",\"visible\":true,\"editable\":true},\"list\":{\"label\":\"isActive\",\"searchable\":true,\"sortable\":true}},\"roles\":{\"edit\":{\"label\":\"roles\",\"description\":\"\",\"placeholder\":\"\",\"visible\":true,\"editable\":true,\"mainField\":\"name\"},\"list\":{\"label\":\"roles\",\"searchable\":false,\"sortable\":false}},\"blocked\":{\"edit\":{\"label\":\"blocked\",\"description\":\"\",\"placeholder\":\"\",\"visible\":true,\"editable\":true},\"list\":{\"label\":\"blocked\",\"searchable\":true,\"sortable\":true}},\"preferedLanguage\":{\"edit\":{\"label\":\"preferedLanguage\",\"description\":\"\",\"placeholder\":\"\",\"visible\":true,\"editable\":true},\"list\":{\"label\":\"preferedLanguage\",\"searchable\":true,\"sortable\":true}},\"createdAt\":{\"edit\":{\"label\":\"createdAt\",\"description\":\"\",\"placeholder\":\"\",\"visible\":false,\"editable\":true},\"list\":{\"label\":\"createdAt\",\"searchable\":true,\"sortable\":true}},\"updatedAt\":{\"edit\":{\"label\":\"updatedAt\",\"description\":\"\",\"placeholder\":\"\",\"visible\":false,\"editable\":true},\"list\":{\"label\":\"updatedAt\",\"searchable\":true,\"sortable\":true}},\"createdBy\":{\"edit\":{\"label\":\"createdBy\",\"description\":\"\",\"placeholder\":\"\",\"visible\":false,\"editable\":true,\"mainField\":\"firstname\"},\"list\":{\"label\":\"createdBy\",\"searchable\":true,\"sortable\":true}},\"updatedBy\":{\"edit\":{\"label\":\"updatedBy\",\"description\":\"\",\"placeholder\":\"\",\"visible\":false,\"editable\":true,\"mainField\":\"firstname\"},\"list\":{\"label\":\"updatedBy\",\"searchable\":true,\"sortable\":true}},\"documentId\":{\"edit\":{},\"list\":{\"label\":\"documentId\",\"searchable\":true,\"sortable\":true}}},\"layouts\":{\"list\":[\"id\",\"firstname\",\"lastname\",\"username\"],\"edit\":[[{\"name\":\"firstname\",\"size\":6},{\"name\":\"lastname\",\"size\":6}],[{\"name\":\"username\",\"size\":6},{\"name\":\"email\",\"size\":6}],[{\"name\":\"password\",\"size\":6},{\"name\":\"isActive\",\"size\":4}],[{\"name\":\"roles\",\"size\":6},{\"name\":\"blocked\",\"size\":4}],[{\"name\":\"preferedLanguage\",\"size\":6}]]},\"uid\":\"admin::user\"}','object',NULL,NULL),(25,'plugin_content_manager_configuration_content_types::admin::role','{\"settings\":{\"bulkable\":true,\"filterable\":true,\"searchable\":true,\"pageSize\":10,\"relationOpenMode\":\"modal\",\"mainField\":\"name\",\"defaultSortBy\":\"name\",\"defaultSortOrder\":\"ASC\"},\"metadatas\":{\"id\":{\"edit\":{},\"list\":{\"label\":\"id\",\"searchable\":true,\"sortable\":true}},\"name\":{\"edit\":{\"label\":\"name\",\"description\":\"\",\"placeholder\":\"\",\"visible\":true,\"editable\":true},\"list\":{\"label\":\"name\",\"searchable\":true,\"sortable\":true}},\"code\":{\"edit\":{\"label\":\"code\",\"description\":\"\",\"placeholder\":\"\",\"visible\":true,\"editable\":true},\"list\":{\"label\":\"code\",\"searchable\":true,\"sortable\":true}},\"description\":{\"edit\":{\"label\":\"description\",\"description\":\"\",\"placeholder\":\"\",\"visible\":true,\"editable\":true},\"list\":{\"label\":\"description\",\"searchable\":true,\"sortable\":true}},\"users\":{\"edit\":{\"label\":\"users\",\"description\":\"\",\"placeholder\":\"\",\"visible\":true,\"editable\":true,\"mainField\":\"firstname\"},\"list\":{\"label\":\"users\",\"searchable\":false,\"sortable\":false}},\"permissions\":{\"edit\":{\"label\":\"permissions\",\"description\":\"\",\"placeholder\":\"\",\"visible\":true,\"editable\":true,\"mainField\":\"action\"},\"list\":{\"label\":\"permissions\",\"searchable\":false,\"sortable\":false}},\"createdAt\":{\"edit\":{\"label\":\"createdAt\",\"description\":\"\",\"placeholder\":\"\",\"visible\":false,\"editable\":true},\"list\":{\"label\":\"createdAt\",\"searchable\":true,\"sortable\":true}},\"updatedAt\":{\"edit\":{\"label\":\"updatedAt\",\"description\":\"\",\"placeholder\":\"\",\"visible\":false,\"editable\":true},\"list\":{\"label\":\"updatedAt\",\"searchable\":true,\"sortable\":true}},\"createdBy\":{\"edit\":{\"label\":\"createdBy\",\"description\":\"\",\"placeholder\":\"\",\"visible\":false,\"editable\":true,\"mainField\":\"firstname\"},\"list\":{\"label\":\"createdBy\",\"searchable\":true,\"sortable\":true}},\"updatedBy\":{\"edit\":{\"label\":\"updatedBy\",\"description\":\"\",\"placeholder\":\"\",\"visible\":false,\"editable\":true,\"mainField\":\"firstname\"},\"list\":{\"label\":\"updatedBy\",\"searchable\":true,\"sortable\":true}},\"documentId\":{\"edit\":{},\"list\":{\"label\":\"documentId\",\"searchable\":true,\"sortable\":true}}},\"layouts\":{\"list\":[\"id\",\"name\",\"code\",\"description\"],\"edit\":[[{\"name\":\"name\",\"size\":6},{\"name\":\"code\",\"size\":6}],[{\"name\":\"description\",\"size\":6},{\"name\":\"users\",\"size\":6}],[{\"name\":\"permissions\",\"size\":6}]]},\"uid\":\"admin::role\"}','object',NULL,NULL),(26,'plugin_content_manager_configuration_content_types::admin::api-token','{\"settings\":{\"bulkable\":true,\"filterable\":true,\"searchable\":true,\"pageSize\":10,\"relationOpenMode\":\"modal\",\"mainField\":\"name\",\"defaultSortBy\":\"name\",\"defaultSortOrder\":\"ASC\"},\"metadatas\":{\"id\":{\"edit\":{},\"list\":{\"label\":\"id\",\"searchable\":true,\"sortable\":true}},\"name\":{\"edit\":{\"label\":\"name\",\"description\":\"\",\"placeholder\":\"\",\"visible\":true,\"editable\":true},\"list\":{\"label\":\"name\",\"searchable\":true,\"sortable\":true}},\"description\":{\"edit\":{\"label\":\"description\",\"description\":\"\",\"placeholder\":\"\",\"visible\":true,\"editable\":true},\"list\":{\"label\":\"description\",\"searchable\":true,\"sortable\":true}},\"type\":{\"edit\":{\"label\":\"type\",\"description\":\"\",\"placeholder\":\"\",\"visible\":true,\"editable\":true},\"list\":{\"label\":\"type\",\"searchable\":true,\"sortable\":true}},\"accessKey\":{\"edit\":{\"label\":\"accessKey\",\"description\":\"\",\"placeholder\":\"\",\"visible\":true,\"editable\":true},\"list\":{\"label\":\"accessKey\",\"searchable\":true,\"sortable\":true}},\"encryptedKey\":{\"edit\":{\"label\":\"encryptedKey\",\"description\":\"\",\"placeholder\":\"\",\"visible\":true,\"editable\":true},\"list\":{\"label\":\"encryptedKey\",\"searchable\":true,\"sortable\":true}},\"lastUsedAt\":{\"edit\":{\"label\":\"lastUsedAt\",\"description\":\"\",\"placeholder\":\"\",\"visible\":true,\"editable\":true},\"list\":{\"label\":\"lastUsedAt\",\"searchable\":true,\"sortable\":true}},\"permissions\":{\"edit\":{\"label\":\"permissions\",\"description\":\"\",\"placeholder\":\"\",\"visible\":true,\"editable\":true,\"mainField\":\"action\"},\"list\":{\"label\":\"permissions\",\"searchable\":false,\"sortable\":false}},\"expiresAt\":{\"edit\":{\"label\":\"expiresAt\",\"description\":\"\",\"placeholder\":\"\",\"visible\":true,\"editable\":true},\"list\":{\"label\":\"expiresAt\",\"searchable\":true,\"sortable\":true}},\"lifespan\":{\"edit\":{\"label\":\"lifespan\",\"description\":\"\",\"placeholder\":\"\",\"visible\":true,\"editable\":true},\"list\":{\"label\":\"lifespan\",\"searchable\":true,\"sortable\":true}},\"createdAt\":{\"edit\":{\"label\":\"createdAt\",\"description\":\"\",\"placeholder\":\"\",\"visible\":false,\"editable\":true},\"list\":{\"label\":\"createdAt\",\"searchable\":true,\"sortable\":true}},\"updatedAt\":{\"edit\":{\"label\":\"updatedAt\",\"description\":\"\",\"placeholder\":\"\",\"visible\":false,\"editable\":true},\"list\":{\"label\":\"updatedAt\",\"searchable\":true,\"sortable\":true}},\"createdBy\":{\"edit\":{\"label\":\"createdBy\",\"description\":\"\",\"placeholder\":\"\",\"visible\":false,\"editable\":true,\"mainField\":\"firstname\"},\"list\":{\"label\":\"createdBy\",\"searchable\":true,\"sortable\":true}},\"updatedBy\":{\"edit\":{\"label\":\"updatedBy\",\"description\":\"\",\"placeholder\":\"\",\"visible\":false,\"editable\":true,\"mainField\":\"firstname\"},\"list\":{\"label\":\"updatedBy\",\"searchable\":true,\"sortable\":true}},\"documentId\":{\"edit\":{},\"list\":{\"label\":\"documentId\",\"searchable\":true,\"sortable\":true}}},\"layouts\":{\"list\":[\"id\",\"name\",\"description\",\"type\"],\"edit\":[[{\"name\":\"name\",\"size\":6},{\"name\":\"description\",\"size\":6}],[{\"name\":\"type\",\"size\":6},{\"name\":\"accessKey\",\"size\":6}],[{\"name\":\"encryptedKey\",\"size\":6},{\"name\":\"lastUsedAt\",\"size\":6}],[{\"name\":\"permissions\",\"size\":6},{\"name\":\"expiresAt\",\"size\":6}],[{\"name\":\"lifespan\",\"size\":4}]]},\"uid\":\"admin::api-token\"}','object',NULL,NULL),(27,'plugin_content_manager_configuration_content_types::admin::api-token-permission','{\"settings\":{\"bulkable\":true,\"filterable\":true,\"searchable\":true,\"pageSize\":10,\"relationOpenMode\":\"modal\",\"mainField\":\"action\",\"defaultSortBy\":\"action\",\"defaultSortOrder\":\"ASC\"},\"metadatas\":{\"id\":{\"edit\":{},\"list\":{\"label\":\"id\",\"searchable\":true,\"sortable\":true}},\"action\":{\"edit\":{\"label\":\"action\",\"description\":\"\",\"placeholder\":\"\",\"visible\":true,\"editable\":true},\"list\":{\"label\":\"action\",\"searchable\":true,\"sortable\":true}},\"token\":{\"edit\":{\"label\":\"token\",\"description\":\"\",\"placeholder\":\"\",\"visible\":true,\"editable\":true,\"mainField\":\"name\"},\"list\":{\"label\":\"token\",\"searchable\":true,\"sortable\":true}},\"createdAt\":{\"edit\":{\"label\":\"createdAt\",\"description\":\"\",\"placeholder\":\"\",\"visible\":false,\"editable\":true},\"list\":{\"label\":\"createdAt\",\"searchable\":true,\"sortable\":true}},\"updatedAt\":{\"edit\":{\"label\":\"updatedAt\",\"description\":\"\",\"placeholder\":\"\",\"visible\":false,\"editable\":true},\"list\":{\"label\":\"updatedAt\",\"searchable\":true,\"sortable\":true}},\"createdBy\":{\"edit\":{\"label\":\"createdBy\",\"description\":\"\",\"placeholder\":\"\",\"visible\":false,\"editable\":true,\"mainField\":\"firstname\"},\"list\":{\"label\":\"createdBy\",\"searchable\":true,\"sortable\":true}},\"updatedBy\":{\"edit\":{\"label\":\"updatedBy\",\"description\":\"\",\"placeholder\":\"\",\"visible\":false,\"editable\":true,\"mainField\":\"firstname\"},\"list\":{\"label\":\"updatedBy\",\"searchable\":true,\"sortable\":true}},\"documentId\":{\"edit\":{},\"list\":{\"label\":\"documentId\",\"searchable\":true,\"sortable\":true}}},\"layouts\":{\"list\":[\"id\",\"action\",\"token\",\"createdAt\"],\"edit\":[[{\"name\":\"action\",\"size\":6},{\"name\":\"token\",\"size\":6}]]},\"uid\":\"admin::api-token-permission\"}','object',NULL,NULL),(28,'plugin_content_manager_configuration_content_types::admin::session','{\"settings\":{\"bulkable\":true,\"filterable\":true,\"searchable\":true,\"pageSize\":10,\"relationOpenMode\":\"modal\",\"mainField\":\"userId\",\"defaultSortBy\":\"userId\",\"defaultSortOrder\":\"ASC\"},\"metadatas\":{\"id\":{\"edit\":{},\"list\":{\"label\":\"id\",\"searchable\":true,\"sortable\":true}},\"userId\":{\"edit\":{\"label\":\"userId\",\"description\":\"\",\"placeholder\":\"\",\"visible\":true,\"editable\":true},\"list\":{\"label\":\"userId\",\"searchable\":true,\"sortable\":true}},\"sessionId\":{\"edit\":{\"label\":\"sessionId\",\"description\":\"\",\"placeholder\":\"\",\"visible\":true,\"editable\":true},\"list\":{\"label\":\"sessionId\",\"searchable\":true,\"sortable\":true}},\"childId\":{\"edit\":{\"label\":\"childId\",\"description\":\"\",\"placeholder\":\"\",\"visible\":true,\"editable\":true},\"list\":{\"label\":\"childId\",\"searchable\":true,\"sortable\":true}},\"deviceId\":{\"edit\":{\"label\":\"deviceId\",\"description\":\"\",\"placeholder\":\"\",\"visible\":true,\"editable\":true},\"list\":{\"label\":\"deviceId\",\"searchable\":true,\"sortable\":true}},\"origin\":{\"edit\":{\"label\":\"origin\",\"description\":\"\",\"placeholder\":\"\",\"visible\":true,\"editable\":true},\"list\":{\"label\":\"origin\",\"searchable\":true,\"sortable\":true}},\"expiresAt\":{\"edit\":{\"label\":\"expiresAt\",\"description\":\"\",\"placeholder\":\"\",\"visible\":true,\"editable\":true},\"list\":{\"label\":\"expiresAt\",\"searchable\":true,\"sortable\":true}},\"absoluteExpiresAt\":{\"edit\":{\"label\":\"absoluteExpiresAt\",\"description\":\"\",\"placeholder\":\"\",\"visible\":true,\"editable\":true},\"list\":{\"label\":\"absoluteExpiresAt\",\"searchable\":true,\"sortable\":true}},\"status\":{\"edit\":{\"label\":\"status\",\"description\":\"\",\"placeholder\":\"\",\"visible\":true,\"editable\":true},\"list\":{\"label\":\"status\",\"searchable\":true,\"sortable\":true}},\"type\":{\"edit\":{\"label\":\"type\",\"description\":\"\",\"placeholder\":\"\",\"visible\":true,\"editable\":true},\"list\":{\"label\":\"type\",\"searchable\":true,\"sortable\":true}},\"createdAt\":{\"edit\":{\"label\":\"createdAt\",\"description\":\"\",\"placeholder\":\"\",\"visible\":false,\"editable\":true},\"list\":{\"label\":\"createdAt\",\"searchable\":true,\"sortable\":true}},\"updatedAt\":{\"edit\":{\"label\":\"updatedAt\",\"description\":\"\",\"placeholder\":\"\",\"visible\":false,\"editable\":true},\"list\":{\"label\":\"updatedAt\",\"searchable\":true,\"sortable\":true}},\"createdBy\":{\"edit\":{\"label\":\"createdBy\",\"description\":\"\",\"placeholder\":\"\",\"visible\":false,\"editable\":true,\"mainField\":\"firstname\"},\"list\":{\"label\":\"createdBy\",\"searchable\":true,\"sortable\":true}},\"updatedBy\":{\"edit\":{\"label\":\"updatedBy\",\"description\":\"\",\"placeholder\":\"\",\"visible\":false,\"editable\":true,\"mainField\":\"firstname\"},\"list\":{\"label\":\"updatedBy\",\"searchable\":true,\"sortable\":true}},\"documentId\":{\"edit\":{},\"list\":{\"label\":\"documentId\",\"searchable\":true,\"sortable\":true}}},\"layouts\":{\"list\":[\"id\",\"userId\",\"sessionId\",\"childId\"],\"edit\":[[{\"name\":\"userId\",\"size\":6},{\"name\":\"sessionId\",\"size\":6}],[{\"name\":\"childId\",\"size\":6},{\"name\":\"deviceId\",\"size\":6}],[{\"name\":\"origin\",\"size\":6},{\"name\":\"expiresAt\",\"size\":6}],[{\"name\":\"absoluteExpiresAt\",\"size\":6},{\"name\":\"status\",\"size\":6}],[{\"name\":\"type\",\"size\":6}]]},\"uid\":\"admin::session\"}','object',NULL,NULL),(29,'plugin_content_manager_configuration_content_types::admin::permission','{\"settings\":{\"bulkable\":true,\"filterable\":true,\"searchable\":true,\"pageSize\":10,\"relationOpenMode\":\"modal\",\"mainField\":\"action\",\"defaultSortBy\":\"action\",\"defaultSortOrder\":\"ASC\"},\"metadatas\":{\"id\":{\"edit\":{},\"list\":{\"label\":\"id\",\"searchable\":true,\"sortable\":true}},\"action\":{\"edit\":{\"label\":\"action\",\"description\":\"\",\"placeholder\":\"\",\"visible\":true,\"editable\":true},\"list\":{\"label\":\"action\",\"searchable\":true,\"sortable\":true}},\"actionParameters\":{\"edit\":{\"label\":\"actionParameters\",\"description\":\"\",\"placeholder\":\"\",\"visible\":true,\"editable\":true},\"list\":{\"label\":\"actionParameters\",\"searchable\":false,\"sortable\":false}},\"subject\":{\"edit\":{\"label\":\"subject\",\"description\":\"\",\"placeholder\":\"\",\"visible\":true,\"editable\":true},\"list\":{\"label\":\"subject\",\"searchable\":true,\"sortable\":true}},\"properties\":{\"edit\":{\"label\":\"properties\",\"description\":\"\",\"placeholder\":\"\",\"visible\":true,\"editable\":true},\"list\":{\"label\":\"properties\",\"searchable\":false,\"sortable\":false}},\"conditions\":{\"edit\":{\"label\":\"conditions\",\"description\":\"\",\"placeholder\":\"\",\"visible\":true,\"editable\":true},\"list\":{\"label\":\"conditions\",\"searchable\":false,\"sortable\":false}},\"role\":{\"edit\":{\"label\":\"role\",\"description\":\"\",\"placeholder\":\"\",\"visible\":true,\"editable\":true,\"mainField\":\"name\"},\"list\":{\"label\":\"role\",\"searchable\":true,\"sortable\":true}},\"createdAt\":{\"edit\":{\"label\":\"createdAt\",\"description\":\"\",\"placeholder\":\"\",\"visible\":false,\"editable\":true},\"list\":{\"label\":\"createdAt\",\"searchable\":true,\"sortable\":true}},\"updatedAt\":{\"edit\":{\"label\":\"updatedAt\",\"description\":\"\",\"placeholder\":\"\",\"visible\":false,\"editable\":true},\"list\":{\"label\":\"updatedAt\",\"searchable\":true,\"sortable\":true}},\"createdBy\":{\"edit\":{\"label\":\"createdBy\",\"description\":\"\",\"placeholder\":\"\",\"visible\":false,\"editable\":true,\"mainField\":\"firstname\"},\"list\":{\"label\":\"createdBy\",\"searchable\":true,\"sortable\":true}},\"updatedBy\":{\"edit\":{\"label\":\"updatedBy\",\"description\":\"\",\"placeholder\":\"\",\"visible\":false,\"editable\":true,\"mainField\":\"firstname\"},\"list\":{\"label\":\"updatedBy\",\"searchable\":true,\"sortable\":true}},\"documentId\":{\"edit\":{},\"list\":{\"label\":\"documentId\",\"searchable\":true,\"sortable\":true}}},\"layouts\":{\"list\":[\"id\",\"action\",\"subject\",\"role\"],\"edit\":[[{\"name\":\"action\",\"size\":6}],[{\"name\":\"actionParameters\",\"size\":12}],[{\"name\":\"subject\",\"size\":6}],[{\"name\":\"properties\",\"size\":12}],[{\"name\":\"conditions\",\"size\":12}],[{\"name\":\"role\",\"size\":6}]]},\"uid\":\"admin::permission\"}','object',NULL,NULL),(30,'plugin_content_manager_configuration_content_types::api::student.student','{\"settings\":{\"bulkable\":true,\"filterable\":true,\"searchable\":true,\"pageSize\":10,\"relationOpenMode\":\"modal\",\"mainField\":\"firstName\",\"defaultSortBy\":\"firstName\",\"defaultSortOrder\":\"ASC\"},\"metadatas\":{\"id\":{\"edit\":{},\"list\":{\"label\":\"id\",\"searchable\":true,\"sortable\":true}},\"firstName\":{\"edit\":{\"label\":\"firstName\",\"description\":\"\",\"placeholder\":\"\",\"visible\":true,\"editable\":true},\"list\":{\"label\":\"firstName\",\"searchable\":true,\"sortable\":true}},\"lastName\":{\"edit\":{\"label\":\"lastName\",\"description\":\"\",\"placeholder\":\"\",\"visible\":true,\"editable\":true},\"list\":{\"label\":\"lastName\",\"searchable\":true,\"sortable\":true}},\"middleName\":{\"edit\":{\"label\":\"middleName\",\"description\":\"\",\"placeholder\":\"\",\"visible\":true,\"editable\":true},\"list\":{\"label\":\"middleName\",\"searchable\":true,\"sortable\":true}},\"avatar\":{\"edit\":{\"label\":\"avatar\",\"description\":\"\",\"placeholder\":\"\",\"visible\":true,\"editable\":true},\"list\":{\"label\":\"avatar\",\"searchable\":false,\"sortable\":false}},\"coach\":{\"edit\":{\"label\":\"coach\",\"description\":\"\",\"placeholder\":\"\",\"visible\":true,\"editable\":true,\"mainField\":\"firstName\"},\"list\":{\"label\":\"coach\",\"searchable\":true,\"sortable\":true}},\"discipline\":{\"edit\":{\"label\":\"discipline\",\"description\":\"\",\"placeholder\":\"\",\"visible\":true,\"editable\":true,\"mainField\":\"name\"},\"list\":{\"label\":\"discipline\",\"searchable\":true,\"sortable\":true}},\"createdAt\":{\"edit\":{\"label\":\"createdAt\",\"description\":\"\",\"placeholder\":\"\",\"visible\":false,\"editable\":true},\"list\":{\"label\":\"createdAt\",\"searchable\":true,\"sortable\":true}},\"updatedAt\":{\"edit\":{\"label\":\"updatedAt\",\"description\":\"\",\"placeholder\":\"\",\"visible\":false,\"editable\":true},\"list\":{\"label\":\"updatedAt\",\"searchable\":true,\"sortable\":true}},\"createdBy\":{\"edit\":{\"label\":\"createdBy\",\"description\":\"\",\"placeholder\":\"\",\"visible\":false,\"editable\":true,\"mainField\":\"firstname\"},\"list\":{\"label\":\"createdBy\",\"searchable\":true,\"sortable\":true}},\"updatedBy\":{\"edit\":{\"label\":\"updatedBy\",\"description\":\"\",\"placeholder\":\"\",\"visible\":false,\"editable\":true,\"mainField\":\"firstname\"},\"list\":{\"label\":\"updatedBy\",\"searchable\":true,\"sortable\":true}},\"documentId\":{\"edit\":{},\"list\":{\"label\":\"documentId\",\"searchable\":true,\"sortable\":true}}},\"layouts\":{\"list\":[\"id\",\"firstName\",\"lastName\",\"middleName\"],\"edit\":[[{\"name\":\"firstName\",\"size\":6},{\"name\":\"lastName\",\"size\":6}],[{\"name\":\"middleName\",\"size\":6},{\"name\":\"avatar\",\"size\":6}],[{\"name\":\"coach\",\"size\":6},{\"name\":\"discipline\",\"size\":6}]]},\"uid\":\"api::student.student\"}','object',NULL,NULL),(31,'plugin_content_manager_configuration_content_types::admin::transfer-token','{\"settings\":{\"bulkable\":true,\"filterable\":true,\"searchable\":true,\"pageSize\":10,\"relationOpenMode\":\"modal\",\"mainField\":\"name\",\"defaultSortBy\":\"name\",\"defaultSortOrder\":\"ASC\"},\"metadatas\":{\"id\":{\"edit\":{},\"list\":{\"label\":\"id\",\"searchable\":true,\"sortable\":true}},\"name\":{\"edit\":{\"label\":\"name\",\"description\":\"\",\"placeholder\":\"\",\"visible\":true,\"editable\":true},\"list\":{\"label\":\"name\",\"searchable\":true,\"sortable\":true}},\"description\":{\"edit\":{\"label\":\"description\",\"description\":\"\",\"placeholder\":\"\",\"visible\":true,\"editable\":true},\"list\":{\"label\":\"description\",\"searchable\":true,\"sortable\":true}},\"accessKey\":{\"edit\":{\"label\":\"accessKey\",\"description\":\"\",\"placeholder\":\"\",\"visible\":true,\"editable\":true},\"list\":{\"label\":\"accessKey\",\"searchable\":true,\"sortable\":true}},\"lastUsedAt\":{\"edit\":{\"label\":\"lastUsedAt\",\"description\":\"\",\"placeholder\":\"\",\"visible\":true,\"editable\":true},\"list\":{\"label\":\"lastUsedAt\",\"searchable\":true,\"sortable\":true}},\"permissions\":{\"edit\":{\"label\":\"permissions\",\"description\":\"\",\"placeholder\":\"\",\"visible\":true,\"editable\":true,\"mainField\":\"action\"},\"list\":{\"label\":\"permissions\",\"searchable\":false,\"sortable\":false}},\"expiresAt\":{\"edit\":{\"label\":\"expiresAt\",\"description\":\"\",\"placeholder\":\"\",\"visible\":true,\"editable\":true},\"list\":{\"label\":\"expiresAt\",\"searchable\":true,\"sortable\":true}},\"lifespan\":{\"edit\":{\"label\":\"lifespan\",\"description\":\"\",\"placeholder\":\"\",\"visible\":true,\"editable\":true},\"list\":{\"label\":\"lifespan\",\"searchable\":true,\"sortable\":true}},\"createdAt\":{\"edit\":{\"label\":\"createdAt\",\"description\":\"\",\"placeholder\":\"\",\"visible\":false,\"editable\":true},\"list\":{\"label\":\"createdAt\",\"searchable\":true,\"sortable\":true}},\"updatedAt\":{\"edit\":{\"label\":\"updatedAt\",\"description\":\"\",\"placeholder\":\"\",\"visible\":false,\"editable\":true},\"list\":{\"label\":\"updatedAt\",\"searchable\":true,\"sortable\":true}},\"createdBy\":{\"edit\":{\"label\":\"createdBy\",\"description\":\"\",\"placeholder\":\"\",\"visible\":false,\"editable\":true,\"mainField\":\"firstname\"},\"list\":{\"label\":\"createdBy\",\"searchable\":true,\"sortable\":true}},\"updatedBy\":{\"edit\":{\"label\":\"updatedBy\",\"description\":\"\",\"placeholder\":\"\",\"visible\":false,\"editable\":true,\"mainField\":\"firstname\"},\"list\":{\"label\":\"updatedBy\",\"searchable\":true,\"sortable\":true}},\"documentId\":{\"edit\":{},\"list\":{\"label\":\"documentId\",\"searchable\":true,\"sortable\":true}}},\"layouts\":{\"list\":[\"id\",\"name\",\"description\",\"accessKey\"],\"edit\":[[{\"name\":\"name\",\"size\":6},{\"name\":\"description\",\"size\":6}],[{\"name\":\"accessKey\",\"size\":6},{\"name\":\"lastUsedAt\",\"size\":6}],[{\"name\":\"permissions\",\"size\":6},{\"name\":\"expiresAt\",\"size\":6}],[{\"name\":\"lifespan\",\"size\":4}]]},\"uid\":\"admin::transfer-token\"}','object',NULL,NULL),(32,'plugin_content_manager_configuration_content_types::admin::transfer-token-permission','{\"settings\":{\"bulkable\":true,\"filterable\":true,\"searchable\":true,\"pageSize\":10,\"relationOpenMode\":\"modal\",\"mainField\":\"action\",\"defaultSortBy\":\"action\",\"defaultSortOrder\":\"ASC\"},\"metadatas\":{\"id\":{\"edit\":{},\"list\":{\"label\":\"id\",\"searchable\":true,\"sortable\":true}},\"action\":{\"edit\":{\"label\":\"action\",\"description\":\"\",\"placeholder\":\"\",\"visible\":true,\"editable\":true},\"list\":{\"label\":\"action\",\"searchable\":true,\"sortable\":true}},\"token\":{\"edit\":{\"label\":\"token\",\"description\":\"\",\"placeholder\":\"\",\"visible\":true,\"editable\":true,\"mainField\":\"name\"},\"list\":{\"label\":\"token\",\"searchable\":true,\"sortable\":true}},\"createdAt\":{\"edit\":{\"label\":\"createdAt\",\"description\":\"\",\"placeholder\":\"\",\"visible\":false,\"editable\":true},\"list\":{\"label\":\"createdAt\",\"searchable\":true,\"sortable\":true}},\"updatedAt\":{\"edit\":{\"label\":\"updatedAt\",\"description\":\"\",\"placeholder\":\"\",\"visible\":false,\"editable\":true},\"list\":{\"label\":\"updatedAt\",\"searchable\":true,\"sortable\":true}},\"createdBy\":{\"edit\":{\"label\":\"createdBy\",\"description\":\"\",\"placeholder\":\"\",\"visible\":false,\"editable\":true,\"mainField\":\"firstname\"},\"list\":{\"label\":\"createdBy\",\"searchable\":true,\"sortable\":true}},\"updatedBy\":{\"edit\":{\"label\":\"updatedBy\",\"description\":\"\",\"placeholder\":\"\",\"visible\":false,\"editable\":true,\"mainField\":\"firstname\"},\"list\":{\"label\":\"updatedBy\",\"searchable\":true,\"sortable\":true}},\"documentId\":{\"edit\":{},\"list\":{\"label\":\"documentId\",\"searchable\":true,\"sortable\":true}}},\"layouts\":{\"list\":[\"id\",\"action\",\"token\",\"createdAt\"],\"edit\":[[{\"name\":\"action\",\"size\":6},{\"name\":\"token\",\"size\":6}]]},\"uid\":\"admin::transfer-token-permission\"}','object',NULL,NULL),(33,'plugin_upload_settings','{\"sizeOptimization\":true,\"responsiveDimensions\":true,\"autoOrientation\":false,\"aiMetadata\":true}','object',NULL,NULL),(34,'plugin_upload_view_configuration','{\"pageSize\":10,\"sort\":\"createdAt:DESC\"}','object',NULL,NULL),(35,'plugin_upload_metrics','{\"weeklySchedule\":\"40 49 14 * * 4\",\"lastWeeklyUpdate\":1773913780163}','object',NULL,NULL),(36,'plugin_i18n_default_locale','\"en\"','string',NULL,NULL),(37,'plugin_users-permissions_grant','{\"email\":{\"icon\":\"envelope\",\"enabled\":true},\"discord\":{\"icon\":\"discord\",\"enabled\":false,\"key\":\"\",\"secret\":\"\",\"callbackUrl\":\"api/auth/discord/callback\",\"scope\":[\"identify\",\"email\"]},\"facebook\":{\"icon\":\"facebook-square\",\"enabled\":false,\"key\":\"\",\"secret\":\"\",\"callbackUrl\":\"api/auth/facebook/callback\",\"scope\":[\"email\"]},\"google\":{\"icon\":\"google\",\"enabled\":false,\"key\":\"\",\"secret\":\"\",\"callbackUrl\":\"api/auth/google/callback\",\"scope\":[\"email\"]},\"github\":{\"icon\":\"github\",\"enabled\":false,\"key\":\"\",\"secret\":\"\",\"callbackUrl\":\"api/auth/github/callback\",\"scope\":[\"user\",\"user:email\"]},\"microsoft\":{\"icon\":\"windows\",\"enabled\":false,\"key\":\"\",\"secret\":\"\",\"callbackUrl\":\"api/auth/microsoft/callback\",\"scope\":[\"user.read\"]},\"twitter\":{\"icon\":\"twitter\",\"enabled\":false,\"key\":\"\",\"secret\":\"\",\"callbackUrl\":\"api/auth/twitter/callback\"},\"instagram\":{\"icon\":\"instagram\",\"enabled\":false,\"key\":\"\",\"secret\":\"\",\"callbackUrl\":\"api/auth/instagram/callback\",\"scope\":[\"user_profile\"]},\"vk\":{\"icon\":\"vk\",\"enabled\":false,\"key\":\"\",\"secret\":\"\",\"callbackUrl\":\"api/auth/vk/callback\",\"scope\":[\"email\"]},\"twitch\":{\"icon\":\"twitch\",\"enabled\":false,\"key\":\"\",\"secret\":\"\",\"callbackUrl\":\"api/auth/twitch/callback\",\"scope\":[\"user:read:email\"]},\"linkedin\":{\"icon\":\"linkedin\",\"enabled\":false,\"key\":\"\",\"secret\":\"\",\"callbackUrl\":\"api/auth/linkedin/callback\",\"scope\":[\"r_liteprofile\",\"r_emailaddress\"]},\"cognito\":{\"icon\":\"aws\",\"enabled\":false,\"key\":\"\",\"secret\":\"\",\"subdomain\":\"my.subdomain.com\",\"callback\":\"api/auth/cognito/callback\",\"scope\":[\"email\",\"openid\",\"profile\"]},\"reddit\":{\"icon\":\"reddit\",\"enabled\":false,\"key\":\"\",\"secret\":\"\",\"callback\":\"api/auth/reddit/callback\",\"scope\":[\"identity\"]},\"auth0\":{\"icon\":\"\",\"enabled\":false,\"key\":\"\",\"secret\":\"\",\"subdomain\":\"my-tenant.eu\",\"callback\":\"api/auth/auth0/callback\",\"scope\":[\"openid\",\"email\",\"profile\"]},\"cas\":{\"icon\":\"book\",\"enabled\":false,\"key\":\"\",\"secret\":\"\",\"callback\":\"api/auth/cas/callback\",\"scope\":[\"openid email\"],\"subdomain\":\"my.subdomain.com/cas\"},\"patreon\":{\"icon\":\"\",\"enabled\":false,\"key\":\"\",\"secret\":\"\",\"callback\":\"api/auth/patreon/callback\",\"scope\":[\"identity\",\"identity[email]\"]},\"keycloak\":{\"icon\":\"\",\"enabled\":false,\"key\":\"\",\"secret\":\"\",\"subdomain\":\"myKeycloakProvider.com/realms/myrealm\",\"callback\":\"api/auth/keycloak/callback\",\"scope\":[\"openid\",\"email\",\"profile\"]}}','object',NULL,NULL),(38,'plugin_users-permissions_email','{\"reset_password\":{\"display\":\"Email.template.reset_password\",\"icon\":\"sync\",\"options\":{\"from\":{\"name\":\"Administration Panel\",\"email\":\"no-reply@strapi.io\"},\"response_email\":\"\",\"object\":\"Reset password\",\"message\":\"<p>We heard that you lost your password. Sorry about that!</p>\\n\\n<p>But don’t worry! You can use the following link to reset your password:</p>\\n<p><%= URL %>?code=<%= TOKEN %></p>\\n\\n<p>Thanks.</p>\"}},\"email_confirmation\":{\"display\":\"Email.template.email_confirmation\",\"icon\":\"check-square\",\"options\":{\"from\":{\"name\":\"Administration Panel\",\"email\":\"no-reply@strapi.io\"},\"response_email\":\"\",\"object\":\"Account confirmation\",\"message\":\"<p>Thank you for registering!</p>\\n\\n<p>You have to confirm your email address. Please click on the link below.</p>\\n\\n<p><%= URL %>?confirmation=<%= CODE %></p>\\n\\n<p>Thanks.</p>\"}}}','object',NULL,NULL),(39,'plugin_users-permissions_advanced','{\"unique_email\":true,\"allow_register\":true,\"email_confirmation\":false,\"email_reset_password\":null,\"email_confirmation_redirection\":null,\"default_role\":\"authenticated\"}','object',NULL,NULL),(40,'core_admin_auth','{\"providers\":{\"autoRegister\":false,\"defaultRole\":null,\"ssoLockedRoles\":null}}','object',NULL,NULL),(41,'plugin_content_manager_configuration_content_types::api::moderator-base.moderator-base','{\"settings\":{\"bulkable\":true,\"filterable\":true,\"searchable\":true,\"pageSize\":10,\"relationOpenMode\":\"modal\",\"mainField\":\"title\",\"defaultSortBy\":\"title\",\"defaultSortOrder\":\"ASC\"},\"metadatas\":{\"id\":{\"edit\":{},\"list\":{\"label\":\"id\",\"searchable\":true,\"sortable\":true}},\"title\":{\"edit\":{\"label\":\"title\",\"description\":\"\",\"placeholder\":\"\",\"visible\":true,\"editable\":true},\"list\":{\"label\":\"title\",\"searchable\":true,\"sortable\":true}},\"langswitch\":{\"edit\":{\"label\":\"langswitch\",\"description\":\"\",\"placeholder\":\"\",\"visible\":true,\"editable\":true},\"list\":{\"label\":\"langswitch\",\"searchable\":false,\"sortable\":false}},\"logout\":{\"edit\":{\"label\":\"logout\",\"description\":\"\",\"placeholder\":\"\",\"visible\":true,\"editable\":true},\"list\":{\"label\":\"logout\",\"searchable\":true,\"sortable\":true}},\"disciplines\":{\"edit\":{\"label\":\"disciplines\",\"description\":\"\",\"placeholder\":\"\",\"visible\":true,\"editable\":true,\"mainField\":\"name\"},\"list\":{\"label\":\"disciplines\",\"searchable\":false,\"sortable\":false}},\"SelectSport\":{\"edit\":{\"label\":\"SelectSport\",\"description\":\"\",\"placeholder\":\"\",\"visible\":true,\"editable\":true},\"list\":{\"label\":\"SelectSport\",\"searchable\":true,\"sortable\":true}},\"createdAt\":{\"edit\":{\"label\":\"createdAt\",\"description\":\"\",\"placeholder\":\"\",\"visible\":false,\"editable\":true},\"list\":{\"label\":\"createdAt\",\"searchable\":true,\"sortable\":true}},\"updatedAt\":{\"edit\":{\"label\":\"updatedAt\",\"description\":\"\",\"placeholder\":\"\",\"visible\":false,\"editable\":true},\"list\":{\"label\":\"updatedAt\",\"searchable\":true,\"sortable\":true}},\"createdBy\":{\"edit\":{\"label\":\"createdBy\",\"description\":\"\",\"placeholder\":\"\",\"visible\":false,\"editable\":true,\"mainField\":\"firstname\"},\"list\":{\"label\":\"createdBy\",\"searchable\":true,\"sortable\":true}},\"updatedBy\":{\"edit\":{\"label\":\"updatedBy\",\"description\":\"\",\"placeholder\":\"\",\"visible\":false,\"editable\":true,\"mainField\":\"firstname\"},\"list\":{\"label\":\"updatedBy\",\"searchable\":true,\"sortable\":true}},\"documentId\":{\"edit\":{},\"list\":{\"label\":\"documentId\",\"searchable\":true,\"sortable\":true}}},\"layouts\":{\"list\":[\"id\",\"title\",\"langswitch\",\"logout\"],\"edit\":[[{\"name\":\"title\",\"size\":6}],[{\"name\":\"langswitch\",\"size\":12}],[{\"name\":\"logout\",\"size\":6},{\"name\":\"disciplines\",\"size\":6}],[{\"name\":\"SelectSport\",\"size\":6}]]},\"uid\":\"api::moderator-base.moderator-base\"}','object',NULL,NULL),(44,'plugin_content_manager_configuration_content_types::api::login.login','{\"settings\":{\"bulkable\":true,\"filterable\":true,\"searchable\":true,\"pageSize\":10,\"relationOpenMode\":\"modal\",\"mainField\":\"username\",\"defaultSortBy\":\"username\",\"defaultSortOrder\":\"ASC\"},\"metadatas\":{\"id\":{\"edit\":{},\"list\":{\"label\":\"id\",\"searchable\":true,\"sortable\":true}},\"username\":{\"edit\":{\"label\":\"username\",\"description\":\"\",\"placeholder\":\"\",\"visible\":true,\"editable\":true},\"list\":{\"label\":\"username\",\"searchable\":true,\"sortable\":true}},\"password\":{\"edit\":{\"label\":\"password\",\"description\":\"\",\"placeholder\":\"\",\"visible\":true,\"editable\":true},\"list\":{\"label\":\"password\",\"searchable\":true,\"sortable\":true}},\"loginBtn\":{\"edit\":{\"label\":\"loginBtn\",\"description\":\"\",\"placeholder\":\"\",\"visible\":true,\"editable\":true},\"list\":{\"label\":\"loginBtn\",\"searchable\":true,\"sortable\":true}},\"langswitch\":{\"edit\":{\"label\":\"langswitch\",\"description\":\"\",\"placeholder\":\"\",\"visible\":true,\"editable\":true},\"list\":{\"label\":\"langswitch\",\"searchable\":false,\"sortable\":false}},\"BackToSite\":{\"edit\":{\"label\":\"BackToSite\",\"description\":\"\",\"placeholder\":\"\",\"visible\":true,\"editable\":true},\"list\":{\"label\":\"BackToSite\",\"searchable\":true,\"sortable\":true}},\"title\":{\"edit\":{\"label\":\"title\",\"description\":\"\",\"placeholder\":\"\",\"visible\":true,\"editable\":true},\"list\":{\"label\":\"title\",\"searchable\":true,\"sortable\":true}},\"createdAt\":{\"edit\":{\"label\":\"createdAt\",\"description\":\"\",\"placeholder\":\"\",\"visible\":false,\"editable\":true},\"list\":{\"label\":\"createdAt\",\"searchable\":true,\"sortable\":true}},\"updatedAt\":{\"edit\":{\"label\":\"updatedAt\",\"description\":\"\",\"placeholder\":\"\",\"visible\":false,\"editable\":true},\"list\":{\"label\":\"updatedAt\",\"searchable\":true,\"sortable\":true}},\"createdBy\":{\"edit\":{\"label\":\"createdBy\",\"description\":\"\",\"placeholder\":\"\",\"visible\":false,\"editable\":true,\"mainField\":\"firstname\"},\"list\":{\"label\":\"createdBy\",\"searchable\":true,\"sortable\":true}},\"updatedBy\":{\"edit\":{\"label\":\"updatedBy\",\"description\":\"\",\"placeholder\":\"\",\"visible\":false,\"editable\":true,\"mainField\":\"firstname\"},\"list\":{\"label\":\"updatedBy\",\"searchable\":true,\"sortable\":true}},\"documentId\":{\"edit\":{},\"list\":{\"label\":\"documentId\",\"searchable\":true,\"sortable\":true}}},\"layouts\":{\"list\":[\"id\",\"username\",\"password\",\"loginBtn\"],\"edit\":[[{\"name\":\"username\",\"size\":6},{\"name\":\"password\",\"size\":6}],[{\"name\":\"loginBtn\",\"size\":6}],[{\"name\":\"langswitch\",\"size\":12}],[{\"name\":\"BackToSite\",\"size\":6},{\"name\":\"title\",\"size\":6}]]},\"uid\":\"api::login.login\"}','object',NULL,NULL),(45,'plugin_content_manager_configuration_content_types::api::coach-base.coach-base','{\"settings\":{\"bulkable\":true,\"filterable\":true,\"searchable\":true,\"pageSize\":10,\"relationOpenMode\":\"modal\",\"mainField\":\"CoachTitle\",\"defaultSortBy\":\"CoachTitle\",\"defaultSortOrder\":\"ASC\"},\"metadatas\":{\"id\":{\"edit\":{},\"list\":{\"label\":\"id\",\"searchable\":true,\"sortable\":true}},\"CoachTitle\":{\"edit\":{\"label\":\"CoachTitle\",\"description\":\"\",\"placeholder\":\"\",\"visible\":true,\"editable\":true},\"list\":{\"label\":\"CoachTitle\",\"searchable\":true,\"sortable\":true}},\"title\":{\"edit\":{\"label\":\"title\",\"description\":\"\",\"placeholder\":\"\",\"visible\":true,\"editable\":true},\"list\":{\"label\":\"title\",\"searchable\":true,\"sortable\":true}},\"logout\":{\"edit\":{\"label\":\"logout\",\"description\":\"\",\"placeholder\":\"\",\"visible\":true,\"editable\":true},\"list\":{\"label\":\"logout\",\"searchable\":true,\"sortable\":true}},\"checkInBtn\":{\"edit\":{\"label\":\"checkInBtn\",\"description\":\"\",\"placeholder\":\"\",\"visible\":true,\"editable\":true},\"list\":{\"label\":\"checkInBtn\",\"searchable\":true,\"sortable\":true}},\"EventTitle\":{\"edit\":{\"label\":\"EventTitle\",\"description\":\"\",\"placeholder\":\"\",\"visible\":true,\"editable\":true},\"list\":{\"label\":\"EventTitle\",\"searchable\":true,\"sortable\":true}},\"AthListTitle\":{\"edit\":{\"label\":\"AthListTitle\",\"description\":\"\",\"placeholder\":\"\",\"visible\":true,\"editable\":true},\"list\":{\"label\":\"AthListTitle\",\"searchable\":true,\"sortable\":true}},\"coaches\":{\"edit\":{\"label\":\"coaches\",\"description\":\"\",\"placeholder\":\"\",\"visible\":true,\"editable\":true,\"mainField\":\"firstName\"},\"list\":{\"label\":\"coaches\",\"searchable\":false,\"sortable\":false}},\"events\":{\"edit\":{\"label\":\"events\",\"description\":\"\",\"placeholder\":\"\",\"visible\":true,\"editable\":true,\"mainField\":\"title\"},\"list\":{\"label\":\"events\",\"searchable\":false,\"sortable\":false}},\"students\":{\"edit\":{\"label\":\"students\",\"description\":\"\",\"placeholder\":\"\",\"visible\":true,\"editable\":true,\"mainField\":\"firstName\"},\"list\":{\"label\":\"students\",\"searchable\":false,\"sortable\":false}},\"langSwitch\":{\"edit\":{\"label\":\"langSwitch\",\"description\":\"\",\"placeholder\":\"\",\"visible\":true,\"editable\":true},\"list\":{\"label\":\"langSwitch\",\"searchable\":false,\"sortable\":false}},\"createdAt\":{\"edit\":{\"label\":\"createdAt\",\"description\":\"\",\"placeholder\":\"\",\"visible\":false,\"editable\":true},\"list\":{\"label\":\"createdAt\",\"searchable\":true,\"sortable\":true}},\"updatedAt\":{\"edit\":{\"label\":\"updatedAt\",\"description\":\"\",\"placeholder\":\"\",\"visible\":false,\"editable\":true},\"list\":{\"label\":\"updatedAt\",\"searchable\":true,\"sortable\":true}},\"createdBy\":{\"edit\":{\"label\":\"createdBy\",\"description\":\"\",\"placeholder\":\"\",\"visible\":false,\"editable\":true,\"mainField\":\"firstname\"},\"list\":{\"label\":\"createdBy\",\"searchable\":true,\"sortable\":true}},\"updatedBy\":{\"edit\":{\"label\":\"updatedBy\",\"description\":\"\",\"placeholder\":\"\",\"visible\":false,\"editable\":true,\"mainField\":\"firstname\"},\"list\":{\"label\":\"updatedBy\",\"searchable\":true,\"sortable\":true}},\"documentId\":{\"edit\":{},\"list\":{\"label\":\"documentId\",\"searchable\":true,\"sortable\":true}}},\"layouts\":{\"list\":[\"id\",\"CoachTitle\",\"title\",\"logout\"],\"edit\":[[{\"name\":\"CoachTitle\",\"size\":6},{\"name\":\"title\",\"size\":6}],[{\"name\":\"logout\",\"size\":6},{\"name\":\"checkInBtn\",\"size\":6}],[{\"name\":\"EventTitle\",\"size\":6},{\"name\":\"AthListTitle\",\"size\":6}],[{\"name\":\"coaches\",\"size\":6},{\"name\":\"events\",\"size\":6}],[{\"name\":\"students\",\"size\":6}],[{\"name\":\"langSwitch\",\"size\":12}]]},\"uid\":\"api::coach-base.coach-base\"}','object',NULL,NULL);
/*!40000 ALTER TABLE `strapi_core_store_settings` ENABLE KEYS */;
UNLOCK TABLES;

--
-- Table structure for table `strapi_database_schema`
--

DROP TABLE IF EXISTS `strapi_database_schema`;
/*!40101 SET @saved_cs_client     = @@character_set_client */;
/*!50503 SET character_set_client = utf8mb4 */;
CREATE TABLE `strapi_database_schema` (
  `id` int unsigned NOT NULL AUTO_INCREMENT,
  `schema` json DEFAULT NULL,
  `time` datetime DEFAULT NULL,
  `hash` varchar(255) DEFAULT NULL,
  PRIMARY KEY (`id`)
) ENGINE=InnoDB AUTO_INCREMENT=16 DEFAULT CHARSET=utf8mb4 COLLATE=utf8mb4_0900_ai_ci;
/*!40101 SET character_set_client = @saved_cs_client */;

--
-- Dumping data for table `strapi_database_schema`
--

LOCK TABLES `strapi_database_schema` WRITE;
/*!40000 ALTER TABLE `strapi_database_schema` DISABLE KEYS */;
INSERT INTO `strapi_database_schema` VALUES (15,'{\"tables\": [{\"name\": \"files\", \"columns\": [{\"args\": [{\"primary\": true, \"primaryKey\": true}], \"name\": \"id\", \"type\": \"increments\", \"unsigned\": false, \"defaultTo\": null, \"notNullable\": true}, {\"args\": [], \"name\": \"document_id\", \"type\": \"string\", \"unsigned\": false, \"defaultTo\": null, \"notNullable\": false}, {\"args\": [], \"name\": \"name\", \"type\": \"string\", \"unsigned\": false, \"defaultTo\": null, \"notNullable\": false}, {\"args\": [\"longtext\"], \"name\": \"alternative_text\", \"type\": \"text\", \"unsigned\": false, \"defaultTo\": null, \"notNullable\": false}, {\"args\": [\"longtext\"], \"name\": \"caption\", \"type\": \"text\", \"unsigned\": false, \"defaultTo\": null, \"notNullable\": false}, {\"args\": [], \"name\": \"focal_point\", \"type\": \"jsonb\", \"unsigned\": false, \"defaultTo\": null, \"notNullable\": false}, {\"args\": [], \"name\": \"width\", \"type\": \"integer\", \"unsigned\": false, \"defaultTo\": null, \"notNullable\": false}, {\"args\": [], \"name\": \"height\", \"type\": \"integer\", \"unsigned\": false, \"defaultTo\": null, \"notNullable\": false}, {\"args\": [], \"name\": \"formats\", \"type\": \"jsonb\", \"unsigned\": false, \"defaultTo\": null, \"notNullable\": false}, {\"args\": [], \"name\": \"hash\", \"type\": \"string\", \"unsigned\": false, \"defaultTo\": null, \"notNullable\": false}, {\"args\": [], \"name\": \"ext\", \"type\": \"string\", \"unsigned\": false, \"defaultTo\": null, \"notNullable\": false}, {\"args\": [], \"name\": \"mime\", \"type\": \"string\", \"unsigned\": false, \"defaultTo\": null, \"notNullable\": false}, {\"args\": [10, 2], \"name\": \"size\", \"type\": \"decimal\", \"unsigned\": false, \"defaultTo\": null, \"notNullable\": false}, {\"args\": [\"longtext\"], \"name\": \"url\", \"type\": \"text\", \"unsigned\": false, \"defaultTo\": null, \"notNullable\": false}, {\"args\": [\"longtext\"], \"name\": \"preview_url\", \"type\": \"text\", \"unsigned\": false, \"defaultTo\": null, \"notNullable\": false}, {\"args\": [], \"name\": \"provider\", \"type\": \"string\", \"unsigned\": false, \"defaultTo\": null, \"notNullable\": false}, {\"args\": [], \"name\": \"provider_metadata\", \"type\": \"jsonb\", \"unsigned\": false, \"defaultTo\": null, \"notNullable\": false}, {\"args\": [], \"name\": \"folder_path\", \"type\": \"string\", \"unsigned\": false, \"defaultTo\": null, \"notNullable\": false}, {\"args\": [{\"useTz\": false, \"precision\": 6}], \"name\": \"created_at\", \"type\": \"datetime\", \"unsigned\": false, \"defaultTo\": null, \"notNullable\": false}, {\"args\": [{\"useTz\": false, \"precision\": 6}], \"name\": \"updated_at\", \"type\": \"datetime\", \"unsigned\": false, \"defaultTo\": null, \"notNullable\": false}, {\"args\": [{\"useTz\": false, \"precision\": 6}], \"name\": \"published_at\", \"type\": \"datetime\", \"unsigned\": false, \"defaultTo\": null, \"notNullable\": false}, {\"args\": [], \"name\": \"created_by_id\", \"type\": \"integer\", \"unsigned\": true, \"defaultTo\": null, \"notNullable\": false}, {\"args\": [], \"name\": \"updated_by_id\", \"type\": \"integer\", \"unsigned\": true, \"defaultTo\": null, \"notNullable\": false}, {\"args\": [], \"name\": \"locale\", \"type\": \"string\", \"unsigned\": false, \"defaultTo\": null, \"notNullable\": false}], \"indexes\": [{\"name\": \"upload_files_folder_path_index\", \"type\": null, \"columns\": [\"folder_path\"]}, {\"name\": \"upload_files_created_at_index\", \"type\": null, \"columns\": [\"created_at\"]}, {\"name\": \"upload_files_updated_at_index\", \"type\": null, \"columns\": [\"updated_at\"]}, {\"name\": \"upload_files_name_index\", \"type\": null, \"columns\": [\"name\"]}, {\"name\": \"upload_files_size_index\", \"type\": null, \"columns\": [\"size\"]}, {\"name\": \"upload_files_ext_index\", \"type\": null, \"columns\": [\"ext\"]}, {\"name\": \"files_documents_idx\", \"columns\": [\"document_id\", \"locale\", \"published_at\"]}, {\"name\": \"files_created_by_id_fk\", \"columns\": [\"created_by_id\"]}, {\"name\": \"files_updated_by_id_fk\", \"columns\": [\"updated_by_id\"]}], \"foreignKeys\": [{\"name\": \"files_created_by_id_fk\", \"columns\": [\"created_by_id\"], \"onDelete\": \"SET NULL\", \"referencedTable\": \"admin_users\", \"referencedColumns\": [\"id\"]}, {\"name\": \"files_updated_by_id_fk\", \"columns\": [\"updated_by_id\"], \"onDelete\": \"SET NULL\", \"referencedTable\": \"admin_users\", \"referencedColumns\": [\"id\"]}]}, {\"name\": \"upload_folders\", \"columns\": [{\"args\": [{\"primary\": true, \"primaryKey\": true}], \"name\": \"id\", \"type\": \"increments\", \"unsigned\": false, \"defaultTo\": null, \"notNullable\": true}, {\"args\": [], \"name\": \"document_id\", \"type\": \"string\", \"unsigned\": false, \"defaultTo\": null, \"notNullable\": false}, {\"args\": [], \"name\": \"name\", \"type\": \"string\", \"unsigned\": false, \"defaultTo\": null, \"notNullable\": false}, {\"args\": [], \"name\": \"path_id\", \"type\": \"integer\", \"unsigned\": false, \"defaultTo\": null, \"notNullable\": false}, {\"args\": [], \"name\": \"path\", \"type\": \"string\", \"unsigned\": false, \"defaultTo\": null, \"notNullable\": false}, {\"args\": [{\"useTz\": false, \"precision\": 6}], \"name\": \"created_at\", \"type\": \"datetime\", \"unsigned\": false, \"defaultTo\": null, \"notNullable\": false}, {\"args\": [{\"useTz\": false, \"precision\": 6}], \"name\": \"updated_at\", \"type\": \"datetime\", \"unsigned\": false, \"defaultTo\": null, \"notNullable\": false}, {\"args\": [{\"useTz\": false, \"precision\": 6}], \"name\": \"published_at\", \"type\": \"datetime\", \"unsigned\": false, \"defaultTo\": null, \"notNullable\": false}, {\"args\": [], \"name\": \"created_by_id\", \"type\": \"integer\", \"unsigned\": true, \"defaultTo\": null, \"notNullable\": false}, {\"args\": [], \"name\": \"updated_by_id\", \"type\": \"integer\", \"unsigned\": true, \"defaultTo\": null, \"notNullable\": false}, {\"args\": [], \"name\": \"locale\", \"type\": \"string\", \"unsigned\": false, \"defaultTo\": null, \"notNullable\": false}], \"indexes\": [{\"name\": \"upload_folders_path_id_index\", \"type\": \"unique\", \"columns\": [\"path_id\"]}, {\"name\": \"upload_folders_path_index\", \"type\": \"unique\", \"columns\": [\"path\"]}, {\"name\": \"upload_folders_documents_idx\", \"columns\": [\"document_id\", \"locale\", \"published_at\"]}, {\"name\": \"upload_folders_created_by_id_fk\", \"columns\": [\"created_by_id\"]}, {\"name\": \"upload_folders_updated_by_id_fk\", \"columns\": [\"updated_by_id\"]}], \"foreignKeys\": [{\"name\": \"upload_folders_created_by_id_fk\", \"columns\": [\"created_by_id\"], \"onDelete\": \"SET NULL\", \"referencedTable\": \"admin_users\", \"referencedColumns\": [\"id\"]}, {\"name\": \"upload_folders_updated_by_id_fk\", \"columns\": [\"updated_by_id\"], \"onDelete\": \"SET NULL\", \"referencedTable\": \"admin_users\", \"referencedColumns\": [\"id\"]}]}, {\"name\": \"i18n_locale\", \"columns\": [{\"args\": [{\"primary\": true, \"primaryKey\": true}], \"name\": \"id\", \"type\": \"increments\", \"unsigned\": false, \"defaultTo\": null, \"notNullable\": true}, {\"args\": [], \"name\": \"document_id\", \"type\": \"string\", \"unsigned\": false, \"defaultTo\": null, \"notNullable\": false}, {\"args\": [], \"name\": \"name\", \"type\": \"string\", \"unsigned\": false, \"defaultTo\": null, \"notNullable\": false}, {\"args\": [], \"name\": \"code\", \"type\": \"string\", \"unsigned\": false, \"defaultTo\": null, \"notNullable\": false}, {\"args\": [{\"useTz\": false, \"precision\": 6}], \"name\": \"created_at\", \"type\": \"datetime\", \"unsigned\": false, \"defaultTo\": null, \"notNullable\": false}, {\"args\": [{\"useTz\": false, \"precision\": 6}], \"name\": \"updated_at\", \"type\": \"datetime\", \"unsigned\": false, \"defaultTo\": null, \"notNullable\": false}, {\"args\": [{\"useTz\": false, \"precision\": 6}], \"name\": \"published_at\", \"type\": \"datetime\", \"unsigned\": false, \"defaultTo\": null, \"notNullable\": false}, {\"args\": [], \"name\": \"created_by_id\", \"type\": \"integer\", \"unsigned\": true, \"defaultTo\": null, \"notNullable\": false}, {\"args\": [], \"name\": \"updated_by_id\", \"type\": \"integer\", \"unsigned\": true, \"defaultTo\": null, \"notNullable\": false}, {\"args\": [], \"name\": \"locale\", \"type\": \"string\", \"unsigned\": false, \"defaultTo\": null, \"notNullable\": false}], \"indexes\": [{\"name\": \"i18n_locale_documents_idx\", \"columns\": [\"document_id\", \"locale\", \"published_at\"]}, {\"name\": \"i18n_locale_created_by_id_fk\", \"columns\": [\"created_by_id\"]}, {\"name\": \"i18n_locale_updated_by_id_fk\", \"columns\": [\"updated_by_id\"]}], \"foreignKeys\": [{\"name\": \"i18n_locale_created_by_id_fk\", \"columns\": [\"created_by_id\"], \"onDelete\": \"SET NULL\", \"referencedTable\": \"admin_users\", \"referencedColumns\": [\"id\"]}, {\"name\": \"i18n_locale_updated_by_id_fk\", \"columns\": [\"updated_by_id\"], \"onDelete\": \"SET NULL\", \"referencedTable\": \"admin_users\", \"referencedColumns\": [\"id\"]}]}, {\"name\": \"strapi_releases\", \"columns\": [{\"args\": [{\"primary\": true, \"primaryKey\": true}], \"name\": \"id\", \"type\": \"increments\", \"unsigned\": false, \"defaultTo\": null, \"notNullable\": true}, {\"args\": [], \"name\": \"document_id\", \"type\": \"string\", \"unsigned\": false, \"defaultTo\": null, \"notNullable\": false}, {\"args\": [], \"name\": \"name\", \"type\": \"string\", \"unsigned\": false, \"defaultTo\": null, \"notNullable\": false}, {\"args\": [{\"useTz\": false, \"precision\": 6}], \"name\": \"released_at\", \"type\": \"datetime\", \"unsigned\": false, \"defaultTo\": null, \"notNullable\": false}, {\"args\": [{\"useTz\": false, \"precision\": 6}], \"name\": \"scheduled_at\", \"type\": \"datetime\", \"unsigned\": false, \"defaultTo\": null, \"notNullable\": false}, {\"args\": [], \"name\": \"timezone\", \"type\": \"string\", \"unsigned\": false, \"defaultTo\": null, \"notNullable\": false}, {\"args\": [], \"name\": \"status\", \"type\": \"string\", \"unsigned\": false, \"defaultTo\": null, \"notNullable\": false}, {\"args\": [{\"useTz\": false, \"precision\": 6}], \"name\": \"created_at\", \"type\": \"datetime\", \"unsigned\": false, \"defaultTo\": null, \"notNullable\": false}, {\"args\": [{\"useTz\": false, \"precision\": 6}], \"name\": \"updated_at\", \"type\": \"datetime\", \"unsigned\": false, \"defaultTo\": null, \"notNullable\": false}, {\"args\": [{\"useTz\": false, \"precision\": 6}], \"name\": \"published_at\", \"type\": \"datetime\", \"unsigned\": false, \"defaultTo\": null, \"notNullable\": false}, {\"args\": [], \"name\": \"created_by_id\", \"type\": \"integer\", \"unsigned\": true, \"defaultTo\": null, \"notNullable\": false}, {\"args\": [], \"name\": \"updated_by_id\", \"type\": \"integer\", \"unsigned\": true, \"defaultTo\": null, \"notNullable\": false}, {\"args\": [], \"name\": \"locale\", \"type\": \"string\", \"unsigned\": false, \"defaultTo\": null, \"notNullable\": false}], \"indexes\": [{\"name\": \"strapi_releases_documents_idx\", \"columns\": [\"document_id\", \"locale\", \"published_at\"]}, {\"name\": \"strapi_releases_created_by_id_fk\", \"columns\": [\"created_by_id\"]}, {\"name\": \"strapi_releases_updated_by_id_fk\", \"columns\": [\"updated_by_id\"]}], \"foreignKeys\": [{\"name\": \"strapi_releases_created_by_id_fk\", \"columns\": [\"created_by_id\"], \"onDelete\": \"SET NULL\", \"referencedTable\": \"admin_users\", \"referencedColumns\": [\"id\"]}, {\"name\": \"strapi_releases_updated_by_id_fk\", \"columns\": [\"updated_by_id\"], \"onDelete\": \"SET NULL\", \"referencedTable\": \"admin_users\", \"referencedColumns\": [\"id\"]}]}, {\"name\": \"strapi_release_actions\", \"columns\": [{\"args\": [{\"primary\": true, \"primaryKey\": true}], \"name\": \"id\", \"type\": \"increments\", \"unsigned\": false, \"defaultTo\": null, \"notNullable\": true}, {\"args\": [], \"name\": \"document_id\", \"type\": \"string\", \"unsigned\": false, \"defaultTo\": null, \"notNullable\": false}, {\"args\": [], \"name\": \"type\", \"type\": \"string\", \"unsigned\": false, \"defaultTo\": null, \"notNullable\": false}, {\"args\": [], \"name\": \"content_type\", \"type\": \"string\", \"unsigned\": false, \"defaultTo\": null, \"notNullable\": false}, {\"args\": [], \"name\": \"entry_document_id\", \"type\": \"string\", \"unsigned\": false, \"defaultTo\": null, \"notNullable\": false}, {\"args\": [], \"name\": \"locale\", \"type\": \"string\", \"unsigned\": false, \"defaultTo\": null, \"notNullable\": false}, {\"args\": [], \"name\": \"is_entry_valid\", \"type\": \"boolean\", \"unsigned\": false, \"defaultTo\": null, \"notNullable\": false}, {\"args\": [{\"useTz\": false, \"precision\": 6}], \"name\": \"created_at\", \"type\": \"datetime\", \"unsigned\": false, \"defaultTo\": null, \"notNullable\": false}, {\"args\": [{\"useTz\": false, \"precision\": 6}], \"name\": \"updated_at\", \"type\": \"datetime\", \"unsigned\": false, \"defaultTo\": null, \"notNullable\": false}, {\"args\": [{\"useTz\": false, \"precision\": 6}], \"name\": \"published_at\", \"type\": \"datetime\", \"unsigned\": false, \"defaultTo\": null, \"notNullable\": false}, {\"args\": [], \"name\": \"created_by_id\", \"type\": \"integer\", \"unsigned\": true, \"defaultTo\": null, \"notNullable\": false}, {\"args\": [], \"name\": \"updated_by_id\", \"type\": \"integer\", \"unsigned\": true, \"defaultTo\": null, \"notNullable\": false}], \"indexes\": [{\"name\": \"strapi_release_actions_documents_idx\", \"columns\": [\"document_id\", \"locale\", \"published_at\"]}, {\"name\": \"strapi_release_actions_created_by_id_fk\", \"columns\": [\"created_by_id\"]}, {\"name\": \"strapi_release_actions_updated_by_id_fk\", \"columns\": [\"updated_by_id\"]}], \"foreignKeys\": [{\"name\": \"strapi_release_actions_created_by_id_fk\", \"columns\": [\"created_by_id\"], \"onDelete\": \"SET NULL\", \"referencedTable\": \"admin_users\", \"referencedColumns\": [\"id\"]}, {\"name\": \"strapi_release_actions_updated_by_id_fk\", \"columns\": [\"updated_by_id\"], \"onDelete\": \"SET NULL\", \"referencedTable\": \"admin_users\", \"referencedColumns\": [\"id\"]}]}, {\"name\": \"strapi_workflows\", \"columns\": [{\"args\": [{\"primary\": true, \"primaryKey\": true}], \"name\": \"id\", \"type\": \"increments\", \"unsigned\": false, \"defaultTo\": null, \"notNullable\": true}, {\"args\": [], \"name\": \"document_id\", \"type\": \"string\", \"unsigned\": false, \"defaultTo\": null, \"notNullable\": false}, {\"args\": [], \"name\": \"name\", \"type\": \"string\", \"unsigned\": false, \"defaultTo\": null, \"notNullable\": false}, {\"args\": [], \"name\": \"content_types\", \"type\": \"jsonb\", \"unsigned\": false, \"defaultTo\": null, \"notNullable\": false}, {\"args\": [{\"useTz\": false, \"precision\": 6}], \"name\": \"created_at\", \"type\": \"datetime\", \"unsigned\": false, \"defaultTo\": null, \"notNullable\": false}, {\"args\": [{\"useTz\": false, \"precision\": 6}], \"name\": \"updated_at\", \"type\": \"datetime\", \"unsigned\": false, \"defaultTo\": null, \"notNullable\": false}, {\"args\": [{\"useTz\": false, \"precision\": 6}], \"name\": \"published_at\", \"type\": \"datetime\", \"unsigned\": false, \"defaultTo\": null, \"notNullable\": false}, {\"args\": [], \"name\": \"created_by_id\", \"type\": \"integer\", \"unsigned\": true, \"defaultTo\": null, \"notNullable\": false}, {\"args\": [], \"name\": \"updated_by_id\", \"type\": \"integer\", \"unsigned\": true, \"defaultTo\": null, \"notNullable\": false}, {\"args\": [], \"name\": \"locale\", \"type\": \"string\", \"unsigned\": false, \"defaultTo\": null, \"notNullable\": false}], \"indexes\": [{\"name\": \"strapi_workflows_documents_idx\", \"columns\": [\"document_id\", \"locale\", \"published_at\"]}, {\"name\": \"strapi_workflows_created_by_id_fk\", \"columns\": [\"created_by_id\"]}, {\"name\": \"strapi_workflows_updated_by_id_fk\", \"columns\": [\"updated_by_id\"]}], \"foreignKeys\": [{\"name\": \"strapi_workflows_created_by_id_fk\", \"columns\": [\"created_by_id\"], \"onDelete\": \"SET NULL\", \"referencedTable\": \"admin_users\", \"referencedColumns\": [\"id\"]}, {\"name\": \"strapi_workflows_updated_by_id_fk\", \"columns\": [\"updated_by_id\"], \"onDelete\": \"SET NULL\", \"referencedTable\": \"admin_users\", \"referencedColumns\": [\"id\"]}]}, {\"name\": \"strapi_workflows_stages\", \"columns\": [{\"args\": [{\"primary\": true, \"primaryKey\": true}], \"name\": \"id\", \"type\": \"increments\", \"unsigned\": false, \"defaultTo\": null, \"notNullable\": true}, {\"args\": [], \"name\": \"document_id\", \"type\": \"string\", \"unsigned\": false, \"defaultTo\": null, \"notNullable\": false}, {\"args\": [], \"name\": \"name\", \"type\": \"string\", \"unsigned\": false, \"defaultTo\": null, \"notNullable\": false}, {\"args\": [], \"name\": \"color\", \"type\": \"string\", \"unsigned\": false, \"defaultTo\": null, \"notNullable\": false}, {\"args\": [{\"useTz\": false, \"precision\": 6}], \"name\": \"created_at\", \"type\": \"datetime\", \"unsigned\": false, \"defaultTo\": null, \"notNullable\": false}, {\"args\": [{\"useTz\": false, \"precision\": 6}], \"name\": \"updated_at\", \"type\": \"datetime\", \"unsigned\": false, \"defaultTo\": null, \"notNullable\": false}, {\"args\": [{\"useTz\": false, \"precision\": 6}], \"name\": \"published_at\", \"type\": \"datetime\", \"unsigned\": false, \"defaultTo\": null, \"notNullable\": false}, {\"args\": [], \"name\": \"created_by_id\", \"type\": \"integer\", \"unsigned\": true, \"defaultTo\": null, \"notNullable\": false}, {\"args\": [], \"name\": \"updated_by_id\", \"type\": \"integer\", \"unsigned\": true, \"defaultTo\": null, \"notNullable\": false}, {\"args\": [], \"name\": \"locale\", \"type\": \"string\", \"unsigned\": false, \"defaultTo\": null, \"notNullable\": false}], \"indexes\": [{\"name\": \"strapi_workflows_stages_documents_idx\", \"columns\": [\"document_id\", \"locale\", \"published_at\"]}, {\"name\": \"strapi_workflows_stages_created_by_id_fk\", \"columns\": [\"created_by_id\"]}, {\"name\": \"strapi_workflows_stages_updated_by_id_fk\", \"columns\": [\"updated_by_id\"]}], \"foreignKeys\": [{\"name\": \"strapi_workflows_stages_created_by_id_fk\", \"columns\": [\"created_by_id\"], \"onDelete\": \"SET NULL\", \"referencedTable\": \"admin_users\", \"referencedColumns\": [\"id\"]}, {\"name\": \"strapi_workflows_stages_updated_by_id_fk\", \"columns\": [\"updated_by_id\"], \"onDelete\": \"SET NULL\", \"referencedTable\": \"admin_users\", \"referencedColumns\": [\"id\"]}]}, {\"name\": \"up_permissions\", \"columns\": [{\"args\": [{\"primary\": true, \"primaryKey\": true}], \"name\": \"id\", \"type\": \"increments\", \"unsigned\": false, \"defaultTo\": null, \"notNullable\": true}, {\"args\": [], \"name\": \"document_id\", \"type\": \"string\", \"unsigned\": false, \"defaultTo\": null, \"notNullable\": false}, {\"args\": [], \"name\": \"action\", \"type\": \"string\", \"unsigned\": false, \"defaultTo\": null, \"notNullable\": false}, {\"args\": [{\"useTz\": false, \"precision\": 6}], \"name\": \"created_at\", \"type\": \"datetime\", \"unsigned\": false, \"defaultTo\": null, \"notNullable\": false}, {\"args\": [{\"useTz\": false, \"precision\": 6}], \"name\": \"updated_at\", \"type\": \"datetime\", \"unsigned\": false, \"defaultTo\": null, \"notNullable\": false}, {\"args\": [{\"useTz\": false, \"precision\": 6}], \"name\": \"published_at\", \"type\": \"datetime\", \"unsigned\": false, \"defaultTo\": null, \"notNullable\": false}, {\"args\": [], \"name\": \"created_by_id\", \"type\": \"integer\", \"unsigned\": true, \"defaultTo\": null, \"notNullable\": false}, {\"args\": [], \"name\": \"updated_by_id\", \"type\": \"integer\", \"unsigned\": true, \"defaultTo\": null, \"notNullable\": false}, {\"args\": [], \"name\": \"locale\", \"type\": \"string\", \"unsigned\": false, \"defaultTo\": null, \"notNullable\": false}], \"indexes\": [{\"name\": \"up_permissions_documents_idx\", \"columns\": [\"document_id\", \"locale\", \"published_at\"]}, {\"name\": \"up_permissions_created_by_id_fk\", \"columns\": [\"created_by_id\"]}, {\"name\": \"up_permissions_updated_by_id_fk\", \"columns\": [\"updated_by_id\"]}], \"foreignKeys\": [{\"name\": \"up_permissions_created_by_id_fk\", \"columns\": [\"created_by_id\"], \"onDelete\": \"SET NULL\", \"referencedTable\": \"admin_users\", \"referencedColumns\": [\"id\"]}, {\"name\": \"up_permissions_updated_by_id_fk\", \"columns\": [\"updated_by_id\"], \"onDelete\": \"SET NULL\", \"referencedTable\": \"admin_users\", \"referencedColumns\": [\"id\"]}]}, {\"name\": \"up_roles\", \"columns\": [{\"args\": [{\"primary\": true, \"primaryKey\": true}], \"name\": \"id\", \"type\": \"increments\", \"unsigned\": false, \"defaultTo\": null, \"notNullable\": true}, {\"args\": [], \"name\": \"document_id\", \"type\": \"string\", \"unsigned\": false, \"defaultTo\": null, \"notNullable\": false}, {\"args\": [], \"name\": \"name\", \"type\": \"string\", \"unsigned\": false, \"defaultTo\": null, \"notNullable\": false}, {\"args\": [], \"name\": \"description\", \"type\": \"string\", \"unsigned\": false, \"defaultTo\": null, \"notNullable\": false}, {\"args\": [], \"name\": \"type\", \"type\": \"string\", \"unsigned\": false, \"defaultTo\": null, \"notNullable\": false}, {\"args\": [{\"useTz\": false, \"precision\": 6}], \"name\": \"created_at\", \"type\": \"datetime\", \"unsigned\": false, \"defaultTo\": null, \"notNullable\": false}, {\"args\": [{\"useTz\": false, \"precision\": 6}], \"name\": \"updated_at\", \"type\": \"datetime\", \"unsigned\": false, \"defaultTo\": null, \"notNullable\": false}, {\"args\": [{\"useTz\": false, \"precision\": 6}], \"name\": \"published_at\", \"type\": \"datetime\", \"unsigned\": false, \"defaultTo\": null, \"notNullable\": false}, {\"args\": [], \"name\": \"created_by_id\", \"type\": \"integer\", \"unsigned\": true, \"defaultTo\": null, \"notNullable\": false}, {\"args\": [], \"name\": \"updated_by_id\", \"type\": \"integer\", \"unsigned\": true, \"defaultTo\": null, \"notNullable\": false}, {\"args\": [], \"name\": \"locale\", \"type\": \"string\", \"unsigned\": false, \"defaultTo\": null, \"notNullable\": false}], \"indexes\": [{\"name\": \"up_roles_documents_idx\", \"columns\": [\"document_id\", \"locale\", \"published_at\"]}, {\"name\": \"up_roles_created_by_id_fk\", \"columns\": [\"created_by_id\"]}, {\"name\": \"up_roles_updated_by_id_fk\", \"columns\": [\"updated_by_id\"]}], \"foreignKeys\": [{\"name\": \"up_roles_created_by_id_fk\", \"columns\": [\"created_by_id\"], \"onDelete\": \"SET NULL\", \"referencedTable\": \"admin_users\", \"referencedColumns\": [\"id\"]}, {\"name\": \"up_roles_updated_by_id_fk\", \"columns\": [\"updated_by_id\"], \"onDelete\": \"SET NULL\", \"referencedTable\": \"admin_users\", \"referencedColumns\": [\"id\"]}]}, {\"name\": \"up_users\", \"columns\": [{\"args\": [{\"primary\": true, \"primaryKey\": true}], \"name\": \"id\", \"type\": \"increments\", \"unsigned\": false, \"defaultTo\": null, \"notNullable\": true}, {\"args\": [], \"name\": \"document_id\", \"type\": \"string\", \"unsigned\": false, \"defaultTo\": null, \"notNullable\": false}, {\"args\": [], \"name\": \"username\", \"type\": \"string\", \"unsigned\": false, \"defaultTo\": null, \"notNullable\": false}, {\"args\": [], \"name\": \"email\", \"type\": \"string\", \"unsigned\": false, \"defaultTo\": null, \"notNullable\": false}, {\"args\": [], \"name\": \"provider\", \"type\": \"string\", \"unsigned\": false, \"defaultTo\": null, \"notNullable\": false}, {\"args\": [], \"name\": \"password\", \"type\": \"string\", \"unsigned\": false, \"defaultTo\": null, \"notNullable\": false}, {\"args\": [], \"name\": \"reset_password_token\", \"type\": \"string\", \"unsigned\": false, \"defaultTo\": null, \"notNullable\": false}, {\"args\": [], \"name\": \"confirmation_token\", \"type\": \"string\", \"unsigned\": false, \"defaultTo\": null, \"notNullable\": false}, {\"args\": [], \"name\": \"confirmed\", \"type\": \"boolean\", \"unsigned\": false, \"defaultTo\": null, \"notNullable\": false}, {\"args\": [], \"name\": \"blocked\", \"type\": \"boolean\", \"unsigned\": false, \"defaultTo\": null, \"notNullable\": false}, {\"args\": [{\"useTz\": false, \"precision\": 6}], \"name\": \"created_at\", \"type\": \"datetime\", \"unsigned\": false, \"defaultTo\": null, \"notNullable\": false}, {\"args\": [{\"useTz\": false, \"precision\": 6}], \"name\": \"updated_at\", \"type\": \"datetime\", \"unsigned\": false, \"defaultTo\": null, \"notNullable\": false}, {\"args\": [{\"useTz\": false, \"precision\": 6}], \"name\": \"published_at\", \"type\": \"datetime\", \"unsigned\": false, \"defaultTo\": null, \"notNullable\": false}, {\"args\": [], \"name\": \"created_by_id\", \"type\": \"integer\", \"unsigned\": true, \"defaultTo\": null, \"notNullable\": false}, {\"args\": [], \"name\": \"updated_by_id\", \"type\": \"integer\", \"unsigned\": true, \"defaultTo\": null, \"notNullable\": false}, {\"args\": [], \"name\": \"locale\", \"type\": \"string\", \"unsigned\": false, \"defaultTo\": null, \"notNullable\": false}], \"indexes\": [{\"name\": \"up_users_documents_idx\", \"columns\": [\"document_id\", \"locale\", \"published_at\"]}, {\"name\": \"up_users_created_by_id_fk\", \"columns\": [\"created_by_id\"]}, {\"name\": \"up_users_updated_by_id_fk\", \"columns\": [\"updated_by_id\"]}], \"foreignKeys\": [{\"name\": \"up_users_created_by_id_fk\", \"columns\": [\"created_by_id\"], \"onDelete\": \"SET NULL\", \"referencedTable\": \"admin_users\", \"referencedColumns\": [\"id\"]}, {\"name\": \"up_users_updated_by_id_fk\", \"columns\": [\"updated_by_id\"], \"onDelete\": \"SET NULL\", \"referencedTable\": \"admin_users\", \"referencedColumns\": [\"id\"]}]}, {\"name\": \"check_ins\", \"columns\": [{\"args\": [{\"primary\": true, \"primaryKey\": true}], \"name\": \"id\", \"type\": \"increments\", \"unsigned\": false, \"defaultTo\": null, \"notNullable\": true}, {\"args\": [], \"name\": \"document_id\", \"type\": \"string\", \"unsigned\": false, \"defaultTo\": null, \"notNullable\": false}, {\"args\": [10, 2], \"name\": \"latitude\", \"type\": \"decimal\", \"unsigned\": false, \"defaultTo\": null, \"notNullable\": false}, {\"args\": [10, 2], \"name\": \"longitude\", \"type\": \"decimal\", \"unsigned\": false, \"defaultTo\": null, \"notNullable\": false}, {\"args\": [], \"name\": \"state\", \"type\": \"string\", \"unsigned\": false, \"defaultTo\": null, \"notNullable\": false}, {\"args\": [], \"name\": \"moderator_note\", \"type\": \"string\", \"unsigned\": false, \"defaultTo\": null, \"notNullable\": false}, {\"args\": [{\"useTz\": false, \"precision\": 6}], \"name\": \"created_at\", \"type\": \"datetime\", \"unsigned\": false, \"defaultTo\": null, \"notNullable\": false}, {\"args\": [{\"useTz\": false, \"precision\": 6}], \"name\": \"updated_at\", \"type\": \"datetime\", \"unsigned\": false, \"defaultTo\": null, \"notNullable\": false}, {\"args\": [{\"useTz\": false, \"precision\": 6}], \"name\": \"published_at\", \"type\": \"datetime\", \"unsigned\": false, \"defaultTo\": null, \"notNullable\": false}, {\"args\": [], \"name\": \"created_by_id\", \"type\": \"integer\", \"unsigned\": true, \"defaultTo\": null, \"notNullable\": false}, {\"args\": [], \"name\": \"updated_by_id\", \"type\": \"integer\", \"unsigned\": true, \"defaultTo\": null, \"notNullable\": false}, {\"args\": [], \"name\": \"locale\", \"type\": \"string\", \"unsigned\": false, \"defaultTo\": null, \"notNullable\": false}], \"indexes\": [{\"name\": \"check_ins_documents_idx\", \"columns\": [\"document_id\", \"locale\", \"published_at\"]}, {\"name\": \"check_ins_created_by_id_fk\", \"columns\": [\"created_by_id\"]}, {\"name\": \"check_ins_updated_by_id_fk\", \"columns\": [\"updated_by_id\"]}], \"foreignKeys\": [{\"name\": \"check_ins_created_by_id_fk\", \"columns\": [\"created_by_id\"], \"onDelete\": \"SET NULL\", \"referencedTable\": \"admin_users\", \"referencedColumns\": [\"id\"]}, {\"name\": \"check_ins_updated_by_id_fk\", \"columns\": [\"updated_by_id\"], \"onDelete\": \"SET NULL\", \"referencedTable\": \"admin_users\", \"referencedColumns\": [\"id\"]}]}, {\"name\": \"coaches\", \"columns\": [{\"args\": [{\"primary\": true, \"primaryKey\": true}], \"name\": \"id\", \"type\": \"increments\", \"unsigned\": false, \"defaultTo\": null, \"notNullable\": true}, {\"args\": [], \"name\": \"document_id\", \"type\": \"string\", \"unsigned\": false, \"defaultTo\": null, \"notNullable\": false}, {\"args\": [], \"name\": \"first_name\", \"type\": \"string\", \"unsigned\": false, \"defaultTo\": null, \"notNullable\": false}, {\"args\": [], \"name\": \"last_name\", \"type\": \"string\", \"unsigned\": false, \"defaultTo\": null, \"notNullable\": false}, {\"args\": [], \"name\": \"middle_name\", \"type\": \"string\", \"unsigned\": false, \"defaultTo\": null, \"notNullable\": false}, {\"args\": [\"longtext\"], \"name\": \"desc\", \"type\": \"text\", \"unsigned\": false, \"defaultTo\": null, \"notNullable\": false}, {\"args\": [{\"useTz\": false, \"precision\": 6}], \"name\": \"created_at\", \"type\": \"datetime\", \"unsigned\": false, \"defaultTo\": null, \"notNullable\": false}, {\"args\": [{\"useTz\": false, \"precision\": 6}], \"name\": \"updated_at\", \"type\": \"datetime\", \"unsigned\": false, \"defaultTo\": null, \"notNullable\": false}, {\"args\": [{\"useTz\": false, \"precision\": 6}], \"name\": \"published_at\", \"type\": \"datetime\", \"unsigned\": false, \"defaultTo\": null, \"notNullable\": false}, {\"args\": [], \"name\": \"created_by_id\", \"type\": \"integer\", \"unsigned\": true, \"defaultTo\": null, \"notNullable\": false}, {\"args\": [], \"name\": \"updated_by_id\", \"type\": \"integer\", \"unsigned\": true, \"defaultTo\": null, \"notNullable\": false}, {\"args\": [], \"name\": \"locale\", \"type\": \"string\", \"unsigned\": false, \"defaultTo\": null, \"notNullable\": false}], \"indexes\": [{\"name\": \"coaches_documents_idx\", \"columns\": [\"document_id\", \"locale\", \"published_at\"]}, {\"name\": \"coaches_created_by_id_fk\", \"columns\": [\"created_by_id\"]}, {\"name\": \"coaches_updated_by_id_fk\", \"columns\": [\"updated_by_id\"]}], \"foreignKeys\": [{\"name\": \"coaches_created_by_id_fk\", \"columns\": [\"created_by_id\"], \"onDelete\": \"SET NULL\", \"referencedTable\": \"admin_users\", \"referencedColumns\": [\"id\"]}, {\"name\": \"coaches_updated_by_id_fk\", \"columns\": [\"updated_by_id\"], \"onDelete\": \"SET NULL\", \"referencedTable\": \"admin_users\", \"referencedColumns\": [\"id\"]}]}, {\"name\": \"coach_bases_cmps\", \"columns\": [{\"args\": [{\"primary\": true, \"primaryKey\": true}], \"name\": \"id\", \"type\": \"increments\", \"unsigned\": false, \"defaultTo\": null, \"notNullable\": true}, {\"args\": [], \"name\": \"entity_id\", \"type\": \"integer\", \"unsigned\": true, \"defaultTo\": null, \"notNullable\": false}, {\"args\": [], \"name\": \"cmp_id\", \"type\": \"integer\", \"unsigned\": true, \"defaultTo\": null, \"notNullable\": false}, {\"args\": [], \"name\": \"component_type\", \"type\": \"string\", \"unsigned\": false, \"defaultTo\": null, \"notNullable\": false}, {\"args\": [], \"name\": \"field\", \"type\": \"string\", \"unsigned\": false, \"defaultTo\": null, \"notNullable\": false}, {\"args\": [], \"name\": \"order\", \"type\": \"double\", \"unsigned\": true, \"defaultTo\": null, \"notNullable\": false}], \"indexes\": [{\"name\": \"coach_bases_field_idx\", \"columns\": [\"field\"]}, {\"name\": \"coach_bases_component_type_idx\", \"columns\": [\"component_type\"]}, {\"name\": \"coach_bases_entity_fk\", \"columns\": [\"entity_id\"]}, {\"name\": \"coach_bases_uq\", \"type\": \"unique\", \"columns\": [\"entity_id\", \"cmp_id\", \"field\", \"component_type\"]}], \"foreignKeys\": [{\"name\": \"coach_bases_entity_fk\", \"columns\": [\"entity_id\"], \"onDelete\": \"CASCADE\", \"referencedTable\": \"coach_bases\", \"referencedColumns\": [\"id\"]}]}, {\"name\": \"coach_bases\", \"columns\": [{\"args\": [{\"primary\": true, \"primaryKey\": true}], \"name\": \"id\", \"type\": \"increments\", \"unsigned\": false, \"defaultTo\": null, \"notNullable\": true}, {\"args\": [], \"name\": \"document_id\", \"type\": \"string\", \"unsigned\": false, \"defaultTo\": null, \"notNullable\": false}, {\"args\": [], \"name\": \"coach_title\", \"type\": \"string\", \"unsigned\": false, \"defaultTo\": null, \"notNullable\": false}, {\"args\": [], \"name\": \"title\", \"type\": \"string\", \"unsigned\": false, \"defaultTo\": null, \"notNullable\": false}, {\"args\": [], \"name\": \"logout\", \"type\": \"string\", \"unsigned\": false, \"defaultTo\": null, \"notNullable\": false}, {\"args\": [], \"name\": \"check_in_btn\", \"type\": \"string\", \"unsigned\": false, \"defaultTo\": null, \"notNullable\": false}, {\"args\": [], \"name\": \"event_title\", \"type\": \"string\", \"unsigned\": false, \"defaultTo\": null, \"notNullable\": false}, {\"args\": [], \"name\": \"ath_list_title\", \"type\": \"string\", \"unsigned\": false, \"defaultTo\": null, \"notNullable\": false}, {\"args\": [{\"useTz\": false, \"precision\": 6}], \"name\": \"created_at\", \"type\": \"datetime\", \"unsigned\": false, \"defaultTo\": null, \"notNullable\": false}, {\"args\": [{\"useTz\": false, \"precision\": 6}], \"name\": \"updated_at\", \"type\": \"datetime\", \"unsigned\": false, \"defaultTo\": null, \"notNullable\": false}, {\"args\": [{\"useTz\": false, \"precision\": 6}], \"name\": \"published_at\", \"type\": \"datetime\", \"unsigned\": false, \"defaultTo\": null, \"notNullable\": false}, {\"args\": [], \"name\": \"created_by_id\", \"type\": \"integer\", \"unsigned\": true, \"defaultTo\": null, \"notNullable\": false}, {\"args\": [], \"name\": \"updated_by_id\", \"type\": \"integer\", \"unsigned\": true, \"defaultTo\": null, \"notNullable\": false}, {\"args\": [], \"name\": \"locale\", \"type\": \"string\", \"unsigned\": false, \"defaultTo\": null, \"notNullable\": false}], \"indexes\": [{\"name\": \"coach_bases_documents_idx\", \"columns\": [\"document_id\", \"locale\", \"published_at\"]}, {\"name\": \"coach_bases_created_by_id_fk\", \"columns\": [\"created_by_id\"]}, {\"name\": \"coach_bases_updated_by_id_fk\", \"columns\": [\"updated_by_id\"]}], \"foreignKeys\": [{\"name\": \"coach_bases_created_by_id_fk\", \"columns\": [\"created_by_id\"], \"onDelete\": \"SET NULL\", \"referencedTable\": \"admin_users\", \"referencedColumns\": [\"id\"]}, {\"name\": \"coach_bases_updated_by_id_fk\", \"columns\": [\"updated_by_id\"], \"onDelete\": \"SET NULL\", \"referencedTable\": \"admin_users\", \"referencedColumns\": [\"id\"]}]}, {\"name\": \"disciplines\", \"columns\": [{\"args\": [{\"primary\": true, \"primaryKey\": true}], \"name\": \"id\", \"type\": \"increments\", \"unsigned\": false, \"defaultTo\": null, \"notNullable\": true}, {\"args\": [], \"name\": \"document_id\", \"type\": \"string\", \"unsigned\": false, \"defaultTo\": null, \"notNullable\": false}, {\"args\": [], \"name\": \"name\", \"type\": \"string\", \"unsigned\": false, \"defaultTo\": null, \"notNullable\": false}, {\"args\": [{\"useTz\": false, \"precision\": 6}], \"name\": \"created_at\", \"type\": \"datetime\", \"unsigned\": false, \"defaultTo\": null, \"notNullable\": false}, {\"args\": [{\"useTz\": false, \"precision\": 6}], \"name\": \"updated_at\", \"type\": \"datetime\", \"unsigned\": false, \"defaultTo\": null, \"notNullable\": false}, {\"args\": [{\"useTz\": false, \"precision\": 6}], \"name\": \"published_at\", \"type\": \"datetime\", \"unsigned\": false, \"defaultTo\": null, \"notNullable\": false}, {\"args\": [], \"name\": \"created_by_id\", \"type\": \"integer\", \"unsigned\": true, \"defaultTo\": null, \"notNullable\": false}, {\"args\": [], \"name\": \"updated_by_id\", \"type\": \"integer\", \"unsigned\": true, \"defaultTo\": null, \"notNullable\": false}, {\"args\": [], \"name\": \"locale\", \"type\": \"string\", \"unsigned\": false, \"defaultTo\": null, \"notNullable\": false}], \"indexes\": [{\"name\": \"disciplines_documents_idx\", \"columns\": [\"document_id\", \"locale\", \"published_at\"]}, {\"name\": \"disciplines_created_by_id_fk\", \"columns\": [\"created_by_id\"]}, {\"name\": \"disciplines_updated_by_id_fk\", \"columns\": [\"updated_by_id\"]}], \"foreignKeys\": [{\"name\": \"disciplines_created_by_id_fk\", \"columns\": [\"created_by_id\"], \"onDelete\": \"SET NULL\", \"referencedTable\": \"admin_users\", \"referencedColumns\": [\"id\"]}, {\"name\": \"disciplines_updated_by_id_fk\", \"columns\": [\"updated_by_id\"], \"onDelete\": \"SET NULL\", \"referencedTable\": \"admin_users\", \"referencedColumns\": [\"id\"]}]}, {\"name\": \"events\", \"columns\": [{\"args\": [{\"primary\": true, \"primaryKey\": true}], \"name\": \"id\", \"type\": \"increments\", \"unsigned\": false, \"defaultTo\": null, \"notNullable\": true}, {\"args\": [], \"name\": \"document_id\", \"type\": \"string\", \"unsigned\": false, \"defaultTo\": null, \"notNullable\": false}, {\"args\": [], \"name\": \"title\", \"type\": \"string\", \"unsigned\": false, \"defaultTo\": null, \"notNullable\": false}, {\"args\": [{\"useTz\": false, \"precision\": 6}], \"name\": \"date\", \"type\": \"datetime\", \"unsigned\": false, \"defaultTo\": null, \"notNullable\": false}, {\"args\": [], \"name\": \"location\", \"type\": \"string\", \"unsigned\": false, \"defaultTo\": null, \"notNullable\": false}, {\"args\": [], \"name\": \"state\", \"type\": \"string\", \"unsigned\": false, \"defaultTo\": null, \"notNullable\": false}, {\"args\": [{\"useTz\": false, \"precision\": 6}], \"name\": \"created_at\", \"type\": \"datetime\", \"unsigned\": false, \"defaultTo\": null, \"notNullable\": false}, {\"args\": [{\"useTz\": false, \"precision\": 6}], \"name\": \"updated_at\", \"type\": \"datetime\", \"unsigned\": false, \"defaultTo\": null, \"notNullable\": false}, {\"args\": [{\"useTz\": false, \"precision\": 6}], \"name\": \"published_at\", \"type\": \"datetime\", \"unsigned\": false, \"defaultTo\": null, \"notNullable\": false}, {\"args\": [], \"name\": \"created_by_id\", \"type\": \"integer\", \"unsigned\": true, \"defaultTo\": null, \"notNullable\": false}, {\"args\": [], \"name\": \"updated_by_id\", \"type\": \"integer\", \"unsigned\": true, \"defaultTo\": null, \"notNullable\": false}, {\"args\": [], \"name\": \"locale\", \"type\": \"string\", \"unsigned\": false, \"defaultTo\": null, \"notNullable\": false}], \"indexes\": [{\"name\": \"events_documents_idx\", \"columns\": [\"document_id\", \"locale\", \"published_at\"]}, {\"name\": \"events_created_by_id_fk\", \"columns\": [\"created_by_id\"]}, {\"name\": \"events_updated_by_id_fk\", \"columns\": [\"updated_by_id\"]}], \"foreignKeys\": [{\"name\": \"events_created_by_id_fk\", \"columns\": [\"created_by_id\"], \"onDelete\": \"SET NULL\", \"referencedTable\": \"admin_users\", \"referencedColumns\": [\"id\"]}, {\"name\": \"events_updated_by_id_fk\", \"columns\": [\"updated_by_id\"], \"onDelete\": \"SET NULL\", \"referencedTable\": \"admin_users\", \"referencedColumns\": [\"id\"]}]}, {\"name\": \"headers_cmps\", \"columns\": [{\"args\": [{\"primary\": true, \"primaryKey\": true}], \"name\": \"id\", \"type\": \"increments\", \"unsigned\": false, \"defaultTo\": null, \"notNullable\": true}, {\"args\": [], \"name\": \"entity_id\", \"type\": \"integer\", \"unsigned\": true, \"defaultTo\": null, \"notNullable\": false}, {\"args\": [], \"name\": \"cmp_id\", \"type\": \"integer\", \"unsigned\": true, \"defaultTo\": null, \"notNullable\": false}, {\"args\": [], \"name\": \"component_type\", \"type\": \"string\", \"unsigned\": false, \"defaultTo\": null, \"notNullable\": false}, {\"args\": [], \"name\": \"field\", \"type\": \"string\", \"unsigned\": false, \"defaultTo\": null, \"notNullable\": false}, {\"args\": [], \"name\": \"order\", \"type\": \"double\", \"unsigned\": true, \"defaultTo\": null, \"notNullable\": false}], \"indexes\": [{\"name\": \"headers_field_idx\", \"columns\": [\"field\"]}, {\"name\": \"headers_component_type_idx\", \"columns\": [\"component_type\"]}, {\"name\": \"headers_entity_fk\", \"columns\": [\"entity_id\"]}, {\"name\": \"headers_uq\", \"type\": \"unique\", \"columns\": [\"entity_id\", \"cmp_id\", \"field\", \"component_type\"]}], \"foreignKeys\": [{\"name\": \"headers_entity_fk\", \"columns\": [\"entity_id\"], \"onDelete\": \"CASCADE\", \"referencedTable\": \"headers\", \"referencedColumns\": [\"id\"]}]}, {\"name\": \"headers\", \"columns\": [{\"args\": [{\"primary\": true, \"primaryKey\": true}], \"name\": \"id\", \"type\": \"increments\", \"unsigned\": false, \"defaultTo\": null, \"notNullable\": true}, {\"args\": [], \"name\": \"document_id\", \"type\": \"string\", \"unsigned\": false, \"defaultTo\": null, \"notNullable\": false}, {\"args\": [], \"name\": \"title\", \"type\": \"string\", \"unsigned\": false, \"defaultTo\": null, \"notNullable\": false}, {\"args\": [], \"name\": \"login_btn\", \"type\": \"string\", \"unsigned\": false, \"defaultTo\": null, \"notNullable\": false}, {\"args\": [], \"name\": \"footer_title\", \"type\": \"string\", \"unsigned\": false, \"defaultTo\": null, \"notNullable\": false}, {\"args\": [], \"name\": \"footer_addr\", \"type\": \"string\", \"unsigned\": false, \"defaultTo\": null, \"notNullable\": false}, {\"args\": [], \"name\": \"phone_number\", \"type\": \"string\", \"unsigned\": false, \"defaultTo\": null, \"notNullable\": false}, {\"args\": [{\"useTz\": false, \"precision\": 6}], \"name\": \"created_at\", \"type\": \"datetime\", \"unsigned\": false, \"defaultTo\": null, \"notNullable\": false}, {\"args\": [{\"useTz\": false, \"precision\": 6}], \"name\": \"updated_at\", \"type\": \"datetime\", \"unsigned\": false, \"defaultTo\": null, \"notNullable\": false}, {\"args\": [{\"useTz\": false, \"precision\": 6}], \"name\": \"published_at\", \"type\": \"datetime\", \"unsigned\": false, \"defaultTo\": null, \"notNullable\": false}, {\"args\": [], \"name\": \"created_by_id\", \"type\": \"integer\", \"unsigned\": true, \"defaultTo\": null, \"notNullable\": false}, {\"args\": [], \"name\": \"updated_by_id\", \"type\": \"integer\", \"unsigned\": true, \"defaultTo\": null, \"notNullable\": false}, {\"args\": [], \"name\": \"locale\", \"type\": \"string\", \"unsigned\": false, \"defaultTo\": null, \"notNullable\": false}], \"indexes\": [{\"name\": \"headers_documents_idx\", \"columns\": [\"document_id\", \"locale\", \"published_at\"]}, {\"name\": \"headers_created_by_id_fk\", \"columns\": [\"created_by_id\"]}, {\"name\": \"headers_updated_by_id_fk\", \"columns\": [\"updated_by_id\"]}], \"foreignKeys\": [{\"name\": \"headers_created_by_id_fk\", \"columns\": [\"created_by_id\"], \"onDelete\": \"SET NULL\", \"referencedTable\": \"admin_users\", \"referencedColumns\": [\"id\"]}, {\"name\": \"headers_updated_by_id_fk\", \"columns\": [\"updated_by_id\"], \"onDelete\": \"SET NULL\", \"referencedTable\": \"admin_users\", \"referencedColumns\": [\"id\"]}]}, {\"name\": \"homes\", \"columns\": [{\"args\": [{\"primary\": true, \"primaryKey\": true}], \"name\": \"id\", \"type\": \"increments\", \"unsigned\": false, \"defaultTo\": null, \"notNullable\": true}, {\"args\": [], \"name\": \"document_id\", \"type\": \"string\", \"unsigned\": false, \"defaultTo\": null, \"notNullable\": false}, {\"args\": [], \"name\": \"hero_title\", \"type\": \"string\", \"unsigned\": false, \"defaultTo\": null, \"notNullable\": false}, {\"args\": [], \"name\": \"hero_desc\", \"type\": \"string\", \"unsigned\": false, \"defaultTo\": null, \"notNullable\": false}, {\"args\": [], \"name\": \"achivments\", \"type\": \"string\", \"unsigned\": false, \"defaultTo\": null, \"notNullable\": false}, {\"args\": [], \"name\": \"medals\", \"type\": \"string\", \"unsigned\": false, \"defaultTo\": null, \"notNullable\": false}, {\"args\": [], \"name\": \"sportsmens\", \"type\": \"string\", \"unsigned\": false, \"defaultTo\": null, \"notNullable\": false}, {\"args\": [], \"name\": \"scolarship\", \"type\": \"string\", \"unsigned\": false, \"defaultTo\": null, \"notNullable\": false}, {\"args\": [], \"name\": \"our_pride\", \"type\": \"string\", \"unsigned\": false, \"defaultTo\": null, \"notNullable\": false}, {\"args\": [], \"name\": \"btn_coach\", \"type\": \"string\", \"unsigned\": false, \"defaultTo\": null, \"notNullable\": false}, {\"args\": [], \"name\": \"btn_ath\", \"type\": \"string\", \"unsigned\": false, \"defaultTo\": null, \"notNullable\": false}, {\"args\": [{\"useTz\": false, \"precision\": 6}], \"name\": \"created_at\", \"type\": \"datetime\", \"unsigned\": false, \"defaultTo\": null, \"notNullable\": false}, {\"args\": [{\"useTz\": false, \"precision\": 6}], \"name\": \"updated_at\", \"type\": \"datetime\", \"unsigned\": false, \"defaultTo\": null, \"notNullable\": false}, {\"args\": [{\"useTz\": false, \"precision\": 6}], \"name\": \"published_at\", \"type\": \"datetime\", \"unsigned\": false, \"defaultTo\": null, \"notNullable\": false}, {\"args\": [], \"name\": \"created_by_id\", \"type\": \"integer\", \"unsigned\": true, \"defaultTo\": null, \"notNullable\": false}, {\"args\": [], \"name\": \"updated_by_id\", \"type\": \"integer\", \"unsigned\": true, \"defaultTo\": null, \"notNullable\": false}, {\"args\": [], \"name\": \"locale\", \"type\": \"string\", \"unsigned\": false, \"defaultTo\": null, \"notNullable\": false}], \"indexes\": [{\"name\": \"homes_documents_idx\", \"columns\": [\"document_id\", \"locale\", \"published_at\"]}, {\"name\": \"homes_created_by_id_fk\", \"columns\": [\"created_by_id\"]}, {\"name\": \"homes_updated_by_id_fk\", \"columns\": [\"updated_by_id\"]}], \"foreignKeys\": [{\"name\": \"homes_created_by_id_fk\", \"columns\": [\"created_by_id\"], \"onDelete\": \"SET NULL\", \"referencedTable\": \"admin_users\", \"referencedColumns\": [\"id\"]}, {\"name\": \"homes_updated_by_id_fk\", \"columns\": [\"updated_by_id\"], \"onDelete\": \"SET NULL\", \"referencedTable\": \"admin_users\", \"referencedColumns\": [\"id\"]}]}, {\"name\": \"logins_cmps\", \"columns\": [{\"args\": [{\"primary\": true, \"primaryKey\": true}], \"name\": \"id\", \"type\": \"increments\", \"unsigned\": false, \"defaultTo\": null, \"notNullable\": true}, {\"args\": [], \"name\": \"entity_id\", \"type\": \"integer\", \"unsigned\": true, \"defaultTo\": null, \"notNullable\": false}, {\"args\": [], \"name\": \"cmp_id\", \"type\": \"integer\", \"unsigned\": true, \"defaultTo\": null, \"notNullable\": false}, {\"args\": [], \"name\": \"component_type\", \"type\": \"string\", \"unsigned\": false, \"defaultTo\": null, \"notNullable\": false}, {\"args\": [], \"name\": \"field\", \"type\": \"string\", \"unsigned\": false, \"defaultTo\": null, \"notNullable\": false}, {\"args\": [], \"name\": \"order\", \"type\": \"double\", \"unsigned\": true, \"defaultTo\": null, \"notNullable\": false}], \"indexes\": [{\"name\": \"logins_field_idx\", \"columns\": [\"field\"]}, {\"name\": \"logins_component_type_idx\", \"columns\": [\"component_type\"]}, {\"name\": \"logins_entity_fk\", \"columns\": [\"entity_id\"]}, {\"name\": \"logins_uq\", \"type\": \"unique\", \"columns\": [\"entity_id\", \"cmp_id\", \"field\", \"component_type\"]}], \"foreignKeys\": [{\"name\": \"logins_entity_fk\", \"columns\": [\"entity_id\"], \"onDelete\": \"CASCADE\", \"referencedTable\": \"logins\", \"referencedColumns\": [\"id\"]}]}, {\"name\": \"logins\", \"columns\": [{\"args\": [{\"primary\": true, \"primaryKey\": true}], \"name\": \"id\", \"type\": \"increments\", \"unsigned\": false, \"defaultTo\": null, \"notNullable\": true}, {\"args\": [], \"name\": \"document_id\", \"type\": \"string\", \"unsigned\": false, \"defaultTo\": null, \"notNullable\": false}, {\"args\": [], \"name\": \"username\", \"type\": \"string\", \"unsigned\": false, \"defaultTo\": null, \"notNullable\": false}, {\"args\": [], \"name\": \"password\", \"type\": \"string\", \"unsigned\": false, \"defaultTo\": null, \"notNullable\": false}, {\"args\": [], \"name\": \"login_btn\", \"type\": \"string\", \"unsigned\": false, \"defaultTo\": null, \"notNullable\": false}, {\"args\": [], \"name\": \"back_to_site\", \"type\": \"string\", \"unsigned\": false, \"defaultTo\": null, \"notNullable\": false}, {\"args\": [], \"name\": \"title\", \"type\": \"string\", \"unsigned\": false, \"defaultTo\": null, \"notNullable\": false}, {\"args\": [{\"useTz\": false, \"precision\": 6}], \"name\": \"created_at\", \"type\": \"datetime\", \"unsigned\": false, \"defaultTo\": null, \"notNullable\": false}, {\"args\": [{\"useTz\": false, \"precision\": 6}], \"name\": \"updated_at\", \"type\": \"datetime\", \"unsigned\": false, \"defaultTo\": null, \"notNullable\": false}, {\"args\": [{\"useTz\": false, \"precision\": 6}], \"name\": \"published_at\", \"type\": \"datetime\", \"unsigned\": false, \"defaultTo\": null, \"notNullable\": false}, {\"args\": [], \"name\": \"created_by_id\", \"type\": \"integer\", \"unsigned\": true, \"defaultTo\": null, \"notNullable\": false}, {\"args\": [], \"name\": \"updated_by_id\", \"type\": \"integer\", \"unsigned\": true, \"defaultTo\": null, \"notNullable\": false}, {\"args\": [], \"name\": \"locale\", \"type\": \"string\", \"unsigned\": false, \"defaultTo\": null, \"notNullable\": false}], \"indexes\": [{\"name\": \"logins_documents_idx\", \"columns\": [\"document_id\", \"locale\", \"published_at\"]}, {\"name\": \"logins_created_by_id_fk\", \"columns\": [\"created_by_id\"]}, {\"name\": \"logins_updated_by_id_fk\", \"columns\": [\"updated_by_id\"]}], \"foreignKeys\": [{\"name\": \"logins_created_by_id_fk\", \"columns\": [\"created_by_id\"], \"onDelete\": \"SET NULL\", \"referencedTable\": \"admin_users\", \"referencedColumns\": [\"id\"]}, {\"name\": \"logins_updated_by_id_fk\", \"columns\": [\"updated_by_id\"], \"onDelete\": \"SET NULL\", \"referencedTable\": \"admin_users\", \"referencedColumns\": [\"id\"]}]}, {\"name\": \"moderator_bases_cmps\", \"columns\": [{\"args\": [{\"primary\": true, \"primaryKey\": true}], \"name\": \"id\", \"type\": \"increments\", \"unsigned\": false, \"defaultTo\": null, \"notNullable\": true}, {\"args\": [], \"name\": \"entity_id\", \"type\": \"integer\", \"unsigned\": true, \"defaultTo\": null, \"notNullable\": false}, {\"args\": [], \"name\": \"cmp_id\", \"type\": \"integer\", \"unsigned\": true, \"defaultTo\": null, \"notNullable\": false}, {\"args\": [], \"name\": \"component_type\", \"type\": \"string\", \"unsigned\": false, \"defaultTo\": null, \"notNullable\": false}, {\"args\": [], \"name\": \"field\", \"type\": \"string\", \"unsigned\": false, \"defaultTo\": null, \"notNullable\": false}, {\"args\": [], \"name\": \"order\", \"type\": \"double\", \"unsigned\": true, \"defaultTo\": null, \"notNullable\": false}], \"indexes\": [{\"name\": \"moderator_bases_field_idx\", \"columns\": [\"field\"]}, {\"name\": \"moderator_bases_component_type_idx\", \"columns\": [\"component_type\"]}, {\"name\": \"moderator_bases_entity_fk\", \"columns\": [\"entity_id\"]}, {\"name\": \"moderator_bases_uq\", \"type\": \"unique\", \"columns\": [\"entity_id\", \"cmp_id\", \"field\", \"component_type\"]}], \"foreignKeys\": [{\"name\": \"moderator_bases_entity_fk\", \"columns\": [\"entity_id\"], \"onDelete\": \"CASCADE\", \"referencedTable\": \"moderator_bases\", \"referencedColumns\": [\"id\"]}]}, {\"name\": \"moderator_bases\", \"columns\": [{\"args\": [{\"primary\": true, \"primaryKey\": true}], \"name\": \"id\", \"type\": \"increments\", \"unsigned\": false, \"defaultTo\": null, \"notNullable\": true}, {\"args\": [], \"name\": \"document_id\", \"type\": \"string\", \"unsigned\": false, \"defaultTo\": null, \"notNullable\": false}, {\"args\": [], \"name\": \"title\", \"type\": \"string\", \"unsigned\": false, \"defaultTo\": null, \"notNullable\": false}, {\"args\": [], \"name\": \"logout\", \"type\": \"string\", \"unsigned\": false, \"defaultTo\": null, \"notNullable\": false}, {\"args\": [], \"name\": \"select_sport\", \"type\": \"string\", \"unsigned\": false, \"defaultTo\": null, \"notNullable\": false}, {\"args\": [{\"useTz\": false, \"precision\": 6}], \"name\": \"created_at\", \"type\": \"datetime\", \"unsigned\": false, \"defaultTo\": null, \"notNullable\": false}, {\"args\": [{\"useTz\": false, \"precision\": 6}], \"name\": \"updated_at\", \"type\": \"datetime\", \"unsigned\": false, \"defaultTo\": null, \"notNullable\": false}, {\"args\": [{\"useTz\": false, \"precision\": 6}], \"name\": \"published_at\", \"type\": \"datetime\", \"unsigned\": false, \"defaultTo\": null, \"notNullable\": false}, {\"args\": [], \"name\": \"created_by_id\", \"type\": \"integer\", \"unsigned\": true, \"defaultTo\": null, \"notNullable\": false}, {\"args\": [], \"name\": \"updated_by_id\", \"type\": \"integer\", \"unsigned\": true, \"defaultTo\": null, \"notNullable\": false}, {\"args\": [], \"name\": \"locale\", \"type\": \"string\", \"unsigned\": false, \"defaultTo\": null, \"notNullable\": false}], \"indexes\": [{\"name\": \"moderator_bases_documents_idx\", \"columns\": [\"document_id\", \"locale\", \"published_at\"]}, {\"name\": \"moderator_bases_created_by_id_fk\", \"columns\": [\"created_by_id\"]}, {\"name\": \"moderator_bases_updated_by_id_fk\", \"columns\": [\"updated_by_id\"]}], \"foreignKeys\": [{\"name\": \"moderator_bases_created_by_id_fk\", \"columns\": [\"created_by_id\"], \"onDelete\": \"SET NULL\", \"referencedTable\": \"admin_users\", \"referencedColumns\": [\"id\"]}, {\"name\": \"moderator_bases_updated_by_id_fk\", \"columns\": [\"updated_by_id\"], \"onDelete\": \"SET NULL\", \"referencedTable\": \"admin_users\", \"referencedColumns\": [\"id\"]}]}, {\"name\": \"sliders\", \"columns\": [{\"args\": [{\"primary\": true, \"primaryKey\": true}], \"name\": \"id\", \"type\": \"increments\", \"unsigned\": false, \"defaultTo\": null, \"notNullable\": true}, {\"args\": [], \"name\": \"document_id\", \"type\": \"string\", \"unsigned\": false, \"defaultTo\": null, \"notNullable\": false}, {\"args\": [{\"useTz\": false, \"precision\": 6}], \"name\": \"created_at\", \"type\": \"datetime\", \"unsigned\": false, \"defaultTo\": null, \"notNullable\": false}, {\"args\": [{\"useTz\": false, \"precision\": 6}], \"name\": \"updated_at\", \"type\": \"datetime\", \"unsigned\": false, \"defaultTo\": null, \"notNullable\": false}, {\"args\": [{\"useTz\": false, \"precision\": 6}], \"name\": \"published_at\", \"type\": \"datetime\", \"unsigned\": false, \"defaultTo\": null, \"notNullable\": false}, {\"args\": [], \"name\": \"created_by_id\", \"type\": \"integer\", \"unsigned\": true, \"defaultTo\": null, \"notNullable\": false}, {\"args\": [], \"name\": \"updated_by_id\", \"type\": \"integer\", \"unsigned\": true, \"defaultTo\": null, \"notNullable\": false}, {\"args\": [], \"name\": \"locale\", \"type\": \"string\", \"unsigned\": false, \"defaultTo\": null, \"notNullable\": false}], \"indexes\": [{\"name\": \"sliders_documents_idx\", \"columns\": [\"document_id\", \"locale\", \"published_at\"]}, {\"name\": \"sliders_created_by_id_fk\", \"columns\": [\"created_by_id\"]}, {\"name\": \"sliders_updated_by_id_fk\", \"columns\": [\"updated_by_id\"]}], \"foreignKeys\": [{\"name\": \"sliders_created_by_id_fk\", \"columns\": [\"created_by_id\"], \"onDelete\": \"SET NULL\", \"referencedTable\": \"admin_users\", \"referencedColumns\": [\"id\"]}, {\"name\": \"sliders_updated_by_id_fk\", \"columns\": [\"updated_by_id\"], \"onDelete\": \"SET NULL\", \"referencedTable\": \"admin_users\", \"referencedColumns\": [\"id\"]}]}, {\"name\": \"students\", \"columns\": [{\"args\": [{\"primary\": true, \"primaryKey\": true}], \"name\": \"id\", \"type\": \"increments\", \"unsigned\": false, \"defaultTo\": null, \"notNullable\": true}, {\"args\": [], \"name\": \"document_id\", \"type\": \"string\", \"unsigned\": false, \"defaultTo\": null, \"notNullable\": false}, {\"args\": [], \"name\": \"first_name\", \"type\": \"string\", \"unsigned\": false, \"defaultTo\": null, \"notNullable\": false}, {\"args\": [], \"name\": \"last_name\", \"type\": \"string\", \"unsigned\": false, \"defaultTo\": null, \"notNullable\": false}, {\"args\": [], \"name\": \"middle_name\", \"type\": \"string\", \"unsigned\": false, \"defaultTo\": null, \"notNullable\": false}, {\"args\": [{\"useTz\": false, \"precision\": 6}], \"name\": \"created_at\", \"type\": \"datetime\", \"unsigned\": false, \"defaultTo\": null, \"notNullable\": false}, {\"args\": [{\"useTz\": false, \"precision\": 6}], \"name\": \"updated_at\", \"type\": \"datetime\", \"unsigned\": false, \"defaultTo\": null, \"notNullable\": false}, {\"args\": [{\"useTz\": false, \"precision\": 6}], \"name\": \"published_at\", \"type\": \"datetime\", \"unsigned\": false, \"defaultTo\": null, \"notNullable\": false}, {\"args\": [], \"name\": \"created_by_id\", \"type\": \"integer\", \"unsigned\": true, \"defaultTo\": null, \"notNullable\": false}, {\"args\": [], \"name\": \"updated_by_id\", \"type\": \"integer\", \"unsigned\": true, \"defaultTo\": null, \"notNullable\": false}, {\"args\": [], \"name\": \"locale\", \"type\": \"string\", \"unsigned\": false, \"defaultTo\": null, \"notNullable\": false}], \"indexes\": [{\"name\": \"students_documents_idx\", \"columns\": [\"document_id\", \"locale\", \"published_at\"]}, {\"name\": \"students_created_by_id_fk\", \"columns\": [\"created_by_id\"]}, {\"name\": \"students_updated_by_id_fk\", \"columns\": [\"updated_by_id\"]}], \"foreignKeys\": [{\"name\": \"students_created_by_id_fk\", \"columns\": [\"created_by_id\"], \"onDelete\": \"SET NULL\", \"referencedTable\": \"admin_users\", \"referencedColumns\": [\"id\"]}, {\"name\": \"students_updated_by_id_fk\", \"columns\": [\"updated_by_id\"], \"onDelete\": \"SET NULL\", \"referencedTable\": \"admin_users\", \"referencedColumns\": [\"id\"]}]}, {\"name\": \"admin_permissions\", \"columns\": [{\"args\": [{\"primary\": true, \"primaryKey\": true}], \"name\": \"id\", \"type\": \"increments\", \"unsigned\": false, \"defaultTo\": null, \"notNullable\": true}, {\"args\": [], \"name\": \"document_id\", \"type\": \"string\", \"unsigned\": false, \"defaultTo\": null, \"notNullable\": false}, {\"args\": [], \"name\": \"action\", \"type\": \"string\", \"unsigned\": false, \"defaultTo\": null, \"notNullable\": false}, {\"args\": [], \"name\": \"action_parameters\", \"type\": \"jsonb\", \"unsigned\": false, \"defaultTo\": null, \"notNullable\": false}, {\"args\": [], \"name\": \"subject\", \"type\": \"string\", \"unsigned\": false, \"defaultTo\": null, \"notNullable\": false}, {\"args\": [], \"name\": \"properties\", \"type\": \"jsonb\", \"unsigned\": false, \"defaultTo\": null, \"notNullable\": false}, {\"args\": [], \"name\": \"conditions\", \"type\": \"jsonb\", \"unsigned\": false, \"defaultTo\": null, \"notNullable\": false}, {\"args\": [{\"useTz\": false, \"precision\": 6}], \"name\": \"created_at\", \"type\": \"datetime\", \"unsigned\": false, \"defaultTo\": null, \"notNullable\": false}, {\"args\": [{\"useTz\": false, \"precision\": 6}], \"name\": \"updated_at\", \"type\": \"datetime\", \"unsigned\": false, \"defaultTo\": null, \"notNullable\": false}, {\"args\": [{\"useTz\": false, \"precision\": 6}], \"name\": \"published_at\", \"type\": \"datetime\", \"unsigned\": false, \"defaultTo\": null, \"notNullable\": false}, {\"args\": [], \"name\": \"created_by_id\", \"type\": \"integer\", \"unsigned\": true, \"defaultTo\": null, \"notNullable\": false}, {\"args\": [], \"name\": \"updated_by_id\", \"type\": \"integer\", \"unsigned\": true, \"defaultTo\": null, \"notNullable\": false}, {\"args\": [], \"name\": \"locale\", \"type\": \"string\", \"unsigned\": false, \"defaultTo\": null, \"notNullable\": false}], \"indexes\": [{\"name\": \"admin_permissions_documents_idx\", \"columns\": [\"document_id\", \"locale\", \"published_at\"]}, {\"name\": \"admin_permissions_created_by_id_fk\", \"columns\": [\"created_by_id\"]}, {\"name\": \"admin_permissions_updated_by_id_fk\", \"columns\": [\"updated_by_id\"]}], \"foreignKeys\": [{\"name\": \"admin_permissions_created_by_id_fk\", \"columns\": [\"created_by_id\"], \"onDelete\": \"SET NULL\", \"referencedTable\": \"admin_users\", \"referencedColumns\": [\"id\"]}, {\"name\": \"admin_permissions_updated_by_id_fk\", \"columns\": [\"updated_by_id\"], \"onDelete\": \"SET NULL\", \"referencedTable\": \"admin_users\", \"referencedColumns\": [\"id\"]}]}, {\"name\": \"admin_users\", \"columns\": [{\"args\": [{\"primary\": true, \"primaryKey\": true}], \"name\": \"id\", \"type\": \"increments\", \"unsigned\": false, \"defaultTo\": null, \"notNullable\": true}, {\"args\": [], \"name\": \"document_id\", \"type\": \"string\", \"unsigned\": false, \"defaultTo\": null, \"notNullable\": false}, {\"args\": [], \"name\": \"firstname\", \"type\": \"string\", \"unsigned\": false, \"defaultTo\": null, \"notNullable\": false}, {\"args\": [], \"name\": \"lastname\", \"type\": \"string\", \"unsigned\": false, \"defaultTo\": null, \"notNullable\": false}, {\"args\": [], \"name\": \"username\", \"type\": \"string\", \"unsigned\": false, \"defaultTo\": null, \"notNullable\": false}, {\"args\": [], \"name\": \"email\", \"type\": \"string\", \"unsigned\": false, \"defaultTo\": null, \"notNullable\": false}, {\"args\": [], \"name\": \"password\", \"type\": \"string\", \"unsigned\": false, \"defaultTo\": null, \"notNullable\": false}, {\"args\": [], \"name\": \"reset_password_token\", \"type\": \"string\", \"unsigned\": false, \"defaultTo\": null, \"notNullable\": false}, {\"args\": [], \"name\": \"registration_token\", \"type\": \"string\", \"unsigned\": false, \"defaultTo\": null, \"notNullable\": false}, {\"args\": [], \"name\": \"is_active\", \"type\": \"boolean\", \"unsigned\": false, \"defaultTo\": null, \"notNullable\": false}, {\"args\": [], \"name\": \"blocked\", \"type\": \"boolean\", \"unsigned\": false, \"defaultTo\": null, \"notNullable\": false}, {\"args\": [], \"name\": \"prefered_language\", \"type\": \"string\", \"unsigned\": false, \"defaultTo\": null, \"notNullable\": false}, {\"args\": [{\"useTz\": false, \"precision\": 6}], \"name\": \"created_at\", \"type\": \"datetime\", \"unsigned\": false, \"defaultTo\": null, \"notNullable\": false}, {\"args\": [{\"useTz\": false, \"precision\": 6}], \"name\": \"updated_at\", \"type\": \"datetime\", \"unsigned\": false, \"defaultTo\": null, \"notNullable\": false}, {\"args\": [{\"useTz\": false, \"precision\": 6}], \"name\": \"published_at\", \"type\": \"datetime\", \"unsigned\": false, \"defaultTo\": null, \"notNullable\": false}, {\"args\": [], \"name\": \"created_by_id\", \"type\": \"integer\", \"unsigned\": true, \"defaultTo\": null, \"notNullable\": false}, {\"args\": [], \"name\": \"updated_by_id\", \"type\": \"integer\", \"unsigned\": true, \"defaultTo\": null, \"notNullable\": false}, {\"args\": [], \"name\": \"locale\", \"type\": \"string\", \"unsigned\": false, \"defaultTo\": null, \"notNullable\": false}], \"indexes\": [{\"name\": \"admin_users_documents_idx\", \"columns\": [\"document_id\", \"locale\", \"published_at\"]}, {\"name\": \"admin_users_created_by_id_fk\", \"columns\": [\"created_by_id\"]}, {\"name\": \"admin_users_updated_by_id_fk\", \"columns\": [\"updated_by_id\"]}], \"foreignKeys\": [{\"name\": \"admin_users_created_by_id_fk\", \"columns\": [\"created_by_id\"], \"onDelete\": \"SET NULL\", \"referencedTable\": \"admin_users\", \"referencedColumns\": [\"id\"]}, {\"name\": \"admin_users_updated_by_id_fk\", \"columns\": [\"updated_by_id\"], \"onDelete\": \"SET NULL\", \"referencedTable\": \"admin_users\", \"referencedColumns\": [\"id\"]}]}, {\"name\": \"admin_roles\", \"columns\": [{\"args\": [{\"primary\": true, \"primaryKey\": true}], \"name\": \"id\", \"type\": \"increments\", \"unsigned\": false, \"defaultTo\": null, \"notNullable\": true}, {\"args\": [], \"name\": \"document_id\", \"type\": \"string\", \"unsigned\": false, \"defaultTo\": null, \"notNullable\": false}, {\"args\": [], \"name\": \"name\", \"type\": \"string\", \"unsigned\": false, \"defaultTo\": null, \"notNullable\": false}, {\"args\": [], \"name\": \"code\", \"type\": \"string\", \"unsigned\": false, \"defaultTo\": null, \"notNullable\": false}, {\"args\": [], \"name\": \"description\", \"type\": \"string\", \"unsigned\": false, \"defaultTo\": null, \"notNullable\": false}, {\"args\": [{\"useTz\": false, \"precision\": 6}], \"name\": \"created_at\", \"type\": \"datetime\", \"unsigned\": false, \"defaultTo\": null, \"notNullable\": false}, {\"args\": [{\"useTz\": false, \"precision\": 6}], \"name\": \"updated_at\", \"type\": \"datetime\", \"unsigned\": false, \"defaultTo\": null, \"notNullable\": false}, {\"args\": [{\"useTz\": false, \"precision\": 6}], \"name\": \"published_at\", \"type\": \"datetime\", \"unsigned\": false, \"defaultTo\": null, \"notNullable\": false}, {\"args\": [], \"name\": \"created_by_id\", \"type\": \"integer\", \"unsigned\": true, \"defaultTo\": null, \"notNullable\": false}, {\"args\": [], \"name\": \"updated_by_id\", \"type\": \"integer\", \"unsigned\": true, \"defaultTo\": null, \"notNullable\": false}, {\"args\": [], \"name\": \"locale\", \"type\": \"string\", \"unsigned\": false, \"defaultTo\": null, \"notNullable\": false}], \"indexes\": [{\"name\": \"admin_roles_documents_idx\", \"columns\": [\"document_id\", \"locale\", \"published_at\"]}, {\"name\": \"admin_roles_created_by_id_fk\", \"columns\": [\"created_by_id\"]}, {\"name\": \"admin_roles_updated_by_id_fk\", \"columns\": [\"updated_by_id\"]}], \"foreignKeys\": [{\"name\": \"admin_roles_created_by_id_fk\", \"columns\": [\"created_by_id\"], \"onDelete\": \"SET NULL\", \"referencedTable\": \"admin_users\", \"referencedColumns\": [\"id\"]}, {\"name\": \"admin_roles_updated_by_id_fk\", \"columns\": [\"updated_by_id\"], \"onDelete\": \"SET NULL\", \"referencedTable\": \"admin_users\", \"referencedColumns\": [\"id\"]}]}, {\"name\": \"strapi_api_tokens\", \"columns\": [{\"args\": [{\"primary\": true, \"primaryKey\": true}], \"name\": \"id\", \"type\": \"increments\", \"unsigned\": false, \"defaultTo\": null, \"notNullable\": true}, {\"args\": [], \"name\": \"document_id\", \"type\": \"string\", \"unsigned\": false, \"defaultTo\": null, \"notNullable\": false}, {\"args\": [], \"name\": \"name\", \"type\": \"string\", \"unsigned\": false, \"defaultTo\": null, \"notNullable\": false}, {\"args\": [], \"name\": \"description\", \"type\": \"string\", \"unsigned\": false, \"defaultTo\": null, \"notNullable\": false}, {\"args\": [], \"name\": \"type\", \"type\": \"string\", \"unsigned\": false, \"defaultTo\": null, \"notNullable\": false}, {\"args\": [], \"name\": \"access_key\", \"type\": \"string\", \"unsigned\": false, \"defaultTo\": null, \"notNullable\": false}, {\"args\": [\"longtext\"], \"name\": \"encrypted_key\", \"type\": \"text\", \"unsigned\": false, \"defaultTo\": null, \"notNullable\": false}, {\"args\": [{\"useTz\": false, \"precision\": 6}], \"name\": \"last_used_at\", \"type\": \"datetime\", \"unsigned\": false, \"defaultTo\": null, \"notNullable\": false}, {\"args\": [{\"useTz\": false, \"precision\": 6}], \"name\": \"expires_at\", \"type\": \"datetime\", \"unsigned\": false, \"defaultTo\": null, \"notNullable\": false}, {\"args\": [], \"name\": \"lifespan\", \"type\": \"bigInteger\", \"unsigned\": false, \"defaultTo\": null, \"notNullable\": false}, {\"args\": [{\"useTz\": false, \"precision\": 6}], \"name\": \"created_at\", \"type\": \"datetime\", \"unsigned\": false, \"defaultTo\": null, \"notNullable\": false}, {\"args\": [{\"useTz\": false, \"precision\": 6}], \"name\": \"updated_at\", \"type\": \"datetime\", \"unsigned\": false, \"defaultTo\": null, \"notNullable\": false}, {\"args\": [{\"useTz\": false, \"precision\": 6}], \"name\": \"published_at\", \"type\": \"datetime\", \"unsigned\": false, \"defaultTo\": null, \"notNullable\": false}, {\"args\": [], \"name\": \"created_by_id\", \"type\": \"integer\", \"unsigned\": true, \"defaultTo\": null, \"notNullable\": false}, {\"args\": [], \"name\": \"updated_by_id\", \"type\": \"integer\", \"unsigned\": true, \"defaultTo\": null, \"notNullable\": false}, {\"args\": [], \"name\": \"locale\", \"type\": \"string\", \"unsigned\": false, \"defaultTo\": null, \"notNullable\": false}], \"indexes\": [{\"name\": \"strapi_api_tokens_documents_idx\", \"columns\": [\"document_id\", \"locale\", \"published_at\"]}, {\"name\": \"strapi_api_tokens_created_by_id_fk\", \"columns\": [\"created_by_id\"]}, {\"name\": \"strapi_api_tokens_updated_by_id_fk\", \"columns\": [\"updated_by_id\"]}], \"foreignKeys\": [{\"name\": \"strapi_api_tokens_created_by_id_fk\", \"columns\": [\"created_by_id\"], \"onDelete\": \"SET NULL\", \"referencedTable\": \"admin_users\", \"referencedColumns\": [\"id\"]}, {\"name\": \"strapi_api_tokens_updated_by_id_fk\", \"columns\": [\"updated_by_id\"], \"onDelete\": \"SET NULL\", \"referencedTable\": \"admin_users\", \"referencedColumns\": [\"id\"]}]}, {\"name\": \"strapi_api_token_permissions\", \"columns\": [{\"args\": [{\"primary\": true, \"primaryKey\": true}], \"name\": \"id\", \"type\": \"increments\", \"unsigned\": false, \"defaultTo\": null, \"notNullable\": true}, {\"args\": [], \"name\": \"document_id\", \"type\": \"string\", \"unsigned\": false, \"defaultTo\": null, \"notNullable\": false}, {\"args\": [], \"name\": \"action\", \"type\": \"string\", \"unsigned\": false, \"defaultTo\": null, \"notNullable\": false}, {\"args\": [{\"useTz\": false, \"precision\": 6}], \"name\": \"created_at\", \"type\": \"datetime\", \"unsigned\": false, \"defaultTo\": null, \"notNullable\": false}, {\"args\": [{\"useTz\": false, \"precision\": 6}], \"name\": \"updated_at\", \"type\": \"datetime\", \"unsigned\": false, \"defaultTo\": null, \"notNullable\": false}, {\"args\": [{\"useTz\": false, \"precision\": 6}], \"name\": \"published_at\", \"type\": \"datetime\", \"unsigned\": false, \"defaultTo\": null, \"notNullable\": false}, {\"args\": [], \"name\": \"created_by_id\", \"type\": \"integer\", \"unsigned\": true, \"defaultTo\": null, \"notNullable\": false}, {\"args\": [], \"name\": \"updated_by_id\", \"type\": \"integer\", \"unsigned\": true, \"defaultTo\": null, \"notNullable\": false}, {\"args\": [], \"name\": \"locale\", \"type\": \"string\", \"unsigned\": false, \"defaultTo\": null, \"notNullable\": false}], \"indexes\": [{\"name\": \"strapi_api_token_permissions_documents_idx\", \"columns\": [\"document_id\", \"locale\", \"published_at\"]}, {\"name\": \"strapi_api_token_permissions_created_by_id_fk\", \"columns\": [\"created_by_id\"]}, {\"name\": \"strapi_api_token_permissions_updated_by_id_fk\", \"columns\": [\"updated_by_id\"]}], \"foreignKeys\": [{\"name\": \"strapi_api_token_permissions_created_by_id_fk\", \"columns\": [\"created_by_id\"], \"onDelete\": \"SET NULL\", \"referencedTable\": \"admin_users\", \"referencedColumns\": [\"id\"]}, {\"name\": \"strapi_api_token_permissions_updated_by_id_fk\", \"columns\": [\"updated_by_id\"], \"onDelete\": \"SET NULL\", \"referencedTable\": \"admin_users\", \"referencedColumns\": [\"id\"]}]}, {\"name\": \"strapi_transfer_tokens\", \"columns\": [{\"args\": [{\"primary\": true, \"primaryKey\": true}], \"name\": \"id\", \"type\": \"increments\", \"unsigned\": false, \"defaultTo\": null, \"notNullable\": true}, {\"args\": [], \"name\": \"document_id\", \"type\": \"string\", \"unsigned\": false, \"defaultTo\": null, \"notNullable\": false}, {\"args\": [], \"name\": \"name\", \"type\": \"string\", \"unsigned\": false, \"defaultTo\": null, \"notNullable\": false}, {\"args\": [], \"name\": \"description\", \"type\": \"string\", \"unsigned\": false, \"defaultTo\": null, \"notNullable\": false}, {\"args\": [], \"name\": \"access_key\", \"type\": \"string\", \"unsigned\": false, \"defaultTo\": null, \"notNullable\": false}, {\"args\": [{\"useTz\": false, \"precision\": 6}], \"name\": \"last_used_at\", \"type\": \"datetime\", \"unsigned\": false, \"defaultTo\": null, \"notNullable\": false}, {\"args\": [{\"useTz\": false, \"precision\": 6}], \"name\": \"expires_at\", \"type\": \"datetime\", \"unsigned\": false, \"defaultTo\": null, \"notNullable\": false}, {\"args\": [], \"name\": \"lifespan\", \"type\": \"bigInteger\", \"unsigned\": false, \"defaultTo\": null, \"notNullable\": false}, {\"args\": [{\"useTz\": false, \"precision\": 6}], \"name\": \"created_at\", \"type\": \"datetime\", \"unsigned\": false, \"defaultTo\": null, \"notNullable\": false}, {\"args\": [{\"useTz\": false, \"precision\": 6}], \"name\": \"updated_at\", \"type\": \"datetime\", \"unsigned\": false, \"defaultTo\": null, \"notNullable\": false}, {\"args\": [{\"useTz\": false, \"precision\": 6}], \"name\": \"published_at\", \"type\": \"datetime\", \"unsigned\": false, \"defaultTo\": null, \"notNullable\": false}, {\"args\": [], \"name\": \"created_by_id\", \"type\": \"integer\", \"unsigned\": true, \"defaultTo\": null, \"notNullable\": false}, {\"args\": [], \"name\": \"updated_by_id\", \"type\": \"integer\", \"unsigned\": true, \"defaultTo\": null, \"notNullable\": false}, {\"args\": [], \"name\": \"locale\", \"type\": \"string\", \"unsigned\": false, \"defaultTo\": null, \"notNullable\": false}], \"indexes\": [{\"name\": \"strapi_transfer_tokens_documents_idx\", \"columns\": [\"document_id\", \"locale\", \"published_at\"]}, {\"name\": \"strapi_transfer_tokens_created_by_id_fk\", \"columns\": [\"created_by_id\"]}, {\"name\": \"strapi_transfer_tokens_updated_by_id_fk\", \"columns\": [\"updated_by_id\"]}], \"foreignKeys\": [{\"name\": \"strapi_transfer_tokens_created_by_id_fk\", \"columns\": [\"created_by_id\"], \"onDelete\": \"SET NULL\", \"referencedTable\": \"admin_users\", \"referencedColumns\": [\"id\"]}, {\"name\": \"strapi_transfer_tokens_updated_by_id_fk\", \"columns\": [\"updated_by_id\"], \"onDelete\": \"SET NULL\", \"referencedTable\": \"admin_users\", \"referencedColumns\": [\"id\"]}]}, {\"name\": \"strapi_transfer_token_permissions\", \"columns\": [{\"args\": [{\"primary\": true, \"primaryKey\": true}], \"name\": \"id\", \"type\": \"increments\", \"unsigned\": false, \"defaultTo\": null, \"notNullable\": true}, {\"args\": [], \"name\": \"document_id\", \"type\": \"string\", \"unsigned\": false, \"defaultTo\": null, \"notNullable\": false}, {\"args\": [], \"name\": \"action\", \"type\": \"string\", \"unsigned\": false, \"defaultTo\": null, \"notNullable\": false}, {\"args\": [{\"useTz\": false, \"precision\": 6}], \"name\": \"created_at\", \"type\": \"datetime\", \"unsigned\": false, \"defaultTo\": null, \"notNullable\": false}, {\"args\": [{\"useTz\": false, \"precision\": 6}], \"name\": \"updated_at\", \"type\": \"datetime\", \"unsigned\": false, \"defaultTo\": null, \"notNullable\": false}, {\"args\": [{\"useTz\": false, \"precision\": 6}], \"name\": \"published_at\", \"type\": \"datetime\", \"unsigned\": false, \"defaultTo\": null, \"notNullable\": false}, {\"args\": [], \"name\": \"created_by_id\", \"type\": \"integer\", \"unsigned\": true, \"defaultTo\": null, \"notNullable\": false}, {\"args\": [], \"name\": \"updated_by_id\", \"type\": \"integer\", \"unsigned\": true, \"defaultTo\": null, \"notNullable\": false}, {\"args\": [], \"name\": \"locale\", \"type\": \"string\", \"unsigned\": false, \"defaultTo\": null, \"notNullable\": false}], \"indexes\": [{\"name\": \"strapi_transfer_token_permissions_documents_idx\", \"columns\": [\"document_id\", \"locale\", \"published_at\"]}, {\"name\": \"strapi_transfer_token_permissions_created_by_id_fk\", \"columns\": [\"created_by_id\"]}, {\"name\": \"strapi_transfer_token_permissions_updated_by_id_fk\", \"columns\": [\"updated_by_id\"]}], \"foreignKeys\": [{\"name\": \"strapi_transfer_token_permissions_created_by_id_fk\", \"columns\": [\"created_by_id\"], \"onDelete\": \"SET NULL\", \"referencedTable\": \"admin_users\", \"referencedColumns\": [\"id\"]}, {\"name\": \"strapi_transfer_token_permissions_updated_by_id_fk\", \"columns\": [\"updated_by_id\"], \"onDelete\": \"SET NULL\", \"referencedTable\": \"admin_users\", \"referencedColumns\": [\"id\"]}]}, {\"name\": \"strapi_sessions\", \"columns\": [{\"args\": [{\"primary\": true, \"primaryKey\": true}], \"name\": \"id\", \"type\": \"increments\", \"unsigned\": false, \"defaultTo\": null, \"notNullable\": true}, {\"args\": [], \"name\": \"document_id\", \"type\": \"string\", \"unsigned\": false, \"defaultTo\": null, \"notNullable\": false}, {\"args\": [], \"name\": \"user_id\", \"type\": \"string\", \"unsigned\": false, \"defaultTo\": null, \"notNullable\": false}, {\"args\": [], \"name\": \"session_id\", \"type\": \"string\", \"unsigned\": false, \"defaultTo\": null, \"notNullable\": false}, {\"args\": [], \"name\": \"child_id\", \"type\": \"string\", \"unsigned\": false, \"defaultTo\": null, \"notNullable\": false}, {\"args\": [], \"name\": \"device_id\", \"type\": \"string\", \"unsigned\": false, \"defaultTo\": null, \"notNullable\": false}, {\"args\": [], \"name\": \"origin\", \"type\": \"string\", \"unsigned\": false, \"defaultTo\": null, \"notNullable\": false}, {\"args\": [{\"useTz\": false, \"precision\": 6}], \"name\": \"expires_at\", \"type\": \"datetime\", \"unsigned\": false, \"defaultTo\": null, \"notNullable\": false}, {\"args\": [{\"useTz\": false, \"precision\": 6}], \"name\": \"absolute_expires_at\", \"type\": \"datetime\", \"unsigned\": false, \"defaultTo\": null, \"notNullable\": false}, {\"args\": [], \"name\": \"status\", \"type\": \"string\", \"unsigned\": false, \"defaultTo\": null, \"notNullable\": false}, {\"args\": [], \"name\": \"type\", \"type\": \"string\", \"unsigned\": false, \"defaultTo\": null, \"notNullable\": false}, {\"args\": [{\"useTz\": false, \"precision\": 6}], \"name\": \"created_at\", \"type\": \"datetime\", \"unsigned\": false, \"defaultTo\": null, \"notNullable\": false}, {\"args\": [{\"useTz\": false, \"precision\": 6}], \"name\": \"updated_at\", \"type\": \"datetime\", \"unsigned\": false, \"defaultTo\": null, \"notNullable\": false}, {\"args\": [{\"useTz\": false, \"precision\": 6}], \"name\": \"published_at\", \"type\": \"datetime\", \"unsigned\": false, \"defaultTo\": null, \"notNullable\": false}, {\"args\": [], \"name\": \"created_by_id\", \"type\": \"integer\", \"unsigned\": true, \"defaultTo\": null, \"notNullable\": false}, {\"args\": [], \"name\": \"updated_by_id\", \"type\": \"integer\", \"unsigned\": true, \"defaultTo\": null, \"notNullable\": false}, {\"args\": [], \"name\": \"locale\", \"type\": \"string\", \"unsigned\": false, \"defaultTo\": null, \"notNullable\": false}], \"indexes\": [{\"name\": \"strapi_sessions_documents_idx\", \"columns\": [\"document_id\", \"locale\", \"published_at\"]}, {\"name\": \"strapi_sessions_created_by_id_fk\", \"columns\": [\"created_by_id\"]}, {\"name\": \"strapi_sessions_updated_by_id_fk\", \"columns\": [\"updated_by_id\"]}], \"foreignKeys\": [{\"name\": \"strapi_sessions_created_by_id_fk\", \"columns\": [\"created_by_id\"], \"onDelete\": \"SET NULL\", \"referencedTable\": \"admin_users\", \"referencedColumns\": [\"id\"]}, {\"name\": \"strapi_sessions_updated_by_id_fk\", \"columns\": [\"updated_by_id\"], \"onDelete\": \"SET NULL\", \"referencedTable\": \"admin_users\", \"referencedColumns\": [\"id\"]}]}, {\"name\": \"components_slider_coaches\", \"columns\": [{\"args\": [{\"primary\": true, \"primaryKey\": true}], \"name\": \"id\", \"type\": \"increments\", \"unsigned\": false, \"defaultTo\": null, \"notNullable\": true}, {\"args\": [], \"name\": \"name\", \"type\": \"string\", \"unsigned\": false, \"defaultTo\": null, \"notNullable\": false}, {\"args\": [], \"name\": \"middle_name\", \"type\": \"string\", \"unsigned\": false, \"defaultTo\": null, \"notNullable\": false}, {\"args\": [], \"name\": \"last_name\", \"type\": \"string\", \"unsigned\": false, \"defaultTo\": null, \"notNullable\": false}], \"indexes\": [], \"foreignKeys\": []}, {\"name\": \"components_slider_athlets\", \"columns\": [{\"args\": [{\"primary\": true, \"primaryKey\": true}], \"name\": \"id\", \"type\": \"increments\", \"unsigned\": false, \"defaultTo\": null, \"notNullable\": true}, {\"args\": [], \"name\": \"first_name\", \"type\": \"string\", \"unsigned\": false, \"defaultTo\": null, \"notNullable\": false}, {\"args\": [], \"name\": \"middle_name\", \"type\": \"string\", \"unsigned\": false, \"defaultTo\": null, \"notNullable\": false}, {\"args\": [], \"name\": \"last_name\", \"type\": \"string\", \"unsigned\": false, \"defaultTo\": null, \"notNullable\": false}], \"indexes\": [], \"foreignKeys\": []}, {\"name\": \"components_map_locations\", \"columns\": [{\"args\": [{\"primary\": true, \"primaryKey\": true}], \"name\": \"id\", \"type\": \"increments\", \"unsigned\": false, \"defaultTo\": null, \"notNullable\": true}, {\"args\": [], \"name\": \"name\", \"type\": \"string\", \"unsigned\": false, \"defaultTo\": null, \"notNullable\": false}, {\"args\": [10, 2], \"name\": \"latitude\", \"type\": \"decimal\", \"unsigned\": false, \"defaultTo\": null, \"notNullable\": false}, {\"args\": [10, 2], \"name\": \"longitude\", \"type\": \"decimal\", \"unsigned\": false, \"defaultTo\": null, \"notNullable\": false}, {\"args\": [], \"name\": \"address\", \"type\": \"string\", \"unsigned\": false, \"defaultTo\": null, \"notNullable\": false}], \"indexes\": [], \"foreignKeys\": []}, {\"name\": \"components_lang_switch_navlinks\", \"columns\": [{\"args\": [{\"primary\": true, \"primaryKey\": true}], \"name\": \"id\", \"type\": \"increments\", \"unsigned\": false, \"defaultTo\": null, \"notNullable\": true}, {\"args\": [], \"name\": \"label\", \"type\": \"string\", \"unsigned\": false, \"defaultTo\": null, \"notNullable\": false}, {\"args\": [], \"name\": \"url\", \"type\": \"string\", \"unsigned\": false, \"defaultTo\": null, \"notNullable\": false}], \"indexes\": [], \"foreignKeys\": []}, {\"name\": \"strapi_core_store_settings\", \"columns\": [{\"args\": [{\"primary\": true, \"primaryKey\": true}], \"name\": \"id\", \"type\": \"increments\", \"unsigned\": false, \"defaultTo\": null, \"notNullable\": true}, {\"args\": [], \"name\": \"key\", \"type\": \"string\", \"unsigned\": false, \"defaultTo\": null, \"notNullable\": false}, {\"args\": [\"longtext\"], \"name\": \"value\", \"type\": \"text\", \"unsigned\": false, \"defaultTo\": null, \"notNullable\": false}, {\"args\": [], \"name\": \"type\", \"type\": \"string\", \"unsigned\": false, \"defaultTo\": null, \"notNullable\": false}, {\"args\": [], \"name\": \"environment\", \"type\": \"string\", \"unsigned\": false, \"defaultTo\": null, \"notNullable\": false}, {\"args\": [], \"name\": \"tag\", \"type\": \"string\", \"unsigned\": false, \"defaultTo\": null, \"notNullable\": false}], \"indexes\": [], \"foreignKeys\": []}, {\"name\": \"strapi_webhooks\", \"columns\": [{\"args\": [{\"primary\": true, \"primaryKey\": true}], \"name\": \"id\", \"type\": \"increments\", \"unsigned\": false, \"defaultTo\": null, \"notNullable\": true}, {\"args\": [], \"name\": \"name\", \"type\": \"string\", \"unsigned\": false, \"defaultTo\": null, \"notNullable\": false}, {\"args\": [\"longtext\"], \"name\": \"url\", \"type\": \"text\", \"unsigned\": false, \"defaultTo\": null, \"notNullable\": false}, {\"args\": [], \"name\": \"headers\", \"type\": \"jsonb\", \"unsigned\": false, \"defaultTo\": null, \"notNullable\": false}, {\"args\": [], \"name\": \"events\", \"type\": \"jsonb\", \"unsigned\": false, \"defaultTo\": null, \"notNullable\": false}, {\"args\": [], \"name\": \"enabled\", \"type\": \"boolean\", \"unsigned\": false, \"defaultTo\": null, \"notNullable\": false}], \"indexes\": [], \"foreignKeys\": []}, {\"name\": \"strapi_history_versions\", \"columns\": [{\"args\": [{\"primary\": true, \"primaryKey\": true}], \"name\": \"id\", \"type\": \"increments\", \"unsigned\": false, \"defaultTo\": null, \"notNullable\": true}, {\"args\": [], \"name\": \"content_type\", \"type\": \"string\", \"unsigned\": false, \"defaultTo\": null, \"notNullable\": true}, {\"args\": [], \"name\": \"related_document_id\", \"type\": \"string\", \"unsigned\": false, \"defaultTo\": null, \"notNullable\": false}, {\"args\": [], \"name\": \"locale\", \"type\": \"string\", \"unsigned\": false, \"defaultTo\": null, \"notNullable\": false}, {\"args\": [], \"name\": \"status\", \"type\": \"string\", \"unsigned\": false, \"defaultTo\": null, \"notNullable\": false}, {\"args\": [], \"name\": \"data\", \"type\": \"jsonb\", \"unsigned\": false, \"defaultTo\": null, \"notNullable\": false}, {\"args\": [], \"name\": \"schema\", \"type\": \"jsonb\", \"unsigned\": false, \"defaultTo\": null, \"notNullable\": false}, {\"args\": [{\"useTz\": false, \"precision\": 6}], \"name\": \"created_at\", \"type\": \"datetime\", \"unsigned\": false, \"defaultTo\": null, \"notNullable\": false}, {\"args\": [], \"name\": \"created_by_id\", \"type\": \"integer\", \"unsigned\": true, \"defaultTo\": null, \"notNullable\": false}], \"indexes\": [{\"name\": \"strapi_history_versions_created_by_id_fk\", \"columns\": [\"created_by_id\"]}], \"foreignKeys\": [{\"name\": \"strapi_history_versions_created_by_id_fk\", \"columns\": [\"created_by_id\"], \"onDelete\": \"SET NULL\", \"referencedTable\": \"admin_users\", \"referencedColumns\": [\"id\"]}]}, {\"name\": \"strapi_ai_metadata_jobs\", \"columns\": [{\"args\": [{\"primary\": true, \"primaryKey\": true}], \"name\": \"id\", \"type\": \"increments\", \"unsigned\": false, \"defaultTo\": null, \"notNullable\": true}, {\"args\": [], \"name\": \"status\", \"type\": \"string\", \"unsigned\": false, \"defaultTo\": null, \"notNullable\": true}, {\"args\": [{\"useTz\": false, \"precision\": 6}], \"name\": \"created_at\", \"type\": \"datetime\", \"unsigned\": false, \"defaultTo\": null, \"notNullable\": false}, {\"args\": [{\"useTz\": false, \"precision\": 6}], \"name\": \"completed_at\", \"type\": \"datetime\", \"unsigned\": false, \"defaultTo\": null, \"notNullable\": false}], \"indexes\": [], \"foreignKeys\": []}, {\"name\": \"strapi_ai_localization_jobs\", \"columns\": [{\"args\": [{\"primary\": true, \"primaryKey\": true}], \"name\": \"id\", \"type\": \"increments\", \"unsigned\": false, \"defaultTo\": null, \"notNullable\": true}, {\"args\": [], \"name\": \"content_type\", \"type\": \"string\", \"unsigned\": false, \"defaultTo\": null, \"notNullable\": true}, {\"args\": [], \"name\": \"related_document_id\", \"type\": \"string\", \"unsigned\": false, \"defaultTo\": null, \"notNullable\": true}, {\"args\": [], \"name\": \"source_locale\", \"type\": \"string\", \"unsigned\": false, \"defaultTo\": null, \"notNullable\": true}, {\"args\": [], \"name\": \"target_locales\", \"type\": \"jsonb\", \"unsigned\": false, \"defaultTo\": null, \"notNullable\": true}, {\"args\": [], \"name\": \"status\", \"type\": \"string\", \"unsigned\": false, \"defaultTo\": null, \"notNullable\": true}, {\"args\": [{\"useTz\": false, \"precision\": 6}], \"name\": \"created_at\", \"type\": \"datetime\", \"unsigned\": false, \"defaultTo\": null, \"notNullable\": false}, {\"args\": [{\"useTz\": false, \"precision\": 6}], \"name\": \"updated_at\", \"type\": \"datetime\", \"unsigned\": false, \"defaultTo\": null, \"notNullable\": false}], \"indexes\": [], \"foreignKeys\": []}, {\"name\": \"files_related_mph\", \"columns\": [{\"args\": [{\"primary\": true, \"primaryKey\": true}], \"name\": \"id\", \"type\": \"increments\", \"unsigned\": false, \"defaultTo\": null, \"notNullable\": true}, {\"args\": [], \"name\": \"file_id\", \"type\": \"integer\", \"unsigned\": true, \"defaultTo\": null, \"notNullable\": false}, {\"args\": [], \"name\": \"related_id\", \"type\": \"integer\", \"unsigned\": true, \"defaultTo\": null, \"notNullable\": false}, {\"args\": [], \"name\": \"related_type\", \"type\": \"string\", \"unsigned\": false, \"defaultTo\": null, \"notNullable\": false}, {\"args\": [], \"name\": \"field\", \"type\": \"string\", \"unsigned\": false, \"defaultTo\": null, \"notNullable\": false}, {\"args\": [], \"name\": \"order\", \"type\": \"double\", \"unsigned\": true, \"defaultTo\": null, \"notNullable\": false}], \"indexes\": [{\"name\": \"files_related_mph_fk\", \"columns\": [\"file_id\"]}, {\"name\": \"files_related_mph_oidx\", \"columns\": [\"order\"]}, {\"name\": \"files_related_mph_idix\", \"columns\": [\"related_id\"]}], \"foreignKeys\": [{\"name\": \"files_related_mph_fk\", \"columns\": [\"file_id\"], \"onDelete\": \"CASCADE\", \"referencedTable\": \"files\", \"referencedColumns\": [\"id\"]}]}, {\"name\": \"files_folder_lnk\", \"columns\": [{\"args\": [{\"primary\": true, \"primaryKey\": true}], \"name\": \"id\", \"type\": \"increments\", \"unsigned\": false, \"defaultTo\": null, \"notNullable\": true}, {\"args\": [], \"name\": \"file_id\", \"type\": \"integer\", \"unsigned\": true, \"defaultTo\": null, \"notNullable\": false}, {\"args\": [], \"name\": \"folder_id\", \"type\": \"integer\", \"unsigned\": true, \"defaultTo\": null, \"notNullable\": false}, {\"args\": [], \"name\": \"file_ord\", \"type\": \"double\", \"unsigned\": true, \"defaultTo\": null, \"notNullable\": false}], \"indexes\": [{\"name\": \"files_folder_lnk_fk\", \"columns\": [\"file_id\"]}, {\"name\": \"files_folder_lnk_ifk\", \"columns\": [\"folder_id\"]}, {\"name\": \"files_folder_lnk_uq\", \"type\": \"unique\", \"columns\": [\"file_id\", \"folder_id\"]}, {\"name\": \"files_folder_lnk_oifk\", \"columns\": [\"file_ord\"]}], \"foreignKeys\": [{\"name\": \"files_folder_lnk_fk\", \"columns\": [\"file_id\"], \"onDelete\": \"CASCADE\", \"referencedTable\": \"files\", \"referencedColumns\": [\"id\"]}, {\"name\": \"files_folder_lnk_ifk\", \"columns\": [\"folder_id\"], \"onDelete\": \"CASCADE\", \"referencedTable\": \"upload_folders\", \"referencedColumns\": [\"id\"]}]}, {\"name\": \"upload_folders_parent_lnk\", \"columns\": [{\"args\": [{\"primary\": true, \"primaryKey\": true}], \"name\": \"id\", \"type\": \"increments\", \"unsigned\": false, \"defaultTo\": null, \"notNullable\": true}, {\"args\": [], \"name\": \"folder_id\", \"type\": \"integer\", \"unsigned\": true, \"defaultTo\": null, \"notNullable\": false}, {\"args\": [], \"name\": \"inv_folder_id\", \"type\": \"integer\", \"unsigned\": true, \"defaultTo\": null, \"notNullable\": false}, {\"args\": [], \"name\": \"folder_ord\", \"type\": \"double\", \"unsigned\": true, \"defaultTo\": null, \"notNullable\": false}], \"indexes\": [{\"name\": \"upload_folders_parent_lnk_fk\", \"columns\": [\"folder_id\"]}, {\"name\": \"upload_folders_parent_lnk_ifk\", \"columns\": [\"inv_folder_id\"]}, {\"name\": \"upload_folders_parent_lnk_uq\", \"type\": \"unique\", \"columns\": [\"folder_id\", \"inv_folder_id\"]}, {\"name\": \"upload_folders_parent_lnk_oifk\", \"columns\": [\"folder_ord\"]}], \"foreignKeys\": [{\"name\": \"upload_folders_parent_lnk_fk\", \"columns\": [\"folder_id\"], \"onDelete\": \"CASCADE\", \"referencedTable\": \"upload_folders\", \"referencedColumns\": [\"id\"]}, {\"name\": \"upload_folders_parent_lnk_ifk\", \"columns\": [\"inv_folder_id\"], \"onDelete\": \"CASCADE\", \"referencedTable\": \"upload_folders\", \"referencedColumns\": [\"id\"]}]}, {\"name\": \"strapi_release_actions_release_lnk\", \"columns\": [{\"args\": [{\"primary\": true, \"primaryKey\": true}], \"name\": \"id\", \"type\": \"increments\", \"unsigned\": false, \"defaultTo\": null, \"notNullable\": true}, {\"args\": [], \"name\": \"release_action_id\", \"type\": \"integer\", \"unsigned\": true, \"defaultTo\": null, \"notNullable\": false}, {\"args\": [], \"name\": \"release_id\", \"type\": \"integer\", \"unsigned\": true, \"defaultTo\": null, \"notNullable\": false}, {\"args\": [], \"name\": \"release_action_ord\", \"type\": \"double\", \"unsigned\": true, \"defaultTo\": null, \"notNullable\": false}], \"indexes\": [{\"name\": \"strapi_release_actions_release_lnk_fk\", \"columns\": [\"release_action_id\"]}, {\"name\": \"strapi_release_actions_release_lnk_ifk\", \"columns\": [\"release_id\"]}, {\"name\": \"strapi_release_actions_release_lnk_uq\", \"type\": \"unique\", \"columns\": [\"release_action_id\", \"release_id\"]}, {\"name\": \"strapi_release_actions_release_lnk_oifk\", \"columns\": [\"release_action_ord\"]}], \"foreignKeys\": [{\"name\": \"strapi_release_actions_release_lnk_fk\", \"columns\": [\"release_action_id\"], \"onDelete\": \"CASCADE\", \"referencedTable\": \"strapi_release_actions\", \"referencedColumns\": [\"id\"]}, {\"name\": \"strapi_release_actions_release_lnk_ifk\", \"columns\": [\"release_id\"], \"onDelete\": \"CASCADE\", \"referencedTable\": \"strapi_releases\", \"referencedColumns\": [\"id\"]}]}, {\"name\": \"strapi_workflows_stage_required_to_publish_lnk\", \"columns\": [{\"args\": [{\"primary\": true, \"primaryKey\": true}], \"name\": \"id\", \"type\": \"increments\", \"unsigned\": false, \"defaultTo\": null, \"notNullable\": true}, {\"args\": [], \"name\": \"workflow_id\", \"type\": \"integer\", \"unsigned\": true, \"defaultTo\": null, \"notNullable\": false}, {\"args\": [], \"name\": \"workflow_stage_id\", \"type\": \"integer\", \"unsigned\": true, \"defaultTo\": null, \"notNullable\": false}], \"indexes\": [{\"name\": \"strapi_workflows_stage_required_to_publish_lnk_fk\", \"columns\": [\"workflow_id\"]}, {\"name\": \"strapi_workflows_stage_required_to_publish_lnk_ifk\", \"columns\": [\"workflow_stage_id\"]}, {\"name\": \"strapi_workflows_stage_required_to_publish_lnk_uq\", \"type\": \"unique\", \"columns\": [\"workflow_id\", \"workflow_stage_id\"]}], \"foreignKeys\": [{\"name\": \"strapi_workflows_stage_required_to_publish_lnk_fk\", \"columns\": [\"workflow_id\"], \"onDelete\": \"CASCADE\", \"referencedTable\": \"strapi_workflows\", \"referencedColumns\": [\"id\"]}, {\"name\": \"strapi_workflows_stage_required_to_publish_lnk_ifk\", \"columns\": [\"workflow_stage_id\"], \"onDelete\": \"CASCADE\", \"referencedTable\": \"strapi_workflows_stages\", \"referencedColumns\": [\"id\"]}]}, {\"name\": \"strapi_workflows_stages_workflow_lnk\", \"columns\": [{\"args\": [{\"primary\": true, \"primaryKey\": true}], \"name\": \"id\", \"type\": \"increments\", \"unsigned\": false, \"defaultTo\": null, \"notNullable\": true}, {\"args\": [], \"name\": \"workflow_stage_id\", \"type\": \"integer\", \"unsigned\": true, \"defaultTo\": null, \"notNullable\": false}, {\"args\": [], \"name\": \"workflow_id\", \"type\": \"integer\", \"unsigned\": true, \"defaultTo\": null, \"notNullable\": false}, {\"args\": [], \"name\": \"workflow_stage_ord\", \"type\": \"double\", \"unsigned\": true, \"defaultTo\": null, \"notNullable\": false}], \"indexes\": [{\"name\": \"strapi_workflows_stages_workflow_lnk_fk\", \"columns\": [\"workflow_stage_id\"]}, {\"name\": \"strapi_workflows_stages_workflow_lnk_ifk\", \"columns\": [\"workflow_id\"]}, {\"name\": \"strapi_workflows_stages_workflow_lnk_uq\", \"type\": \"unique\", \"columns\": [\"workflow_stage_id\", \"workflow_id\"]}, {\"name\": \"strapi_workflows_stages_workflow_lnk_oifk\", \"columns\": [\"workflow_stage_ord\"]}], \"foreignKeys\": [{\"name\": \"strapi_workflows_stages_workflow_lnk_fk\", \"columns\": [\"workflow_stage_id\"], \"onDelete\": \"CASCADE\", \"referencedTable\": \"strapi_workflows_stages\", \"referencedColumns\": [\"id\"]}, {\"name\": \"strapi_workflows_stages_workflow_lnk_ifk\", \"columns\": [\"workflow_id\"], \"onDelete\": \"CASCADE\", \"referencedTable\": \"strapi_workflows\", \"referencedColumns\": [\"id\"]}]}, {\"name\": \"strapi_workflows_stages_permissions_lnk\", \"columns\": [{\"args\": [{\"primary\": true, \"primaryKey\": true}], \"name\": \"id\", \"type\": \"increments\", \"unsigned\": false, \"defaultTo\": null, \"notNullable\": true}, {\"args\": [], \"name\": \"workflow_stage_id\", \"type\": \"integer\", \"unsigned\": true, \"defaultTo\": null, \"notNullable\": false}, {\"args\": [], \"name\": \"permission_id\", \"type\": \"integer\", \"unsigned\": true, \"defaultTo\": null, \"notNullable\": false}, {\"args\": [], \"name\": \"permission_ord\", \"type\": \"double\", \"unsigned\": true, \"defaultTo\": null, \"notNullable\": false}], \"indexes\": [{\"name\": \"strapi_workflows_stages_permissions_lnk_fk\", \"columns\": [\"workflow_stage_id\"]}, {\"name\": \"strapi_workflows_stages_permissions_lnk_ifk\", \"columns\": [\"permission_id\"]}, {\"name\": \"strapi_workflows_stages_permissions_lnk_uq\", \"type\": \"unique\", \"columns\": [\"workflow_stage_id\", \"permission_id\"]}, {\"name\": \"strapi_workflows_stages_permissions_lnk_ofk\", \"columns\": [\"permission_ord\"]}], \"foreignKeys\": [{\"name\": \"strapi_workflows_stages_permissions_lnk_fk\", \"columns\": [\"workflow_stage_id\"], \"onDelete\": \"CASCADE\", \"referencedTable\": \"strapi_workflows_stages\", \"referencedColumns\": [\"id\"]}, {\"name\": \"strapi_workflows_stages_permissions_lnk_ifk\", \"columns\": [\"permission_id\"], \"onDelete\": \"CASCADE\", \"referencedTable\": \"admin_permissions\", \"referencedColumns\": [\"id\"]}]}, {\"name\": \"up_permissions_role_lnk\", \"columns\": [{\"args\": [{\"primary\": true, \"primaryKey\": true}], \"name\": \"id\", \"type\": \"increments\", \"unsigned\": false, \"defaultTo\": null, \"notNullable\": true}, {\"args\": [], \"name\": \"permission_id\", \"type\": \"integer\", \"unsigned\": true, \"defaultTo\": null, \"notNullable\": false}, {\"args\": [], \"name\": \"role_id\", \"type\": \"integer\", \"unsigned\": true, \"defaultTo\": null, \"notNullable\": false}, {\"args\": [], \"name\": \"permission_ord\", \"type\": \"double\", \"unsigned\": true, \"defaultTo\": null, \"notNullable\": false}], \"indexes\": [{\"name\": \"up_permissions_role_lnk_fk\", \"columns\": [\"permission_id\"]}, {\"name\": \"up_permissions_role_lnk_ifk\", \"columns\": [\"role_id\"]}, {\"name\": \"up_permissions_role_lnk_uq\", \"type\": \"unique\", \"columns\": [\"permission_id\", \"role_id\"]}, {\"name\": \"up_permissions_role_lnk_oifk\", \"columns\": [\"permission_ord\"]}], \"foreignKeys\": [{\"name\": \"up_permissions_role_lnk_fk\", \"columns\": [\"permission_id\"], \"onDelete\": \"CASCADE\", \"referencedTable\": \"up_permissions\", \"referencedColumns\": [\"id\"]}, {\"name\": \"up_permissions_role_lnk_ifk\", \"columns\": [\"role_id\"], \"onDelete\": \"CASCADE\", \"referencedTable\": \"up_roles\", \"referencedColumns\": [\"id\"]}]}, {\"name\": \"up_users_role_lnk\", \"columns\": [{\"args\": [{\"primary\": true, \"primaryKey\": true}], \"name\": \"id\", \"type\": \"increments\", \"unsigned\": false, \"defaultTo\": null, \"notNullable\": true}, {\"args\": [], \"name\": \"user_id\", \"type\": \"integer\", \"unsigned\": true, \"defaultTo\": null, \"notNullable\": false}, {\"args\": [], \"name\": \"role_id\", \"type\": \"integer\", \"unsigned\": true, \"defaultTo\": null, \"notNullable\": false}, {\"args\": [], \"name\": \"user_ord\", \"type\": \"double\", \"unsigned\": true, \"defaultTo\": null, \"notNullable\": false}], \"indexes\": [{\"name\": \"up_users_role_lnk_fk\", \"columns\": [\"user_id\"]}, {\"name\": \"up_users_role_lnk_ifk\", \"columns\": [\"role_id\"]}, {\"name\": \"up_users_role_lnk_uq\", \"type\": \"unique\", \"columns\": [\"user_id\", \"role_id\"]}, {\"name\": \"up_users_role_lnk_oifk\", \"columns\": [\"user_ord\"]}], \"foreignKeys\": [{\"name\": \"up_users_role_lnk_fk\", \"columns\": [\"user_id\"], \"onDelete\": \"CASCADE\", \"referencedTable\": \"up_users\", \"referencedColumns\": [\"id\"]}, {\"name\": \"up_users_role_lnk_ifk\", \"columns\": [\"role_id\"], \"onDelete\": \"CASCADE\", \"referencedTable\": \"up_roles\", \"referencedColumns\": [\"id\"]}]}, {\"name\": \"check_ins_event_lnk\", \"columns\": [{\"args\": [{\"primary\": true, \"primaryKey\": true}], \"name\": \"id\", \"type\": \"increments\", \"unsigned\": false, \"defaultTo\": null, \"notNullable\": true}, {\"args\": [], \"name\": \"check_in_id\", \"type\": \"integer\", \"unsigned\": true, \"defaultTo\": null, \"notNullable\": false}, {\"args\": [], \"name\": \"event_id\", \"type\": \"integer\", \"unsigned\": true, \"defaultTo\": null, \"notNullable\": false}, {\"args\": [], \"name\": \"check_in_ord\", \"type\": \"double\", \"unsigned\": true, \"defaultTo\": null, \"notNullable\": false}], \"indexes\": [{\"name\": \"check_ins_event_lnk_fk\", \"columns\": [\"check_in_id\"]}, {\"name\": \"check_ins_event_lnk_ifk\", \"columns\": [\"event_id\"]}, {\"name\": \"check_ins_event_lnk_uq\", \"type\": \"unique\", \"columns\": [\"check_in_id\", \"event_id\"]}, {\"name\": \"check_ins_event_lnk_oifk\", \"columns\": [\"check_in_ord\"]}], \"foreignKeys\": [{\"name\": \"check_ins_event_lnk_fk\", \"columns\": [\"check_in_id\"], \"onDelete\": \"CASCADE\", \"referencedTable\": \"check_ins\", \"referencedColumns\": [\"id\"]}, {\"name\": \"check_ins_event_lnk_ifk\", \"columns\": [\"event_id\"], \"onDelete\": \"CASCADE\", \"referencedTable\": \"events\", \"referencedColumns\": [\"id\"]}]}, {\"name\": \"check_ins_coach_lnk\", \"columns\": [{\"args\": [{\"primary\": true, \"primaryKey\": true}], \"name\": \"id\", \"type\": \"increments\", \"unsigned\": false, \"defaultTo\": null, \"notNullable\": true}, {\"args\": [], \"name\": \"check_in_id\", \"type\": \"integer\", \"unsigned\": true, \"defaultTo\": null, \"notNullable\": false}, {\"args\": [], \"name\": \"coach_id\", \"type\": \"integer\", \"unsigned\": true, \"defaultTo\": null, \"notNullable\": false}, {\"args\": [], \"name\": \"check_in_ord\", \"type\": \"double\", \"unsigned\": true, \"defaultTo\": null, \"notNullable\": false}], \"indexes\": [{\"name\": \"check_ins_coach_lnk_fk\", \"columns\": [\"check_in_id\"]}, {\"name\": \"check_ins_coach_lnk_ifk\", \"columns\": [\"coach_id\"]}, {\"name\": \"check_ins_coach_lnk_uq\", \"type\": \"unique\", \"columns\": [\"check_in_id\", \"coach_id\"]}, {\"name\": \"check_ins_coach_lnk_oifk\", \"columns\": [\"check_in_ord\"]}], \"foreignKeys\": [{\"name\": \"check_ins_coach_lnk_fk\", \"columns\": [\"check_in_id\"], \"onDelete\": \"CASCADE\", \"referencedTable\": \"check_ins\", \"referencedColumns\": [\"id\"]}, {\"name\": \"check_ins_coach_lnk_ifk\", \"columns\": [\"coach_id\"], \"onDelete\": \"CASCADE\", \"referencedTable\": \"coaches\", \"referencedColumns\": [\"id\"]}]}, {\"name\": \"coaches_discipline_lnk\", \"columns\": [{\"args\": [{\"primary\": true, \"primaryKey\": true}], \"name\": \"id\", \"type\": \"increments\", \"unsigned\": false, \"defaultTo\": null, \"notNullable\": true}, {\"args\": [], \"name\": \"coach_id\", \"type\": \"integer\", \"unsigned\": true, \"defaultTo\": null, \"notNullable\": false}, {\"args\": [], \"name\": \"discipline_id\", \"type\": \"integer\", \"unsigned\": true, \"defaultTo\": null, \"notNullable\": false}, {\"args\": [], \"name\": \"coach_ord\", \"type\": \"double\", \"unsigned\": true, \"defaultTo\": null, \"notNullable\": false}], \"indexes\": [{\"name\": \"coaches_discipline_lnk_fk\", \"columns\": [\"coach_id\"]}, {\"name\": \"coaches_discipline_lnk_ifk\", \"columns\": [\"discipline_id\"]}, {\"name\": \"coaches_discipline_lnk_uq\", \"type\": \"unique\", \"columns\": [\"coach_id\", \"discipline_id\"]}, {\"name\": \"coaches_discipline_lnk_oifk\", \"columns\": [\"coach_ord\"]}], \"foreignKeys\": [{\"name\": \"coaches_discipline_lnk_fk\", \"columns\": [\"coach_id\"], \"onDelete\": \"CASCADE\", \"referencedTable\": \"coaches\", \"referencedColumns\": [\"id\"]}, {\"name\": \"coaches_discipline_lnk_ifk\", \"columns\": [\"discipline_id\"], \"onDelete\": \"CASCADE\", \"referencedTable\": \"disciplines\", \"referencedColumns\": [\"id\"]}]}, {\"name\": \"coaches_users_permissions_user_lnk\", \"columns\": [{\"args\": [{\"primary\": true, \"primaryKey\": true}], \"name\": \"id\", \"type\": \"increments\", \"unsigned\": false, \"defaultTo\": null, \"notNullable\": true}, {\"args\": [], \"name\": \"coach_id\", \"type\": \"integer\", \"unsigned\": true, \"defaultTo\": null, \"notNullable\": false}, {\"args\": [], \"name\": \"user_id\", \"type\": \"integer\", \"unsigned\": true, \"defaultTo\": null, \"notNullable\": false}], \"indexes\": [{\"name\": \"coaches_users_permissions_user_lnk_fk\", \"columns\": [\"coach_id\"]}, {\"name\": \"coaches_users_permissions_user_lnk_ifk\", \"columns\": [\"user_id\"]}, {\"name\": \"coaches_users_permissions_user_lnk_uq\", \"type\": \"unique\", \"columns\": [\"coach_id\", \"user_id\"]}], \"foreignKeys\": [{\"name\": \"coaches_users_permissions_user_lnk_fk\", \"columns\": [\"coach_id\"], \"onDelete\": \"CASCADE\", \"referencedTable\": \"coaches\", \"referencedColumns\": [\"id\"]}, {\"name\": \"coaches_users_permissions_user_lnk_ifk\", \"columns\": [\"user_id\"], \"onDelete\": \"CASCADE\", \"referencedTable\": \"up_users\", \"referencedColumns\": [\"id\"]}]}, {\"name\": \"coach_bases_coaches_lnk\", \"columns\": [{\"args\": [{\"primary\": true, \"primaryKey\": true}], \"name\": \"id\", \"type\": \"increments\", \"unsigned\": false, \"defaultTo\": null, \"notNullable\": true}, {\"args\": [], \"name\": \"coach_base_id\", \"type\": \"integer\", \"unsigned\": true, \"defaultTo\": null, \"notNullable\": false}, {\"args\": [], \"name\": \"coach_id\", \"type\": \"integer\", \"unsigned\": true, \"defaultTo\": null, \"notNullable\": false}, {\"args\": [], \"name\": \"coach_ord\", \"type\": \"double\", \"unsigned\": true, \"defaultTo\": null, \"notNullable\": false}], \"indexes\": [{\"name\": \"coach_bases_coaches_lnk_fk\", \"columns\": [\"coach_base_id\"]}, {\"name\": \"coach_bases_coaches_lnk_ifk\", \"columns\": [\"coach_id\"]}, {\"name\": \"coach_bases_coaches_lnk_uq\", \"type\": \"unique\", \"columns\": [\"coach_base_id\", \"coach_id\"]}, {\"name\": \"coach_bases_coaches_lnk_ofk\", \"columns\": [\"coach_ord\"]}], \"foreignKeys\": [{\"name\": \"coach_bases_coaches_lnk_fk\", \"columns\": [\"coach_base_id\"], \"onDelete\": \"CASCADE\", \"referencedTable\": \"coach_bases\", \"referencedColumns\": [\"id\"]}, {\"name\": \"coach_bases_coaches_lnk_ifk\", \"columns\": [\"coach_id\"], \"onDelete\": \"CASCADE\", \"referencedTable\": \"coaches\", \"referencedColumns\": [\"id\"]}]}, {\"name\": \"coach_bases_events_lnk\", \"columns\": [{\"args\": [{\"primary\": true, \"primaryKey\": true}], \"name\": \"id\", \"type\": \"increments\", \"unsigned\": false, \"defaultTo\": null, \"notNullable\": true}, {\"args\": [], \"name\": \"coach_base_id\", \"type\": \"integer\", \"unsigned\": true, \"defaultTo\": null, \"notNullable\": false}, {\"args\": [], \"name\": \"event_id\", \"type\": \"integer\", \"unsigned\": true, \"defaultTo\": null, \"notNullable\": false}, {\"args\": [], \"name\": \"event_ord\", \"type\": \"double\", \"unsigned\": true, \"defaultTo\": null, \"notNullable\": false}], \"indexes\": [{\"name\": \"coach_bases_events_lnk_fk\", \"columns\": [\"coach_base_id\"]}, {\"name\": \"coach_bases_events_lnk_ifk\", \"columns\": [\"event_id\"]}, {\"name\": \"coach_bases_events_lnk_uq\", \"type\": \"unique\", \"columns\": [\"coach_base_id\", \"event_id\"]}, {\"name\": \"coach_bases_events_lnk_ofk\", \"columns\": [\"event_ord\"]}], \"foreignKeys\": [{\"name\": \"coach_bases_events_lnk_fk\", \"columns\": [\"coach_base_id\"], \"onDelete\": \"CASCADE\", \"referencedTable\": \"coach_bases\", \"referencedColumns\": [\"id\"]}, {\"name\": \"coach_bases_events_lnk_ifk\", \"columns\": [\"event_id\"], \"onDelete\": \"CASCADE\", \"referencedTable\": \"events\", \"referencedColumns\": [\"id\"]}]}, {\"name\": \"coach_bases_students_lnk\", \"columns\": [{\"args\": [{\"primary\": true, \"primaryKey\": true}], \"name\": \"id\", \"type\": \"increments\", \"unsigned\": false, \"defaultTo\": null, \"notNullable\": true}, {\"args\": [], \"name\": \"coach_base_id\", \"type\": \"integer\", \"unsigned\": true, \"defaultTo\": null, \"notNullable\": false}, {\"args\": [], \"name\": \"student_id\", \"type\": \"integer\", \"unsigned\": true, \"defaultTo\": null, \"notNullable\": false}, {\"args\": [], \"name\": \"student_ord\", \"type\": \"double\", \"unsigned\": true, \"defaultTo\": null, \"notNullable\": false}], \"indexes\": [{\"name\": \"coach_bases_students_lnk_fk\", \"columns\": [\"coach_base_id\"]}, {\"name\": \"coach_bases_students_lnk_ifk\", \"columns\": [\"student_id\"]}, {\"name\": \"coach_bases_students_lnk_uq\", \"type\": \"unique\", \"columns\": [\"coach_base_id\", \"student_id\"]}, {\"name\": \"coach_bases_students_lnk_ofk\", \"columns\": [\"student_ord\"]}], \"foreignKeys\": [{\"name\": \"coach_bases_students_lnk_fk\", \"columns\": [\"coach_base_id\"], \"onDelete\": \"CASCADE\", \"referencedTable\": \"coach_bases\", \"referencedColumns\": [\"id\"]}, {\"name\": \"coach_bases_students_lnk_ifk\", \"columns\": [\"student_id\"], \"onDelete\": \"CASCADE\", \"referencedTable\": \"students\", \"referencedColumns\": [\"id\"]}]}, {\"name\": \"events_coaches_lnk\", \"columns\": [{\"args\": [{\"primary\": true, \"primaryKey\": true}], \"name\": \"id\", \"type\": \"increments\", \"unsigned\": false, \"defaultTo\": null, \"notNullable\": true}, {\"args\": [], \"name\": \"event_id\", \"type\": \"integer\", \"unsigned\": true, \"defaultTo\": null, \"notNullable\": false}, {\"args\": [], \"name\": \"coach_id\", \"type\": \"integer\", \"unsigned\": true, \"defaultTo\": null, \"notNullable\": false}, {\"args\": [], \"name\": \"coach_ord\", \"type\": \"double\", \"unsigned\": true, \"defaultTo\": null, \"notNullable\": false}, {\"args\": [], \"name\": \"event_ord\", \"type\": \"double\", \"unsigned\": true, \"defaultTo\": null, \"notNullable\": false}], \"indexes\": [{\"name\": \"events_coaches_lnk_fk\", \"columns\": [\"event_id\"]}, {\"name\": \"events_coaches_lnk_ifk\", \"columns\": [\"coach_id\"]}, {\"name\": \"events_coaches_lnk_uq\", \"type\": \"unique\", \"columns\": [\"event_id\", \"coach_id\"]}, {\"name\": \"events_coaches_lnk_ofk\", \"columns\": [\"coach_ord\"]}, {\"name\": \"events_coaches_lnk_oifk\", \"columns\": [\"event_ord\"]}], \"foreignKeys\": [{\"name\": \"events_coaches_lnk_fk\", \"columns\": [\"event_id\"], \"onDelete\": \"CASCADE\", \"referencedTable\": \"events\", \"referencedColumns\": [\"id\"]}, {\"name\": \"events_coaches_lnk_ifk\", \"columns\": [\"coach_id\"], \"onDelete\": \"CASCADE\", \"referencedTable\": \"coaches\", \"referencedColumns\": [\"id\"]}]}, {\"name\": \"moderator_bases_disciplines_lnk\", \"columns\": [{\"args\": [{\"primary\": true, \"primaryKey\": true}], \"name\": \"id\", \"type\": \"increments\", \"unsigned\": false, \"defaultTo\": null, \"notNullable\": true}, {\"args\": [], \"name\": \"moderator_base_id\", \"type\": \"integer\", \"unsigned\": true, \"defaultTo\": null, \"notNullable\": false}, {\"args\": [], \"name\": \"discipline_id\", \"type\": \"integer\", \"unsigned\": true, \"defaultTo\": null, \"notNullable\": false}, {\"args\": [], \"name\": \"discipline_ord\", \"type\": \"double\", \"unsigned\": true, \"defaultTo\": null, \"notNullable\": false}], \"indexes\": [{\"name\": \"moderator_bases_disciplines_lnk_fk\", \"columns\": [\"moderator_base_id\"]}, {\"name\": \"moderator_bases_disciplines_lnk_ifk\", \"columns\": [\"discipline_id\"]}, {\"name\": \"moderator_bases_disciplines_lnk_uq\", \"type\": \"unique\", \"columns\": [\"moderator_base_id\", \"discipline_id\"]}, {\"name\": \"moderator_bases_disciplines_lnk_ofk\", \"columns\": [\"discipline_ord\"]}], \"foreignKeys\": [{\"name\": \"moderator_bases_disciplines_lnk_fk\", \"columns\": [\"moderator_base_id\"], \"onDelete\": \"CASCADE\", \"referencedTable\": \"moderator_bases\", \"referencedColumns\": [\"id\"]}, {\"name\": \"moderator_bases_disciplines_lnk_ifk\", \"columns\": [\"discipline_id\"], \"onDelete\": \"CASCADE\", \"referencedTable\": \"disciplines\", \"referencedColumns\": [\"id\"]}]}, {\"name\": \"students_coach_lnk\", \"columns\": [{\"args\": [{\"primary\": true, \"primaryKey\": true}], \"name\": \"id\", \"type\": \"increments\", \"unsigned\": false, \"defaultTo\": null, \"notNullable\": true}, {\"args\": [], \"name\": \"student_id\", \"type\": \"integer\", \"unsigned\": true, \"defaultTo\": null, \"notNullable\": false}, {\"args\": [], \"name\": \"coach_id\", \"type\": \"integer\", \"unsigned\": true, \"defaultTo\": null, \"notNullable\": false}, {\"args\": [], \"name\": \"student_ord\", \"type\": \"double\", \"unsigned\": true, \"defaultTo\": null, \"notNullable\": false}], \"indexes\": [{\"name\": \"students_coach_lnk_fk\", \"columns\": [\"student_id\"]}, {\"name\": \"students_coach_lnk_ifk\", \"columns\": [\"coach_id\"]}, {\"name\": \"students_coach_lnk_uq\", \"type\": \"unique\", \"columns\": [\"student_id\", \"coach_id\"]}, {\"name\": \"students_coach_lnk_oifk\", \"columns\": [\"student_ord\"]}], \"foreignKeys\": [{\"name\": \"students_coach_lnk_fk\", \"columns\": [\"student_id\"], \"onDelete\": \"CASCADE\", \"referencedTable\": \"students\", \"referencedColumns\": [\"id\"]}, {\"name\": \"students_coach_lnk_ifk\", \"columns\": [\"coach_id\"], \"onDelete\": \"CASCADE\", \"referencedTable\": \"coaches\", \"referencedColumns\": [\"id\"]}]}, {\"name\": \"students_discipline_lnk\", \"columns\": [{\"args\": [{\"primary\": true, \"primaryKey\": true}], \"name\": \"id\", \"type\": \"increments\", \"unsigned\": false, \"defaultTo\": null, \"notNullable\": true}, {\"args\": [], \"name\": \"student_id\", \"type\": \"integer\", \"unsigned\": true, \"defaultTo\": null, \"notNullable\": false}, {\"args\": [], \"name\": \"discipline_id\", \"type\": \"integer\", \"unsigned\": true, \"defaultTo\": null, \"notNullable\": false}, {\"args\": [], \"name\": \"student_ord\", \"type\": \"double\", \"unsigned\": true, \"defaultTo\": null, \"notNullable\": false}], \"indexes\": [{\"name\": \"students_discipline_lnk_fk\", \"columns\": [\"student_id\"]}, {\"name\": \"students_discipline_lnk_ifk\", \"columns\": [\"discipline_id\"]}, {\"name\": \"students_discipline_lnk_uq\", \"type\": \"unique\", \"columns\": [\"student_id\", \"discipline_id\"]}, {\"name\": \"students_discipline_lnk_oifk\", \"columns\": [\"student_ord\"]}], \"foreignKeys\": [{\"name\": \"students_discipline_lnk_fk\", \"columns\": [\"student_id\"], \"onDelete\": \"CASCADE\", \"referencedTable\": \"students\", \"referencedColumns\": [\"id\"]}, {\"name\": \"students_discipline_lnk_ifk\", \"columns\": [\"discipline_id\"], \"onDelete\": \"CASCADE\", \"referencedTable\": \"disciplines\", \"referencedColumns\": [\"id\"]}]}, {\"name\": \"admin_permissions_role_lnk\", \"columns\": [{\"args\": [{\"primary\": true, \"primaryKey\": true}], \"name\": \"id\", \"type\": \"increments\", \"unsigned\": false, \"defaultTo\": null, \"notNullable\": true}, {\"args\": [], \"name\": \"permission_id\", \"type\": \"integer\", \"unsigned\": true, \"defaultTo\": null, \"notNullable\": false}, {\"args\": [], \"name\": \"role_id\", \"type\": \"integer\", \"unsigned\": true, \"defaultTo\": null, \"notNullable\": false}, {\"args\": [], \"name\": \"permission_ord\", \"type\": \"double\", \"unsigned\": true, \"defaultTo\": null, \"notNullable\": false}], \"indexes\": [{\"name\": \"admin_permissions_role_lnk_fk\", \"columns\": [\"permission_id\"]}, {\"name\": \"admin_permissions_role_lnk_ifk\", \"columns\": [\"role_id\"]}, {\"name\": \"admin_permissions_role_lnk_uq\", \"type\": \"unique\", \"columns\": [\"permission_id\", \"role_id\"]}, {\"name\": \"admin_permissions_role_lnk_oifk\", \"columns\": [\"permission_ord\"]}], \"foreignKeys\": [{\"name\": \"admin_permissions_role_lnk_fk\", \"columns\": [\"permission_id\"], \"onDelete\": \"CASCADE\", \"referencedTable\": \"admin_permissions\", \"referencedColumns\": [\"id\"]}, {\"name\": \"admin_permissions_role_lnk_ifk\", \"columns\": [\"role_id\"], \"onDelete\": \"CASCADE\", \"referencedTable\": \"admin_roles\", \"referencedColumns\": [\"id\"]}]}, {\"name\": \"admin_users_roles_lnk\", \"columns\": [{\"args\": [{\"primary\": true, \"primaryKey\": true}], \"name\": \"id\", \"type\": \"increments\", \"unsigned\": false, \"defaultTo\": null, \"notNullable\": true}, {\"args\": [], \"name\": \"user_id\", \"type\": \"integer\", \"unsigned\": true, \"defaultTo\": null, \"notNullable\": false}, {\"args\": [], \"name\": \"role_id\", \"type\": \"integer\", \"unsigned\": true, \"defaultTo\": null, \"notNullable\": false}, {\"args\": [], \"name\": \"role_ord\", \"type\": \"double\", \"unsigned\": true, \"defaultTo\": null, \"notNullable\": false}, {\"args\": [], \"name\": \"user_ord\", \"type\": \"double\", \"unsigned\": true, \"defaultTo\": null, \"notNullable\": false}], \"indexes\": [{\"name\": \"admin_users_roles_lnk_fk\", \"columns\": [\"user_id\"]}, {\"name\": \"admin_users_roles_lnk_ifk\", \"columns\": [\"role_id\"]}, {\"name\": \"admin_users_roles_lnk_uq\", \"type\": \"unique\", \"columns\": [\"user_id\", \"role_id\"]}, {\"name\": \"admin_users_roles_lnk_ofk\", \"columns\": [\"role_ord\"]}, {\"name\": \"admin_users_roles_lnk_oifk\", \"columns\": [\"user_ord\"]}], \"foreignKeys\": [{\"name\": \"admin_users_roles_lnk_fk\", \"columns\": [\"user_id\"], \"onDelete\": \"CASCADE\", \"referencedTable\": \"admin_users\", \"referencedColumns\": [\"id\"]}, {\"name\": \"admin_users_roles_lnk_ifk\", \"columns\": [\"role_id\"], \"onDelete\": \"CASCADE\", \"referencedTable\": \"admin_roles\", \"referencedColumns\": [\"id\"]}]}, {\"name\": \"strapi_api_token_permissions_token_lnk\", \"columns\": [{\"args\": [{\"primary\": true, \"primaryKey\": true}], \"name\": \"id\", \"type\": \"increments\", \"unsigned\": false, \"defaultTo\": null, \"notNullable\": true}, {\"args\": [], \"name\": \"api_token_permission_id\", \"type\": \"integer\", \"unsigned\": true, \"defaultTo\": null, \"notNullable\": false}, {\"args\": [], \"name\": \"api_token_id\", \"type\": \"integer\", \"unsigned\": true, \"defaultTo\": null, \"notNullable\": false}, {\"args\": [], \"name\": \"api_token_permission_ord\", \"type\": \"double\", \"unsigned\": true, \"defaultTo\": null, \"notNullable\": false}], \"indexes\": [{\"name\": \"strapi_api_token_permissions_token_lnk_fk\", \"columns\": [\"api_token_permission_id\"]}, {\"name\": \"strapi_api_token_permissions_token_lnk_ifk\", \"columns\": [\"api_token_id\"]}, {\"name\": \"strapi_api_token_permissions_token_lnk_uq\", \"type\": \"unique\", \"columns\": [\"api_token_permission_id\", \"api_token_id\"]}, {\"name\": \"strapi_api_token_permissions_token_lnk_oifk\", \"columns\": [\"api_token_permission_ord\"]}], \"foreignKeys\": [{\"name\": \"strapi_api_token_permissions_token_lnk_fk\", \"columns\": [\"api_token_permission_id\"], \"onDelete\": \"CASCADE\", \"referencedTable\": \"strapi_api_token_permissions\", \"referencedColumns\": [\"id\"]}, {\"name\": \"strapi_api_token_permissions_token_lnk_ifk\", \"columns\": [\"api_token_id\"], \"onDelete\": \"CASCADE\", \"referencedTable\": \"strapi_api_tokens\", \"referencedColumns\": [\"id\"]}]}, {\"name\": \"strapi_transfer_token_permissions_token_lnk\", \"columns\": [{\"args\": [{\"primary\": true, \"primaryKey\": true}], \"name\": \"id\", \"type\": \"increments\", \"unsigned\": false, \"defaultTo\": null, \"notNullable\": true}, {\"args\": [], \"name\": \"transfer_token_permission_id\", \"type\": \"integer\", \"unsigned\": true, \"defaultTo\": null, \"notNullable\": false}, {\"args\": [], \"name\": \"transfer_token_id\", \"type\": \"integer\", \"unsigned\": true, \"defaultTo\": null, \"notNullable\": false}, {\"args\": [], \"name\": \"transfer_token_permission_ord\", \"type\": \"double\", \"unsigned\": true, \"defaultTo\": null, \"notNullable\": false}], \"indexes\": [{\"name\": \"strapi_transfer_token_permissions_token_lnk_fk\", \"columns\": [\"transfer_token_permission_id\"]}, {\"name\": \"strapi_transfer_token_permissions_token_lnk_ifk\", \"columns\": [\"transfer_token_id\"]}, {\"name\": \"strapi_transfer_token_permissions_token_lnk_uq\", \"type\": \"unique\", \"columns\": [\"transfer_token_permission_id\", \"transfer_token_id\"]}, {\"name\": \"strapi_transfer_token_permissions_token_lnk_oifk\", \"columns\": [\"transfer_token_permission_ord\"]}], \"foreignKeys\": [{\"name\": \"strapi_transfer_token_permissions_token_lnk_fk\", \"columns\": [\"transfer_token_permission_id\"], \"onDelete\": \"CASCADE\", \"referencedTable\": \"strapi_transfer_token_permissions\", \"referencedColumns\": [\"id\"]}, {\"name\": \"strapi_transfer_token_permissions_token_lnk_ifk\", \"columns\": [\"transfer_token_id\"], \"onDelete\": \"CASCADE\", \"referencedTable\": \"strapi_transfer_tokens\", \"referencedColumns\": [\"id\"]}]}]}','2026-03-19 13:00:41','791e5243635a48f344bbeea0f69e0c2bfe58bf2e203a9c27fa899ac6f9834f5e');
/*!40000 ALTER TABLE `strapi_database_schema` ENABLE KEYS */;
UNLOCK TABLES;

--
-- Table structure for table `strapi_history_versions`
--

DROP TABLE IF EXISTS `strapi_history_versions`;
/*!40101 SET @saved_cs_client     = @@character_set_client */;
/*!50503 SET character_set_client = utf8mb4 */;
CREATE TABLE `strapi_history_versions` (
  `id` int unsigned NOT NULL AUTO_INCREMENT,
  `content_type` varchar(255) NOT NULL,
  `related_document_id` varchar(255) DEFAULT NULL,
  `locale` varchar(255) DEFAULT NULL,
  `status` varchar(255) DEFAULT NULL,
  `data` json DEFAULT NULL,
  `schema` json DEFAULT NULL,
  `created_at` datetime(6) DEFAULT NULL,
  `created_by_id` int unsigned DEFAULT NULL,
  PRIMARY KEY (`id`),
  KEY `strapi_history_versions_created_by_id_fk` (`created_by_id`),
  CONSTRAINT `strapi_history_versions_created_by_id_fk` FOREIGN KEY (`created_by_id`) REFERENCES `admin_users` (`id`) ON DELETE SET NULL
) ENGINE=InnoDB DEFAULT CHARSET=utf8mb4 COLLATE=utf8mb4_0900_ai_ci;
/*!40101 SET character_set_client = @saved_cs_client */;

--
-- Dumping data for table `strapi_history_versions`
--

LOCK TABLES `strapi_history_versions` WRITE;
/*!40000 ALTER TABLE `strapi_history_versions` DISABLE KEYS */;
/*!40000 ALTER TABLE `strapi_history_versions` ENABLE KEYS */;
UNLOCK TABLES;

--
-- Table structure for table `strapi_migrations`
--

DROP TABLE IF EXISTS `strapi_migrations`;
/*!40101 SET @saved_cs_client     = @@character_set_client */;
/*!50503 SET character_set_client = utf8mb4 */;
CREATE TABLE `strapi_migrations` (
  `id` int unsigned NOT NULL AUTO_INCREMENT,
  `name` varchar(255) DEFAULT NULL,
  `time` datetime DEFAULT NULL,
  PRIMARY KEY (`id`)
) ENGINE=InnoDB DEFAULT CHARSET=utf8mb4 COLLATE=utf8mb4_0900_ai_ci;
/*!40101 SET character_set_client = @saved_cs_client */;

--
-- Dumping data for table `strapi_migrations`
--

LOCK TABLES `strapi_migrations` WRITE;
/*!40000 ALTER TABLE `strapi_migrations` DISABLE KEYS */;
/*!40000 ALTER TABLE `strapi_migrations` ENABLE KEYS */;
UNLOCK TABLES;

--
-- Table structure for table `strapi_migrations_internal`
--

DROP TABLE IF EXISTS `strapi_migrations_internal`;
/*!40101 SET @saved_cs_client     = @@character_set_client */;
/*!50503 SET character_set_client = utf8mb4 */;
CREATE TABLE `strapi_migrations_internal` (
  `id` int unsigned NOT NULL AUTO_INCREMENT,
  `name` varchar(255) DEFAULT NULL,
  `time` datetime DEFAULT NULL,
  PRIMARY KEY (`id`)
) ENGINE=InnoDB AUTO_INCREMENT=8 DEFAULT CHARSET=utf8mb4 COLLATE=utf8mb4_0900_ai_ci;
/*!40101 SET character_set_client = @saved_cs_client */;

--
-- Dumping data for table `strapi_migrations_internal`
--

LOCK TABLES `strapi_migrations_internal` WRITE;
/*!40000 ALTER TABLE `strapi_migrations_internal` DISABLE KEYS */;
INSERT INTO `strapi_migrations_internal` VALUES (1,'5.0.0-rename-identifiers-longer-than-max-length','2026-03-12 14:49:16'),(2,'5.0.0-02-created-document-id','2026-03-12 14:49:16'),(3,'5.0.0-03-created-locale','2026-03-12 14:49:16'),(4,'5.0.0-04-created-published-at','2026-03-12 14:49:16'),(5,'5.0.0-05-drop-slug-fields-index','2026-03-12 14:49:16'),(6,'5.0.0-06-add-document-id-indexes','2026-03-12 14:49:16'),(7,'core::5.0.0-discard-drafts','2026-03-12 14:49:16');
/*!40000 ALTER TABLE `strapi_migrations_internal` ENABLE KEYS */;
UNLOCK TABLES;

--
-- Table structure for table `strapi_release_actions`
--

DROP TABLE IF EXISTS `strapi_release_actions`;
/*!40101 SET @saved_cs_client     = @@character_set_client */;
/*!50503 SET character_set_client = utf8mb4 */;
CREATE TABLE `strapi_release_actions` (
  `id` int unsigned NOT NULL AUTO_INCREMENT,
  `document_id` varchar(255) DEFAULT NULL,
  `type` varchar(255) DEFAULT NULL,
  `content_type` varchar(255) DEFAULT NULL,
  `entry_document_id` varchar(255) DEFAULT NULL,
  `locale` varchar(255) DEFAULT NULL,
  `is_entry_valid` tinyint(1) DEFAULT NULL,
  `created_at` datetime(6) DEFAULT NULL,
  `updated_at` datetime(6) DEFAULT NULL,
  `published_at` datetime(6) DEFAULT NULL,
  `created_by_id` int unsigned DEFAULT NULL,
  `updated_by_id` int unsigned DEFAULT NULL,
  PRIMARY KEY (`id`),
  KEY `strapi_release_actions_documents_idx` (`document_id`,`locale`,`published_at`),
  KEY `strapi_release_actions_created_by_id_fk` (`created_by_id`),
  KEY `strapi_release_actions_updated_by_id_fk` (`updated_by_id`),
  CONSTRAINT `strapi_release_actions_created_by_id_fk` FOREIGN KEY (`created_by_id`) REFERENCES `admin_users` (`id`) ON DELETE SET NULL,
  CONSTRAINT `strapi_release_actions_updated_by_id_fk` FOREIGN KEY (`updated_by_id`) REFERENCES `admin_users` (`id`) ON DELETE SET NULL
) ENGINE=InnoDB DEFAULT CHARSET=utf8mb4 COLLATE=utf8mb4_0900_ai_ci;
/*!40101 SET character_set_client = @saved_cs_client */;

--
-- Dumping data for table `strapi_release_actions`
--

LOCK TABLES `strapi_release_actions` WRITE;
/*!40000 ALTER TABLE `strapi_release_actions` DISABLE KEYS */;
/*!40000 ALTER TABLE `strapi_release_actions` ENABLE KEYS */;
UNLOCK TABLES;

--
-- Table structure for table `strapi_release_actions_release_lnk`
--

DROP TABLE IF EXISTS `strapi_release_actions_release_lnk`;
/*!40101 SET @saved_cs_client     = @@character_set_client */;
/*!50503 SET character_set_client = utf8mb4 */;
CREATE TABLE `strapi_release_actions_release_lnk` (
  `id` int unsigned NOT NULL AUTO_INCREMENT,
  `release_action_id` int unsigned DEFAULT NULL,
  `release_id` int unsigned DEFAULT NULL,
  `release_action_ord` double unsigned DEFAULT NULL,
  PRIMARY KEY (`id`),
  UNIQUE KEY `strapi_release_actions_release_lnk_uq` (`release_action_id`,`release_id`),
  KEY `strapi_release_actions_release_lnk_fk` (`release_action_id`),
  KEY `strapi_release_actions_release_lnk_ifk` (`release_id`),
  KEY `strapi_release_actions_release_lnk_oifk` (`release_action_ord`),
  CONSTRAINT `strapi_release_actions_release_lnk_fk` FOREIGN KEY (`release_action_id`) REFERENCES `strapi_release_actions` (`id`) ON DELETE CASCADE,
  CONSTRAINT `strapi_release_actions_release_lnk_ifk` FOREIGN KEY (`release_id`) REFERENCES `strapi_releases` (`id`) ON DELETE CASCADE
) ENGINE=InnoDB DEFAULT CHARSET=utf8mb4 COLLATE=utf8mb4_0900_ai_ci;
/*!40101 SET character_set_client = @saved_cs_client */;

--
-- Dumping data for table `strapi_release_actions_release_lnk`
--

LOCK TABLES `strapi_release_actions_release_lnk` WRITE;
/*!40000 ALTER TABLE `strapi_release_actions_release_lnk` DISABLE KEYS */;
/*!40000 ALTER TABLE `strapi_release_actions_release_lnk` ENABLE KEYS */;
UNLOCK TABLES;

--
-- Table structure for table `strapi_releases`
--

DROP TABLE IF EXISTS `strapi_releases`;
/*!40101 SET @saved_cs_client     = @@character_set_client */;
/*!50503 SET character_set_client = utf8mb4 */;
CREATE TABLE `strapi_releases` (
  `id` int unsigned NOT NULL AUTO_INCREMENT,
  `document_id` varchar(255) DEFAULT NULL,
  `name` varchar(255) DEFAULT NULL,
  `released_at` datetime(6) DEFAULT NULL,
  `scheduled_at` datetime(6) DEFAULT NULL,
  `timezone` varchar(255) DEFAULT NULL,
  `status` varchar(255) DEFAULT NULL,
  `created_at` datetime(6) DEFAULT NULL,
  `updated_at` datetime(6) DEFAULT NULL,
  `published_at` datetime(6) DEFAULT NULL,
  `created_by_id` int unsigned DEFAULT NULL,
  `updated_by_id` int unsigned DEFAULT NULL,
  `locale` varchar(255) DEFAULT NULL,
  PRIMARY KEY (`id`),
  KEY `strapi_releases_documents_idx` (`document_id`,`locale`,`published_at`),
  KEY `strapi_releases_created_by_id_fk` (`created_by_id`),
  KEY `strapi_releases_updated_by_id_fk` (`updated_by_id`),
  CONSTRAINT `strapi_releases_created_by_id_fk` FOREIGN KEY (`created_by_id`) REFERENCES `admin_users` (`id`) ON DELETE SET NULL,
  CONSTRAINT `strapi_releases_updated_by_id_fk` FOREIGN KEY (`updated_by_id`) REFERENCES `admin_users` (`id`) ON DELETE SET NULL
) ENGINE=InnoDB DEFAULT CHARSET=utf8mb4 COLLATE=utf8mb4_0900_ai_ci;
/*!40101 SET character_set_client = @saved_cs_client */;

--
-- Dumping data for table `strapi_releases`
--

LOCK TABLES `strapi_releases` WRITE;
/*!40000 ALTER TABLE `strapi_releases` DISABLE KEYS */;
/*!40000 ALTER TABLE `strapi_releases` ENABLE KEYS */;
UNLOCK TABLES;

--
-- Table structure for table `strapi_sessions`
--

DROP TABLE IF EXISTS `strapi_sessions`;
/*!40101 SET @saved_cs_client     = @@character_set_client */;
/*!50503 SET character_set_client = utf8mb4 */;
CREATE TABLE `strapi_sessions` (
  `id` int unsigned NOT NULL AUTO_INCREMENT,
  `document_id` varchar(255) DEFAULT NULL,
  `user_id` varchar(255) DEFAULT NULL,
  `session_id` varchar(255) DEFAULT NULL,
  `child_id` varchar(255) DEFAULT NULL,
  `device_id` varchar(255) DEFAULT NULL,
  `origin` varchar(255) DEFAULT NULL,
  `expires_at` datetime(6) DEFAULT NULL,
  `absolute_expires_at` datetime(6) DEFAULT NULL,
  `status` varchar(255) DEFAULT NULL,
  `type` varchar(255) DEFAULT NULL,
  `created_at` datetime(6) DEFAULT NULL,
  `updated_at` datetime(6) DEFAULT NULL,
  `published_at` datetime(6) DEFAULT NULL,
  `created_by_id` int unsigned DEFAULT NULL,
  `updated_by_id` int unsigned DEFAULT NULL,
  `locale` varchar(255) DEFAULT NULL,
  PRIMARY KEY (`id`),
  KEY `strapi_sessions_documents_idx` (`document_id`,`locale`,`published_at`),
  KEY `strapi_sessions_created_by_id_fk` (`created_by_id`),
  KEY `strapi_sessions_updated_by_id_fk` (`updated_by_id`),
  CONSTRAINT `strapi_sessions_created_by_id_fk` FOREIGN KEY (`created_by_id`) REFERENCES `admin_users` (`id`) ON DELETE SET NULL,
  CONSTRAINT `strapi_sessions_updated_by_id_fk` FOREIGN KEY (`updated_by_id`) REFERENCES `admin_users` (`id`) ON DELETE SET NULL
) ENGINE=InnoDB AUTO_INCREMENT=26 DEFAULT CHARSET=utf8mb4 COLLATE=utf8mb4_0900_ai_ci;
/*!40101 SET character_set_client = @saved_cs_client */;

--
-- Dumping data for table `strapi_sessions`
--

LOCK TABLES `strapi_sessions` WRITE;
/*!40000 ALTER TABLE `strapi_sessions` DISABLE KEYS */;
INSERT INTO `strapi_sessions` VALUES (1,'u7flzhxvdjrymn9hhmetmsuy','1','65a60164518e08852272e82a551228f9','96d1c7f2526c2f0ddd0489059dfeebbb','f28a7771-c0ab-434b-a610-a555ff7b21a2','admin','2026-03-12 16:50:00.147000','2026-04-11 14:50:00.147000','rotated','session','2026-03-12 14:50:00.147000','2026-03-12 15:57:25.035000','2026-03-12 14:50:00.147000',NULL,NULL,NULL),(2,'ck8wt568l885un3jznuli9yo','1','96d1c7f2526c2f0ddd0489059dfeebbb','1d8719ea1e130e3892b3d3b839c0adcb','f28a7771-c0ab-434b-a610-a555ff7b21a2','admin','2026-03-12 17:57:24.996000','2026-04-11 14:50:00.147000','rotated','session','2026-03-12 15:57:24.998000','2026-03-12 16:28:37.353000','2026-03-12 15:57:25.005000',NULL,NULL,NULL),(3,'oa5tvd2gc1guqd299607ckru','1','1d8719ea1e130e3892b3d3b839c0adcb','ad5da1fe47f84ad794e6c3b793d5ccca','f28a7771-c0ab-434b-a610-a555ff7b21a2','admin','2026-03-12 18:28:37.233000','2026-04-11 14:50:00.147000','rotated','session','2026-03-12 16:28:37.233000','2026-03-12 17:03:41.517000','2026-03-12 16:28:37.235000',NULL,NULL,NULL),(4,'d5rl8kt852srxds1ve2p55o8','1','ad5da1fe47f84ad794e6c3b793d5ccca',NULL,'f28a7771-c0ab-434b-a610-a555ff7b21a2','admin','2026-03-12 19:03:41.414000','2026-04-11 14:50:00.147000','active','session','2026-03-12 17:03:41.416000','2026-03-12 17:03:41.416000','2026-03-12 17:03:41.423000',NULL,NULL,NULL),(5,'rs6agks2c957dkxh0aery4ro','1','ae520171f288f8f5e8b93b83883f7347','8d98479cc985390a723fd52302e9627e','f28a7771-c0ab-434b-a610-a555ff7b21a2','admin','2026-03-27 10:45:25.614000','2026-04-12 10:45:25.614000','rotated','refresh','2026-03-13 10:45:25.615000','2026-03-13 11:19:13.991000','2026-03-13 10:45:25.616000',NULL,NULL,NULL),(6,'z3j9kdeyunxwpp761ih2wnij','1','8d98479cc985390a723fd52302e9627e','a62712b0cd04e7f8ecf1e9abfd783325','f28a7771-c0ab-434b-a610-a555ff7b21a2','admin','2026-03-27 11:19:13.953000','2026-04-12 10:45:25.614000','rotated','refresh','2026-03-13 11:19:13.954000','2026-03-13 11:52:30.518000','2026-03-13 11:19:13.960000',NULL,NULL,NULL),(7,'rh5ffyz6lpti8sa89onlh3mm','1','a62712b0cd04e7f8ecf1e9abfd783325','c2208bfcdf8ed99b08b3b712ece8d25a','f28a7771-c0ab-434b-a610-a555ff7b21a2','admin','2026-03-27 11:52:30.501000','2026-04-12 10:45:25.614000','rotated','refresh','2026-03-13 11:52:30.501000','2026-03-13 12:34:09.609000','2026-03-13 11:52:30.501000',NULL,NULL,NULL),(8,'lclmpiyeu8senzu13y2glwe4','1','c2208bfcdf8ed99b08b3b712ece8d25a','d2c236d7458b7c92d72631fe795f496a','f28a7771-c0ab-434b-a610-a555ff7b21a2','admin','2026-03-27 12:34:09.551000','2026-04-12 10:45:25.614000','rotated','refresh','2026-03-13 12:34:09.553000','2026-03-13 13:27:55.073000','2026-03-13 12:34:09.556000',NULL,NULL,NULL),(9,'emstxp3t8g90y6frj4wf30tt','1','d2c236d7458b7c92d72631fe795f496a','0ca05ad2cee4ed6631289ecef245140a','f28a7771-c0ab-434b-a610-a555ff7b21a2','admin','2026-03-27 13:27:54.988000','2026-04-12 10:45:25.614000','rotated','refresh','2026-03-13 13:27:54.991000','2026-03-13 14:16:12.739000','2026-03-13 13:27:54.995000',NULL,NULL,NULL),(10,'e2bf6vxay3qc8hxj75nehyml','1','0ca05ad2cee4ed6631289ecef245140a','4cbb4c49694789f8d85782d262e97a61','f28a7771-c0ab-434b-a610-a555ff7b21a2','admin','2026-03-27 14:16:12.643000','2026-04-12 10:45:25.614000','rotated','refresh','2026-03-13 14:16:12.648000','2026-03-13 14:48:37.781000','2026-03-13 14:16:12.652000',NULL,NULL,NULL),(11,'xrpiswtj8ji12q380xoojck0','1','4cbb4c49694789f8d85782d262e97a61','3eb77614a82bbb57c9d15b0d1e80a3f8','f28a7771-c0ab-434b-a610-a555ff7b21a2','admin','2026-03-27 14:48:37.694000','2026-04-12 10:45:25.614000','rotated','refresh','2026-03-13 14:48:37.695000','2026-03-13 16:44:28.154000','2026-03-13 14:48:37.697000',NULL,NULL,NULL),(12,'j3rcpxvjaq63p6cv39h1xzds','1','3eb77614a82bbb57c9d15b0d1e80a3f8','2ef90623cdb4c29d93cc5b8ccb11c5af','f28a7771-c0ab-434b-a610-a555ff7b21a2','admin','2026-03-27 16:44:28.109000','2026-04-12 10:45:25.614000','rotated','refresh','2026-03-13 16:44:28.114000','2026-03-13 17:38:14.233000','2026-03-13 16:44:28.120000',NULL,NULL,NULL),(13,'kyys8m3l2j0byont9lcfnfdm','1','2ef90623cdb4c29d93cc5b8ccb11c5af','531ca53d8801cbb6703bfae4b161bd67','f28a7771-c0ab-434b-a610-a555ff7b21a2','admin','2026-03-27 17:38:14.110000','2026-04-12 10:45:25.614000','rotated','refresh','2026-03-13 17:38:14.111000','2026-03-16 09:37:11.057000','2026-03-13 17:38:14.113000',NULL,NULL,NULL),(14,'r7w5hqixibyyxwx3akrc1y19','1','531ca53d8801cbb6703bfae4b161bd67','187a7a4d6898830cc9988d957dd8b997','f28a7771-c0ab-434b-a610-a555ff7b21a2','admin','2026-03-30 09:37:11.045000','2026-04-12 10:45:25.614000','rotated','refresh','2026-03-16 09:37:11.045000','2026-03-16 15:56:29.910000','2026-03-16 09:37:11.046000',NULL,NULL,NULL),(15,'l4dqwaxajh191scwjybzvrxe','1','187a7a4d6898830cc9988d957dd8b997','25e32b4b162f7242ff0285aaeb57f4ce','f28a7771-c0ab-434b-a610-a555ff7b21a2','admin','2026-03-30 15:56:29.881000','2026-04-12 10:45:25.614000','rotated','refresh','2026-03-16 15:56:29.881000','2026-03-16 17:35:08.957000','2026-03-16 15:56:29.883000',NULL,NULL,NULL),(16,'a8wyts0rcobl0pgnl3218ekd','1','25e32b4b162f7242ff0285aaeb57f4ce','c9d220676c183113d2bc74889718f0ca','f28a7771-c0ab-434b-a610-a555ff7b21a2','admin','2026-03-30 17:35:08.928000','2026-04-12 10:45:25.614000','rotated','refresh','2026-03-16 17:35:08.928000','2026-03-17 10:18:03.454000','2026-03-16 17:35:08.930000',NULL,NULL,NULL),(17,'s3fgngbn989vu1s7r6mykmxh','1','c9d220676c183113d2bc74889718f0ca','524e594b11f6fdcc430845495a1cfdbc','f28a7771-c0ab-434b-a610-a555ff7b21a2','admin','2026-03-31 10:18:03.353000','2026-04-12 10:45:25.614000','rotated','refresh','2026-03-17 10:18:03.354000','2026-03-17 14:28:33.929000','2026-03-17 10:18:03.356000',NULL,NULL,NULL),(18,'riw39dbghlruay9xqfbgfmt6','1','e0f79a6aca1df0ca6206acf6f4a37152',NULL,'f28a7771-c0ab-434b-a610-a555ff7b21a2','admin','2026-03-31 10:18:03.357000','2026-04-12 10:45:25.614000','active','refresh','2026-03-17 10:18:03.357000','2026-03-17 10:18:03.357000','2026-03-17 10:18:03.359000',NULL,NULL,NULL),(19,'vt1htwiwoc487ihnvlodv4l5','1','524e594b11f6fdcc430845495a1cfdbc','7b9385cd4b307b5c780cb823b444a11e','f28a7771-c0ab-434b-a610-a555ff7b21a2','admin','2026-03-31 14:28:33.856000','2026-04-12 10:45:25.614000','rotated','refresh','2026-03-17 14:28:33.871000','2026-03-18 10:40:48.264000','2026-03-17 14:28:33.886000',NULL,NULL,NULL),(20,'p68a87fxft62fg2fkldidtda','1','7b9385cd4b307b5c780cb823b444a11e','af7e97f2848ae876a2fbb42e7f6f740a','f28a7771-c0ab-434b-a610-a555ff7b21a2','admin','2026-04-01 10:40:48.243000','2026-04-12 10:45:25.614000','rotated','refresh','2026-03-18 10:40:48.244000','2026-03-19 09:23:43.504000','2026-03-18 10:40:48.246000',NULL,NULL,NULL),(21,'nkg4avzsbygn0qp8npmn8shz','1','af7e97f2848ae876a2fbb42e7f6f740a','db3ae4593649361348b163e22810f2e6','f28a7771-c0ab-434b-a610-a555ff7b21a2','admin','2026-04-02 09:23:43.487000','2026-04-12 10:45:25.614000','rotated','refresh','2026-03-19 09:23:43.488000','2026-03-19 13:00:18.380000','2026-03-19 09:23:43.490000',NULL,NULL,NULL),(22,'a26wug5bf6ql8h2gd7cpv8d0','1','db3ae4593649361348b163e22810f2e6','c725d6a1d17eae2831a852b297efcd74','f28a7771-c0ab-434b-a610-a555ff7b21a2','admin','2026-04-02 13:00:18.232000','2026-04-12 10:45:25.614000','rotated','refresh','2026-03-19 13:00:18.239000','2026-03-19 14:38:11.745000','2026-03-19 13:00:18.243000',NULL,NULL,NULL),(23,'gc22ecjupupset4a6cvrtfqw','1','c725d6a1d17eae2831a852b297efcd74','4df39751700dc7e8641af091c5c26441','f28a7771-c0ab-434b-a610-a555ff7b21a2','admin','2026-04-02 14:38:11.581000','2026-04-12 10:45:25.614000','rotated','refresh','2026-03-19 14:38:11.581000','2026-03-19 15:36:57.338000','2026-03-19 14:38:11.600000',NULL,NULL,NULL),(24,'umdkgmu1b9a6baon42x48a79','1','4df39751700dc7e8641af091c5c26441','986f8a658018d0c34ed0022e917dec22','f28a7771-c0ab-434b-a610-a555ff7b21a2','admin','2026-04-02 15:36:57.188000','2026-04-12 10:45:25.614000','rotated','refresh','2026-03-19 15:36:57.190000','2026-03-19 16:43:36.246000','2026-03-19 15:36:57.200000',NULL,NULL,NULL),(25,'weif1vv1ui2y1obpp0p2thyy','1','986f8a658018d0c34ed0022e917dec22',NULL,'f28a7771-c0ab-434b-a610-a555ff7b21a2','admin','2026-04-02 16:43:35.981000','2026-04-12 10:45:25.614000','active','refresh','2026-03-19 16:43:35.997000','2026-03-19 16:43:35.997000','2026-03-19 16:43:36.047000',NULL,NULL,NULL);
/*!40000 ALTER TABLE `strapi_sessions` ENABLE KEYS */;
UNLOCK TABLES;

--
-- Table structure for table `strapi_transfer_token_permissions`
--

DROP TABLE IF EXISTS `strapi_transfer_token_permissions`;
/*!40101 SET @saved_cs_client     = @@character_set_client */;
/*!50503 SET character_set_client = utf8mb4 */;
CREATE TABLE `strapi_transfer_token_permissions` (
  `id` int unsigned NOT NULL AUTO_INCREMENT,
  `document_id` varchar(255) DEFAULT NULL,
  `action` varchar(255) DEFAULT NULL,
  `created_at` datetime(6) DEFAULT NULL,
  `updated_at` datetime(6) DEFAULT NULL,
  `published_at` datetime(6) DEFAULT NULL,
  `created_by_id` int unsigned DEFAULT NULL,
  `updated_by_id` int unsigned DEFAULT NULL,
  `locale` varchar(255) DEFAULT NULL,
  PRIMARY KEY (`id`),
  KEY `strapi_transfer_token_permissions_documents_idx` (`document_id`,`locale`,`published_at`),
  KEY `strapi_transfer_token_permissions_created_by_id_fk` (`created_by_id`),
  KEY `strapi_transfer_token_permissions_updated_by_id_fk` (`updated_by_id`),
  CONSTRAINT `strapi_transfer_token_permissions_created_by_id_fk` FOREIGN KEY (`created_by_id`) REFERENCES `admin_users` (`id`) ON DELETE SET NULL,
  CONSTRAINT `strapi_transfer_token_permissions_updated_by_id_fk` FOREIGN KEY (`updated_by_id`) REFERENCES `admin_users` (`id`) ON DELETE SET NULL
) ENGINE=InnoDB DEFAULT CHARSET=utf8mb4 COLLATE=utf8mb4_0900_ai_ci;
/*!40101 SET character_set_client = @saved_cs_client */;

--
-- Dumping data for table `strapi_transfer_token_permissions`
--

LOCK TABLES `strapi_transfer_token_permissions` WRITE;
/*!40000 ALTER TABLE `strapi_transfer_token_permissions` DISABLE KEYS */;
/*!40000 ALTER TABLE `strapi_transfer_token_permissions` ENABLE KEYS */;
UNLOCK TABLES;

--
-- Table structure for table `strapi_transfer_token_permissions_token_lnk`
--

DROP TABLE IF EXISTS `strapi_transfer_token_permissions_token_lnk`;
/*!40101 SET @saved_cs_client     = @@character_set_client */;
/*!50503 SET character_set_client = utf8mb4 */;
CREATE TABLE `strapi_transfer_token_permissions_token_lnk` (
  `id` int unsigned NOT NULL AUTO_INCREMENT,
  `transfer_token_permission_id` int unsigned DEFAULT NULL,
  `transfer_token_id` int unsigned DEFAULT NULL,
  `transfer_token_permission_ord` double unsigned DEFAULT NULL,
  PRIMARY KEY (`id`),
  UNIQUE KEY `strapi_transfer_token_permissions_token_lnk_uq` (`transfer_token_permission_id`,`transfer_token_id`),
  KEY `strapi_transfer_token_permissions_token_lnk_fk` (`transfer_token_permission_id`),
  KEY `strapi_transfer_token_permissions_token_lnk_ifk` (`transfer_token_id`),
  KEY `strapi_transfer_token_permissions_token_lnk_oifk` (`transfer_token_permission_ord`),
  CONSTRAINT `strapi_transfer_token_permissions_token_lnk_fk` FOREIGN KEY (`transfer_token_permission_id`) REFERENCES `strapi_transfer_token_permissions` (`id`) ON DELETE CASCADE,
  CONSTRAINT `strapi_transfer_token_permissions_token_lnk_ifk` FOREIGN KEY (`transfer_token_id`) REFERENCES `strapi_transfer_tokens` (`id`) ON DELETE CASCADE
) ENGINE=InnoDB DEFAULT CHARSET=utf8mb4 COLLATE=utf8mb4_0900_ai_ci;
/*!40101 SET character_set_client = @saved_cs_client */;

--
-- Dumping data for table `strapi_transfer_token_permissions_token_lnk`
--

LOCK TABLES `strapi_transfer_token_permissions_token_lnk` WRITE;
/*!40000 ALTER TABLE `strapi_transfer_token_permissions_token_lnk` DISABLE KEYS */;
/*!40000 ALTER TABLE `strapi_transfer_token_permissions_token_lnk` ENABLE KEYS */;
UNLOCK TABLES;

--
-- Table structure for table `strapi_transfer_tokens`
--

DROP TABLE IF EXISTS `strapi_transfer_tokens`;
/*!40101 SET @saved_cs_client     = @@character_set_client */;
/*!50503 SET character_set_client = utf8mb4 */;
CREATE TABLE `strapi_transfer_tokens` (
  `id` int unsigned NOT NULL AUTO_INCREMENT,
  `document_id` varchar(255) DEFAULT NULL,
  `name` varchar(255) DEFAULT NULL,
  `description` varchar(255) DEFAULT NULL,
  `access_key` varchar(255) DEFAULT NULL,
  `last_used_at` datetime(6) DEFAULT NULL,
  `expires_at` datetime(6) DEFAULT NULL,
  `lifespan` bigint DEFAULT NULL,
  `created_at` datetime(6) DEFAULT NULL,
  `updated_at` datetime(6) DEFAULT NULL,
  `published_at` datetime(6) DEFAULT NULL,
  `created_by_id` int unsigned DEFAULT NULL,
  `updated_by_id` int unsigned DEFAULT NULL,
  `locale` varchar(255) DEFAULT NULL,
  PRIMARY KEY (`id`),
  KEY `strapi_transfer_tokens_documents_idx` (`document_id`,`locale`,`published_at`),
  KEY `strapi_transfer_tokens_created_by_id_fk` (`created_by_id`),
  KEY `strapi_transfer_tokens_updated_by_id_fk` (`updated_by_id`),
  CONSTRAINT `strapi_transfer_tokens_created_by_id_fk` FOREIGN KEY (`created_by_id`) REFERENCES `admin_users` (`id`) ON DELETE SET NULL,
  CONSTRAINT `strapi_transfer_tokens_updated_by_id_fk` FOREIGN KEY (`updated_by_id`) REFERENCES `admin_users` (`id`) ON DELETE SET NULL
) ENGINE=InnoDB DEFAULT CHARSET=utf8mb4 COLLATE=utf8mb4_0900_ai_ci;
/*!40101 SET character_set_client = @saved_cs_client */;

--
-- Dumping data for table `strapi_transfer_tokens`
--

LOCK TABLES `strapi_transfer_tokens` WRITE;
/*!40000 ALTER TABLE `strapi_transfer_tokens` DISABLE KEYS */;
/*!40000 ALTER TABLE `strapi_transfer_tokens` ENABLE KEYS */;
UNLOCK TABLES;

--
-- Table structure for table `strapi_webhooks`
--

DROP TABLE IF EXISTS `strapi_webhooks`;
/*!40101 SET @saved_cs_client     = @@character_set_client */;
/*!50503 SET character_set_client = utf8mb4 */;
CREATE TABLE `strapi_webhooks` (
  `id` int unsigned NOT NULL AUTO_INCREMENT,
  `name` varchar(255) DEFAULT NULL,
  `url` longtext,
  `headers` json DEFAULT NULL,
  `events` json DEFAULT NULL,
  `enabled` tinyint(1) DEFAULT NULL,
  PRIMARY KEY (`id`)
) ENGINE=InnoDB DEFAULT CHARSET=utf8mb4 COLLATE=utf8mb4_0900_ai_ci;
/*!40101 SET character_set_client = @saved_cs_client */;

--
-- Dumping data for table `strapi_webhooks`
--

LOCK TABLES `strapi_webhooks` WRITE;
/*!40000 ALTER TABLE `strapi_webhooks` DISABLE KEYS */;
/*!40000 ALTER TABLE `strapi_webhooks` ENABLE KEYS */;
UNLOCK TABLES;

--
-- Table structure for table `strapi_workflows`
--

DROP TABLE IF EXISTS `strapi_workflows`;
/*!40101 SET @saved_cs_client     = @@character_set_client */;
/*!50503 SET character_set_client = utf8mb4 */;
CREATE TABLE `strapi_workflows` (
  `id` int unsigned NOT NULL AUTO_INCREMENT,
  `document_id` varchar(255) DEFAULT NULL,
  `name` varchar(255) DEFAULT NULL,
  `content_types` json DEFAULT NULL,
  `created_at` datetime(6) DEFAULT NULL,
  `updated_at` datetime(6) DEFAULT NULL,
  `published_at` datetime(6) DEFAULT NULL,
  `created_by_id` int unsigned DEFAULT NULL,
  `updated_by_id` int unsigned DEFAULT NULL,
  `locale` varchar(255) DEFAULT NULL,
  PRIMARY KEY (`id`),
  KEY `strapi_workflows_documents_idx` (`document_id`,`locale`,`published_at`),
  KEY `strapi_workflows_created_by_id_fk` (`created_by_id`),
  KEY `strapi_workflows_updated_by_id_fk` (`updated_by_id`),
  CONSTRAINT `strapi_workflows_created_by_id_fk` FOREIGN KEY (`created_by_id`) REFERENCES `admin_users` (`id`) ON DELETE SET NULL,
  CONSTRAINT `strapi_workflows_updated_by_id_fk` FOREIGN KEY (`updated_by_id`) REFERENCES `admin_users` (`id`) ON DELETE SET NULL
) ENGINE=InnoDB DEFAULT CHARSET=utf8mb4 COLLATE=utf8mb4_0900_ai_ci;
/*!40101 SET character_set_client = @saved_cs_client */;

--
-- Dumping data for table `strapi_workflows`
--

LOCK TABLES `strapi_workflows` WRITE;
/*!40000 ALTER TABLE `strapi_workflows` DISABLE KEYS */;
/*!40000 ALTER TABLE `strapi_workflows` ENABLE KEYS */;
UNLOCK TABLES;

--
-- Table structure for table `strapi_workflows_stage_required_to_publish_lnk`
--

DROP TABLE IF EXISTS `strapi_workflows_stage_required_to_publish_lnk`;
/*!40101 SET @saved_cs_client     = @@character_set_client */;
/*!50503 SET character_set_client = utf8mb4 */;
CREATE TABLE `strapi_workflows_stage_required_to_publish_lnk` (
  `id` int unsigned NOT NULL AUTO_INCREMENT,
  `workflow_id` int unsigned DEFAULT NULL,
  `workflow_stage_id` int unsigned DEFAULT NULL,
  PRIMARY KEY (`id`),
  UNIQUE KEY `strapi_workflows_stage_required_to_publish_lnk_uq` (`workflow_id`,`workflow_stage_id`),
  KEY `strapi_workflows_stage_required_to_publish_lnk_fk` (`workflow_id`),
  KEY `strapi_workflows_stage_required_to_publish_lnk_ifk` (`workflow_stage_id`),
  CONSTRAINT `strapi_workflows_stage_required_to_publish_lnk_fk` FOREIGN KEY (`workflow_id`) REFERENCES `strapi_workflows` (`id`) ON DELETE CASCADE,
  CONSTRAINT `strapi_workflows_stage_required_to_publish_lnk_ifk` FOREIGN KEY (`workflow_stage_id`) REFERENCES `strapi_workflows_stages` (`id`) ON DELETE CASCADE
) ENGINE=InnoDB DEFAULT CHARSET=utf8mb4 COLLATE=utf8mb4_0900_ai_ci;
/*!40101 SET character_set_client = @saved_cs_client */;

--
-- Dumping data for table `strapi_workflows_stage_required_to_publish_lnk`
--

LOCK TABLES `strapi_workflows_stage_required_to_publish_lnk` WRITE;
/*!40000 ALTER TABLE `strapi_workflows_stage_required_to_publish_lnk` DISABLE KEYS */;
/*!40000 ALTER TABLE `strapi_workflows_stage_required_to_publish_lnk` ENABLE KEYS */;
UNLOCK TABLES;

--
-- Table structure for table `strapi_workflows_stages`
--

DROP TABLE IF EXISTS `strapi_workflows_stages`;
/*!40101 SET @saved_cs_client     = @@character_set_client */;
/*!50503 SET character_set_client = utf8mb4 */;
CREATE TABLE `strapi_workflows_stages` (
  `id` int unsigned NOT NULL AUTO_INCREMENT,
  `document_id` varchar(255) DEFAULT NULL,
  `name` varchar(255) DEFAULT NULL,
  `color` varchar(255) DEFAULT NULL,
  `created_at` datetime(6) DEFAULT NULL,
  `updated_at` datetime(6) DEFAULT NULL,
  `published_at` datetime(6) DEFAULT NULL,
  `created_by_id` int unsigned DEFAULT NULL,
  `updated_by_id` int unsigned DEFAULT NULL,
  `locale` varchar(255) DEFAULT NULL,
  PRIMARY KEY (`id`),
  KEY `strapi_workflows_stages_documents_idx` (`document_id`,`locale`,`published_at`),
  KEY `strapi_workflows_stages_created_by_id_fk` (`created_by_id`),
  KEY `strapi_workflows_stages_updated_by_id_fk` (`updated_by_id`),
  CONSTRAINT `strapi_workflows_stages_created_by_id_fk` FOREIGN KEY (`created_by_id`) REFERENCES `admin_users` (`id`) ON DELETE SET NULL,
  CONSTRAINT `strapi_workflows_stages_updated_by_id_fk` FOREIGN KEY (`updated_by_id`) REFERENCES `admin_users` (`id`) ON DELETE SET NULL
) ENGINE=InnoDB DEFAULT CHARSET=utf8mb4 COLLATE=utf8mb4_0900_ai_ci;
/*!40101 SET character_set_client = @saved_cs_client */;

--
-- Dumping data for table `strapi_workflows_stages`
--

LOCK TABLES `strapi_workflows_stages` WRITE;
/*!40000 ALTER TABLE `strapi_workflows_stages` DISABLE KEYS */;
/*!40000 ALTER TABLE `strapi_workflows_stages` ENABLE KEYS */;
UNLOCK TABLES;

--
-- Table structure for table `strapi_workflows_stages_permissions_lnk`
--

DROP TABLE IF EXISTS `strapi_workflows_stages_permissions_lnk`;
/*!40101 SET @saved_cs_client     = @@character_set_client */;
/*!50503 SET character_set_client = utf8mb4 */;
CREATE TABLE `strapi_workflows_stages_permissions_lnk` (
  `id` int unsigned NOT NULL AUTO_INCREMENT,
  `workflow_stage_id` int unsigned DEFAULT NULL,
  `permission_id` int unsigned DEFAULT NULL,
  `permission_ord` double unsigned DEFAULT NULL,
  PRIMARY KEY (`id`),
  UNIQUE KEY `strapi_workflows_stages_permissions_lnk_uq` (`workflow_stage_id`,`permission_id`),
  KEY `strapi_workflows_stages_permissions_lnk_fk` (`workflow_stage_id`),
  KEY `strapi_workflows_stages_permissions_lnk_ifk` (`permission_id`),
  KEY `strapi_workflows_stages_permissions_lnk_ofk` (`permission_ord`),
  CONSTRAINT `strapi_workflows_stages_permissions_lnk_fk` FOREIGN KEY (`workflow_stage_id`) REFERENCES `strapi_workflows_stages` (`id`) ON DELETE CASCADE,
  CONSTRAINT `strapi_workflows_stages_permissions_lnk_ifk` FOREIGN KEY (`permission_id`) REFERENCES `admin_permissions` (`id`) ON DELETE CASCADE
) ENGINE=InnoDB DEFAULT CHARSET=utf8mb4 COLLATE=utf8mb4_0900_ai_ci;
/*!40101 SET character_set_client = @saved_cs_client */;

--
-- Dumping data for table `strapi_workflows_stages_permissions_lnk`
--

LOCK TABLES `strapi_workflows_stages_permissions_lnk` WRITE;
/*!40000 ALTER TABLE `strapi_workflows_stages_permissions_lnk` DISABLE KEYS */;
/*!40000 ALTER TABLE `strapi_workflows_stages_permissions_lnk` ENABLE KEYS */;
UNLOCK TABLES;

--
-- Table structure for table `strapi_workflows_stages_workflow_lnk`
--

DROP TABLE IF EXISTS `strapi_workflows_stages_workflow_lnk`;
/*!40101 SET @saved_cs_client     = @@character_set_client */;
/*!50503 SET character_set_client = utf8mb4 */;
CREATE TABLE `strapi_workflows_stages_workflow_lnk` (
  `id` int unsigned NOT NULL AUTO_INCREMENT,
  `workflow_stage_id` int unsigned DEFAULT NULL,
  `workflow_id` int unsigned DEFAULT NULL,
  `workflow_stage_ord` double unsigned DEFAULT NULL,
  PRIMARY KEY (`id`),
  UNIQUE KEY `strapi_workflows_stages_workflow_lnk_uq` (`workflow_stage_id`,`workflow_id`),
  KEY `strapi_workflows_stages_workflow_lnk_fk` (`workflow_stage_id`),
  KEY `strapi_workflows_stages_workflow_lnk_ifk` (`workflow_id`),
  KEY `strapi_workflows_stages_workflow_lnk_oifk` (`workflow_stage_ord`),
  CONSTRAINT `strapi_workflows_stages_workflow_lnk_fk` FOREIGN KEY (`workflow_stage_id`) REFERENCES `strapi_workflows_stages` (`id`) ON DELETE CASCADE,
  CONSTRAINT `strapi_workflows_stages_workflow_lnk_ifk` FOREIGN KEY (`workflow_id`) REFERENCES `strapi_workflows` (`id`) ON DELETE CASCADE
) ENGINE=InnoDB DEFAULT CHARSET=utf8mb4 COLLATE=utf8mb4_0900_ai_ci;
/*!40101 SET character_set_client = @saved_cs_client */;

--
-- Dumping data for table `strapi_workflows_stages_workflow_lnk`
--

LOCK TABLES `strapi_workflows_stages_workflow_lnk` WRITE;
/*!40000 ALTER TABLE `strapi_workflows_stages_workflow_lnk` DISABLE KEYS */;
/*!40000 ALTER TABLE `strapi_workflows_stages_workflow_lnk` ENABLE KEYS */;
UNLOCK TABLES;

--
-- Table structure for table `students`
--

DROP TABLE IF EXISTS `students`;
/*!40101 SET @saved_cs_client     = @@character_set_client */;
/*!50503 SET character_set_client = utf8mb4 */;
CREATE TABLE `students` (
  `id` int unsigned NOT NULL AUTO_INCREMENT,
  `document_id` varchar(255) DEFAULT NULL,
  `first_name` varchar(255) DEFAULT NULL,
  `last_name` varchar(255) DEFAULT NULL,
  `middle_name` varchar(255) DEFAULT NULL,
  `created_at` datetime(6) DEFAULT NULL,
  `updated_at` datetime(6) DEFAULT NULL,
  `published_at` datetime(6) DEFAULT NULL,
  `created_by_id` int unsigned DEFAULT NULL,
  `updated_by_id` int unsigned DEFAULT NULL,
  `locale` varchar(255) DEFAULT NULL,
  PRIMARY KEY (`id`),
  KEY `students_documents_idx` (`document_id`,`locale`,`published_at`),
  KEY `students_created_by_id_fk` (`created_by_id`),
  KEY `students_updated_by_id_fk` (`updated_by_id`),
  CONSTRAINT `students_created_by_id_fk` FOREIGN KEY (`created_by_id`) REFERENCES `admin_users` (`id`) ON DELETE SET NULL,
  CONSTRAINT `students_updated_by_id_fk` FOREIGN KEY (`updated_by_id`) REFERENCES `admin_users` (`id`) ON DELETE SET NULL
) ENGINE=InnoDB DEFAULT CHARSET=utf8mb4 COLLATE=utf8mb4_0900_ai_ci;
/*!40101 SET character_set_client = @saved_cs_client */;

--
-- Dumping data for table `students`
--

LOCK TABLES `students` WRITE;
/*!40000 ALTER TABLE `students` DISABLE KEYS */;
/*!40000 ALTER TABLE `students` ENABLE KEYS */;
UNLOCK TABLES;

--
-- Table structure for table `students_coach_lnk`
--

DROP TABLE IF EXISTS `students_coach_lnk`;
/*!40101 SET @saved_cs_client     = @@character_set_client */;
/*!50503 SET character_set_client = utf8mb4 */;
CREATE TABLE `students_coach_lnk` (
  `id` int unsigned NOT NULL AUTO_INCREMENT,
  `student_id` int unsigned DEFAULT NULL,
  `coach_id` int unsigned DEFAULT NULL,
  `student_ord` double unsigned DEFAULT NULL,
  PRIMARY KEY (`id`),
  UNIQUE KEY `students_coach_lnk_uq` (`student_id`,`coach_id`),
  KEY `students_coach_lnk_fk` (`student_id`),
  KEY `students_coach_lnk_ifk` (`coach_id`),
  KEY `students_coach_lnk_oifk` (`student_ord`),
  CONSTRAINT `students_coach_lnk_fk` FOREIGN KEY (`student_id`) REFERENCES `students` (`id`) ON DELETE CASCADE,
  CONSTRAINT `students_coach_lnk_ifk` FOREIGN KEY (`coach_id`) REFERENCES `coaches` (`id`) ON DELETE CASCADE
) ENGINE=InnoDB DEFAULT CHARSET=utf8mb4 COLLATE=utf8mb4_0900_ai_ci;
/*!40101 SET character_set_client = @saved_cs_client */;

--
-- Dumping data for table `students_coach_lnk`
--

LOCK TABLES `students_coach_lnk` WRITE;
/*!40000 ALTER TABLE `students_coach_lnk` DISABLE KEYS */;
/*!40000 ALTER TABLE `students_coach_lnk` ENABLE KEYS */;
UNLOCK TABLES;

--
-- Table structure for table `students_discipline_lnk`
--

DROP TABLE IF EXISTS `students_discipline_lnk`;
/*!40101 SET @saved_cs_client     = @@character_set_client */;
/*!50503 SET character_set_client = utf8mb4 */;
CREATE TABLE `students_discipline_lnk` (
  `id` int unsigned NOT NULL AUTO_INCREMENT,
  `student_id` int unsigned DEFAULT NULL,
  `discipline_id` int unsigned DEFAULT NULL,
  `student_ord` double unsigned DEFAULT NULL,
  PRIMARY KEY (`id`),
  UNIQUE KEY `students_discipline_lnk_uq` (`student_id`,`discipline_id`),
  KEY `students_discipline_lnk_fk` (`student_id`),
  KEY `students_discipline_lnk_ifk` (`discipline_id`),
  KEY `students_discipline_lnk_oifk` (`student_ord`),
  CONSTRAINT `students_discipline_lnk_fk` FOREIGN KEY (`student_id`) REFERENCES `students` (`id`) ON DELETE CASCADE,
  CONSTRAINT `students_discipline_lnk_ifk` FOREIGN KEY (`discipline_id`) REFERENCES `disciplines` (`id`) ON DELETE CASCADE
) ENGINE=InnoDB DEFAULT CHARSET=utf8mb4 COLLATE=utf8mb4_0900_ai_ci;
/*!40101 SET character_set_client = @saved_cs_client */;

--
-- Dumping data for table `students_discipline_lnk`
--

LOCK TABLES `students_discipline_lnk` WRITE;
/*!40000 ALTER TABLE `students_discipline_lnk` DISABLE KEYS */;
/*!40000 ALTER TABLE `students_discipline_lnk` ENABLE KEYS */;
UNLOCK TABLES;

--
-- Table structure for table `up_permissions`
--

DROP TABLE IF EXISTS `up_permissions`;
/*!40101 SET @saved_cs_client     = @@character_set_client */;
/*!50503 SET character_set_client = utf8mb4 */;
CREATE TABLE `up_permissions` (
  `id` int unsigned NOT NULL AUTO_INCREMENT,
  `document_id` varchar(255) DEFAULT NULL,
  `action` varchar(255) DEFAULT NULL,
  `created_at` datetime(6) DEFAULT NULL,
  `updated_at` datetime(6) DEFAULT NULL,
  `published_at` datetime(6) DEFAULT NULL,
  `created_by_id` int unsigned DEFAULT NULL,
  `updated_by_id` int unsigned DEFAULT NULL,
  `locale` varchar(255) DEFAULT NULL,
  PRIMARY KEY (`id`),
  KEY `up_permissions_documents_idx` (`document_id`,`locale`,`published_at`),
  KEY `up_permissions_created_by_id_fk` (`created_by_id`),
  KEY `up_permissions_updated_by_id_fk` (`updated_by_id`),
  CONSTRAINT `up_permissions_created_by_id_fk` FOREIGN KEY (`created_by_id`) REFERENCES `admin_users` (`id`) ON DELETE SET NULL,
  CONSTRAINT `up_permissions_updated_by_id_fk` FOREIGN KEY (`updated_by_id`) REFERENCES `admin_users` (`id`) ON DELETE SET NULL
) ENGINE=InnoDB AUTO_INCREMENT=76 DEFAULT CHARSET=utf8mb4 COLLATE=utf8mb4_0900_ai_ci;
/*!40101 SET character_set_client = @saved_cs_client */;

--
-- Dumping data for table `up_permissions`
--

LOCK TABLES `up_permissions` WRITE;
/*!40000 ALTER TABLE `up_permissions` DISABLE KEYS */;
INSERT INTO `up_permissions` VALUES (1,'i5a59umjsy29j9j2hh9aif0t','plugin::users-permissions.auth.logout','2026-03-12 14:49:25.776000','2026-03-12 14:49:25.776000','2026-03-12 14:49:25.776000',NULL,NULL,NULL),(2,'hwq8dzxwm8c6ibxkxpyca5tu','plugin::users-permissions.user.me','2026-03-12 14:49:25.776000','2026-03-12 14:49:25.776000','2026-03-12 14:49:25.777000',NULL,NULL,NULL),(3,'bks89j31cn24vzb3o1ab6god','plugin::users-permissions.auth.changePassword','2026-03-12 14:49:25.776000','2026-03-12 14:49:25.776000','2026-03-12 14:49:25.778000',NULL,NULL,NULL),(4,'qtxludp4xsj5afifyf9r7t4i','plugin::users-permissions.auth.callback','2026-03-12 14:49:25.814000','2026-03-12 14:49:25.814000','2026-03-12 14:49:25.814000',NULL,NULL,NULL),(5,'xuac68s7he0l7xk85azovbie','plugin::users-permissions.auth.connect','2026-03-12 14:49:25.814000','2026-03-12 14:49:25.814000','2026-03-12 14:49:25.814000',NULL,NULL,NULL),(6,'vz0axsm36wipzk3zzj27jp5l','plugin::users-permissions.auth.forgotPassword','2026-03-12 14:49:25.814000','2026-03-12 14:49:25.814000','2026-03-12 14:49:25.814000',NULL,NULL,NULL),(7,'hikvnd16iyjv4bcdw4lhixb8','plugin::users-permissions.auth.resetPassword','2026-03-12 14:49:25.814000','2026-03-12 14:49:25.814000','2026-03-12 14:49:25.814000',NULL,NULL,NULL),(8,'hi8qdy3fdbd6iq667ecf90fk','plugin::users-permissions.auth.register','2026-03-12 14:49:25.814000','2026-03-12 14:49:25.814000','2026-03-12 14:49:25.814000',NULL,NULL,NULL),(9,'t4ikzszue70k2dlv1q1m0otr','plugin::users-permissions.auth.emailConfirmation','2026-03-12 14:49:25.814000','2026-03-12 14:49:25.814000','2026-03-12 14:49:25.815000',NULL,NULL,NULL),(10,'f991eu72cpw85ii006m0uaka','plugin::users-permissions.auth.sendEmailConfirmation','2026-03-12 14:49:25.814000','2026-03-12 14:49:25.814000','2026-03-12 14:49:25.815000',NULL,NULL,NULL),(11,'sx9m7legjonw9gb5jbscdj1a','plugin::users-permissions.auth.refresh','2026-03-12 14:49:25.814000','2026-03-12 14:49:25.814000','2026-03-12 14:49:25.815000',NULL,NULL,NULL),(12,'x17uuy4xrqo25ai1eb2fy0j1','api::coach.coach.find','2026-03-12 16:02:45.289000','2026-03-12 16:02:45.289000','2026-03-12 16:02:45.290000',NULL,NULL,NULL),(13,'jg2lpqh7bx5lh6n7idyqohew','api::coach.coach.findOne','2026-03-12 16:02:45.289000','2026-03-12 16:02:45.289000','2026-03-12 16:02:45.290000',NULL,NULL,NULL),(14,'pu6nku76kch9rgeq411jwxrn','plugin::users-permissions.role.findOne','2026-03-12 16:29:23.024000','2026-03-12 16:29:23.024000','2026-03-12 16:29:23.024000',NULL,NULL,NULL),(15,'q3vlyxmca4pa7yckr1lh3rnv','plugin::users-permissions.role.find','2026-03-12 16:29:23.024000','2026-03-12 16:29:23.024000','2026-03-12 16:29:23.024000',NULL,NULL,NULL),(16,'b4iwcyd5mcatcy4iugzu501y','api::home.home.find','2026-03-13 11:21:18.084000','2026-03-13 11:21:18.084000','2026-03-13 11:21:18.085000',NULL,NULL,NULL),(17,'yf7ijkzevccjte1ee0qvd0ie','api::home.home.findOne','2026-03-13 11:21:18.084000','2026-03-13 11:21:18.084000','2026-03-13 11:21:18.085000',NULL,NULL,NULL),(18,'c31dti7yli2b9md8dvkbvz4s','api::header.header.find','2026-03-13 11:53:07.961000','2026-03-13 11:53:07.961000','2026-03-13 11:53:07.962000',NULL,NULL,NULL),(19,'h0ean7j891m3y1lzkegl1z8i','api::slider.slider.find','2026-03-13 11:53:58.418000','2026-03-13 11:53:58.418000','2026-03-13 11:53:58.418000',NULL,NULL,NULL),(20,'kv9wff2gl385e3y2kqm8r1z6','api::coach.coach.find','2026-03-13 12:02:09.437000','2026-03-13 12:02:09.437000','2026-03-13 12:02:09.438000',NULL,NULL,NULL),(21,'orusczyoz7hc3mr2x2q8zmzx','api::coach.coach.findOne','2026-03-13 12:02:09.437000','2026-03-13 12:02:09.437000','2026-03-13 12:02:09.438000',NULL,NULL,NULL),(22,'m2dlw7d9p563iqieebxg5nv9','plugin::users-permissions.permissions.getPermissions','2026-03-13 12:34:38.678000','2026-03-13 12:34:38.678000','2026-03-13 12:34:38.678000',NULL,NULL,NULL),(23,'egflbtxirga1mw0ob69mhapg','plugin::users-permissions.user.findOne','2026-03-13 12:34:52.543000','2026-03-13 12:34:52.543000','2026-03-13 12:34:52.543000',NULL,NULL,NULL),(25,'ek5bsghd5zd4m2o7ozthwtat','plugin::users-permissions.user.find','2026-03-13 12:38:42.654000','2026-03-13 12:38:42.654000','2026-03-13 12:38:42.655000',NULL,NULL,NULL),(26,'htdq7wdz9uvs1ge566dode46','api::discipline.discipline.find','2026-03-13 13:30:04.047000','2026-03-13 13:30:04.047000','2026-03-13 13:30:04.048000',NULL,NULL,NULL),(27,'np4wywakvtah6e8ovp3qz8eu','api::discipline.discipline.findOne','2026-03-13 13:30:04.047000','2026-03-13 13:30:04.047000','2026-03-13 13:30:04.048000',NULL,NULL,NULL),(28,'f8ja3wjs42tmokg9pusxvaod','api::student.student.find','2026-03-13 13:30:04.047000','2026-03-13 13:30:04.047000','2026-03-13 13:30:04.048000',NULL,NULL,NULL),(29,'dkw1g4fgvuikr00vkx9ck8wg','api::student.student.findOne','2026-03-13 13:30:04.047000','2026-03-13 13:30:04.047000','2026-03-13 13:30:04.048000',NULL,NULL,NULL),(30,'web6tq5k39rsb3xau0w7bnvm','api::check-in.check-in.find','2026-03-13 14:39:34.609000','2026-03-13 14:39:34.609000','2026-03-13 14:39:34.610000',NULL,NULL,NULL),(31,'zvitprhre4idbn2p4gkcgoq9','api::check-in.check-in.findOne','2026-03-13 14:39:34.609000','2026-03-13 14:39:34.609000','2026-03-13 14:39:34.610000',NULL,NULL,NULL),(32,'c8zj8ewmc007v1kb43k7uw22','api::check-in.check-in.create','2026-03-13 14:39:34.609000','2026-03-13 14:39:34.609000','2026-03-13 14:39:34.610000',NULL,NULL,NULL),(33,'iva28ww3caox7ms9nt4m8kol','api::check-in.check-in.update','2026-03-13 14:39:34.609000','2026-03-13 14:39:34.609000','2026-03-13 14:39:34.610000',NULL,NULL,NULL),(34,'t0ff6jau9m00o98r0zdn5ezh','api::check-in.check-in.delete','2026-03-13 14:39:34.609000','2026-03-13 14:39:34.609000','2026-03-13 14:39:34.611000',NULL,NULL,NULL),(35,'augvaf59x4d1m4636a3dwngn','api::coach.coach.find','2026-03-13 14:39:34.609000','2026-03-13 14:39:34.609000','2026-03-13 14:39:34.611000',NULL,NULL,NULL),(36,'hy85lvpbztlsm1b104ef4ew6','api::coach.coach.findOne','2026-03-13 14:39:34.609000','2026-03-13 14:39:34.609000','2026-03-13 14:39:34.611000',NULL,NULL,NULL),(37,'bsod21edqjtur2tgyiclrzwc','api::coach.coach.create','2026-03-13 14:39:34.609000','2026-03-13 14:39:34.609000','2026-03-13 14:39:34.611000',NULL,NULL,NULL),(38,'hpix6h57zr2wvhyzvs3a99ml','api::coach.coach.update','2026-03-13 14:39:34.609000','2026-03-13 14:39:34.609000','2026-03-13 14:39:34.611000',NULL,NULL,NULL),(39,'hovveo22o1129qarovd5g6ex','api::coach.coach.delete','2026-03-13 14:39:34.609000','2026-03-13 14:39:34.609000','2026-03-13 14:39:34.611000',NULL,NULL,NULL),(40,'li6nndghpb1j7ww0m5ocf14j','api::discipline.discipline.find','2026-03-13 14:39:34.609000','2026-03-13 14:39:34.609000','2026-03-13 14:39:34.611000',NULL,NULL,NULL),(41,'fnut4cxifnzkuiad0yg3y6pt','api::discipline.discipline.findOne','2026-03-13 14:39:34.609000','2026-03-13 14:39:34.609000','2026-03-13 14:39:34.611000',NULL,NULL,NULL),(42,'pekmnl2q3912478qs52yh615','api::discipline.discipline.create','2026-03-13 14:39:34.609000','2026-03-13 14:39:34.609000','2026-03-13 14:39:34.611000',NULL,NULL,NULL),(43,'dplh2hl0e4bqrxontcy4vvbf','api::discipline.discipline.update','2026-03-13 14:39:34.609000','2026-03-13 14:39:34.609000','2026-03-13 14:39:34.611000',NULL,NULL,NULL),(44,'fln4shiu0yo80vbiiqqypv8l','api::discipline.discipline.delete','2026-03-13 14:39:34.609000','2026-03-13 14:39:34.609000','2026-03-13 14:39:34.611000',NULL,NULL,NULL),(45,'dlxzgnt77cirkjqq05ad2pdc','api::event.event.find','2026-03-13 14:39:34.609000','2026-03-13 14:39:34.609000','2026-03-13 14:39:34.611000',NULL,NULL,NULL),(46,'q3pdh1z5yvk8i25d9tf8eoe8','api::event.event.findOne','2026-03-13 14:39:34.609000','2026-03-13 14:39:34.609000','2026-03-13 14:39:34.611000',NULL,NULL,NULL),(47,'o4emepjfhgbh6vfv2ankw3iz','api::event.event.create','2026-03-13 14:39:34.609000','2026-03-13 14:39:34.609000','2026-03-13 14:39:34.612000',NULL,NULL,NULL),(48,'mjgijcyyrr28p35ltltq3jf8','api::event.event.update','2026-03-13 14:39:34.609000','2026-03-13 14:39:34.609000','2026-03-13 14:39:34.612000',NULL,NULL,NULL),(49,'td66h6qoq8oa3z4ewrbs4nhf','api::event.event.delete','2026-03-13 14:39:34.609000','2026-03-13 14:39:34.609000','2026-03-13 14:39:34.612000',NULL,NULL,NULL),(50,'hkzyltt9l8a9gllxrw4kp9ez','api::header.header.find','2026-03-13 14:39:34.609000','2026-03-13 14:39:34.609000','2026-03-13 14:39:34.612000',NULL,NULL,NULL),(51,'ds9hcssyqhuq54ajt1t8qlec','api::header.header.update','2026-03-13 14:39:34.609000','2026-03-13 14:39:34.609000','2026-03-13 14:39:34.612000',NULL,NULL,NULL),(52,'utb59bdxbyoo84izwnz0xx96','api::header.header.delete','2026-03-13 14:39:34.609000','2026-03-13 14:39:34.609000','2026-03-13 14:39:34.612000',NULL,NULL,NULL),(53,'hwyi1kf3ce11onrb926874lw','api::home.home.find','2026-03-13 14:39:34.609000','2026-03-13 14:39:34.609000','2026-03-13 14:39:34.612000',NULL,NULL,NULL),(54,'ibx2zren32flbr88a3bv6fe5','api::home.home.findOne','2026-03-13 14:39:34.609000','2026-03-13 14:39:34.609000','2026-03-13 14:39:34.612000',NULL,NULL,NULL),(55,'wyudqp2scmliddvsginhprfl','api::moderator-base.moderator-base.find','2026-03-13 14:39:34.609000','2026-03-13 14:39:34.609000','2026-03-13 14:39:34.612000',NULL,NULL,NULL),(56,'kao0s4i7c1o08b0wr0ejo8sh','api::slider.slider.find','2026-03-13 14:39:34.609000','2026-03-13 14:39:34.609000','2026-03-13 14:39:34.612000',NULL,NULL,NULL),(57,'j810gtxtzpg8j8blqrxep9b8','api::student.student.find','2026-03-13 14:39:34.609000','2026-03-13 14:39:34.609000','2026-03-13 14:39:34.613000',NULL,NULL,NULL),(58,'dwg3hlke764oz8eq9196z5rb','api::student.student.findOne','2026-03-13 14:39:34.609000','2026-03-13 14:39:34.609000','2026-03-13 14:39:34.613000',NULL,NULL,NULL),(59,'x2fcqnfvopvmsdotttoc1m6s','api::student.student.create','2026-03-13 14:39:34.609000','2026-03-13 14:39:34.609000','2026-03-13 14:39:34.613000',NULL,NULL,NULL),(60,'k26134a9umy5kgp0howr6xyf','api::student.student.update','2026-03-13 14:39:34.609000','2026-03-13 14:39:34.609000','2026-03-13 14:39:34.613000',NULL,NULL,NULL),(61,'amq3rzdqlsfo2sb19fxboiwd','api::student.student.delete','2026-03-13 14:39:34.609000','2026-03-13 14:39:34.609000','2026-03-13 14:39:34.613000',NULL,NULL,NULL),(62,'byclhgmrkrobkhicwnfng7pn','plugin::users-permissions.auth.changePassword','2026-03-13 14:39:34.609000','2026-03-13 14:39:34.609000','2026-03-13 14:39:34.614000',NULL,NULL,NULL),(63,'du101cz6yshodn7tx1wbtog6','plugin::users-permissions.auth.resetPassword','2026-03-13 14:39:34.609000','2026-03-13 14:39:34.609000','2026-03-13 14:39:34.614000',NULL,NULL,NULL),(64,'mneq7t1nau2p30rzdec0whqx','plugin::users-permissions.auth.logout','2026-03-13 14:39:34.609000','2026-03-13 14:39:34.609000','2026-03-13 14:39:34.614000',NULL,NULL,NULL),(65,'moufezovm2mn1r9egqmjdsqv','plugin::users-permissions.user.create','2026-03-13 14:39:34.609000','2026-03-13 14:39:34.609000','2026-03-13 14:39:34.614000',NULL,NULL,NULL),(66,'ioamtbdo8hdtc3g6j34a7rxx','plugin::users-permissions.user.update','2026-03-13 14:39:34.609000','2026-03-13 14:39:34.609000','2026-03-13 14:39:34.614000',NULL,NULL,NULL),(67,'yyqmozkb1lw8mth6x4lqr1db','plugin::users-permissions.user.find','2026-03-13 14:39:34.609000','2026-03-13 14:39:34.609000','2026-03-13 14:39:34.614000',NULL,NULL,NULL),(68,'sh3y44ujkwrvedb0ypmpqgrn','plugin::users-permissions.user.findOne','2026-03-13 14:39:34.609000','2026-03-13 14:39:34.609000','2026-03-13 14:39:34.614000',NULL,NULL,NULL),(69,'uuhgrbbhnrpnn23did9ippgs','plugin::users-permissions.user.destroy','2026-03-13 14:39:34.609000','2026-03-13 14:39:34.609000','2026-03-13 14:39:34.614000',NULL,NULL,NULL),(70,'odsusil8drzb45vyh098hx9n','plugin::users-permissions.user.me','2026-03-13 14:39:34.609000','2026-03-13 14:39:34.609000','2026-03-13 14:39:34.614000',NULL,NULL,NULL),(71,'lb8en0nuq0iiec8fjwer0yif','plugin::users-permissions.role.findOne','2026-03-13 14:39:34.609000','2026-03-13 14:39:34.609000','2026-03-13 14:39:34.614000',NULL,NULL,NULL),(72,'umjvzuly1t5v1rvg67dfcrrq','plugin::users-permissions.role.find','2026-03-13 14:39:34.609000','2026-03-13 14:39:34.609000','2026-03-13 14:39:34.614000',NULL,NULL,NULL),(73,'ta8xgppcwna76x6k73e4fhef','plugin::users-permissions.role.updateRole','2026-03-13 14:39:34.609000','2026-03-13 14:39:34.609000','2026-03-13 14:39:34.614000',NULL,NULL,NULL),(75,'y34ipi7n8wq6apl4v71t4mal','api::login.login.find','2026-03-13 15:04:17.032000','2026-03-13 15:04:17.032000','2026-03-13 15:04:17.032000',NULL,NULL,NULL);
/*!40000 ALTER TABLE `up_permissions` ENABLE KEYS */;
UNLOCK TABLES;

--
-- Table structure for table `up_permissions_role_lnk`
--

DROP TABLE IF EXISTS `up_permissions_role_lnk`;
/*!40101 SET @saved_cs_client     = @@character_set_client */;
/*!50503 SET character_set_client = utf8mb4 */;
CREATE TABLE `up_permissions_role_lnk` (
  `id` int unsigned NOT NULL AUTO_INCREMENT,
  `permission_id` int unsigned DEFAULT NULL,
  `role_id` int unsigned DEFAULT NULL,
  `permission_ord` double unsigned DEFAULT NULL,
  PRIMARY KEY (`id`),
  UNIQUE KEY `up_permissions_role_lnk_uq` (`permission_id`,`role_id`),
  KEY `up_permissions_role_lnk_fk` (`permission_id`),
  KEY `up_permissions_role_lnk_ifk` (`role_id`),
  KEY `up_permissions_role_lnk_oifk` (`permission_ord`),
  CONSTRAINT `up_permissions_role_lnk_fk` FOREIGN KEY (`permission_id`) REFERENCES `up_permissions` (`id`) ON DELETE CASCADE,
  CONSTRAINT `up_permissions_role_lnk_ifk` FOREIGN KEY (`role_id`) REFERENCES `up_roles` (`id`) ON DELETE CASCADE
) ENGINE=InnoDB AUTO_INCREMENT=76 DEFAULT CHARSET=utf8mb4 COLLATE=utf8mb4_0900_ai_ci;
/*!40101 SET character_set_client = @saved_cs_client */;

--
-- Dumping data for table `up_permissions_role_lnk`
--

LOCK TABLES `up_permissions_role_lnk` WRITE;
/*!40000 ALTER TABLE `up_permissions_role_lnk` DISABLE KEYS */;
INSERT INTO `up_permissions_role_lnk` VALUES (1,2,1,1),(2,1,1,1),(3,3,1,1),(4,10,2,1),(5,8,2,1),(6,11,2,1),(7,5,2,1),(8,9,2,1),(9,4,2,1),(10,7,2,1),(11,6,2,1),(12,12,1,2),(13,13,1,2),(14,14,1,3),(15,15,1,3),(16,16,2,2),(17,17,2,2),(18,18,2,3),(19,19,2,4),(20,20,2,5),(21,21,2,5),(22,22,1,4),(23,23,1,5),(25,25,1,6),(26,26,1,7),(27,28,1,7),(28,27,1,7),(29,29,1,7),(30,30,3,1),(31,31,3,1),(32,32,3,1),(33,33,3,1),(34,37,3,1),(35,35,3,1),(36,42,3,2),(37,41,3,2),(38,36,3,2),(39,39,3,2),(40,40,3,2),(41,38,3,2),(42,34,3,2),(43,43,3,2),(44,44,3,2),(45,45,3,2),(46,46,3,3),(47,47,3,3),(48,48,3,3),(49,52,3,3),(50,54,3,3),(51,49,3,3),(52,53,3,3),(53,50,3,3),(54,51,3,3),(55,55,3,4),(56,62,3,4),(57,56,3,4),(58,59,3,4),(59,60,3,4),(60,61,3,4),(61,64,3,4),(62,58,3,4),(63,63,3,4),(64,57,3,4),(65,65,3,5),(66,67,3,5),(67,66,3,5),(68,69,3,5),(69,68,3,5),(70,70,3,5),(71,73,3,5),(72,71,3,5),(73,72,3,6),(75,75,2,6);
/*!40000 ALTER TABLE `up_permissions_role_lnk` ENABLE KEYS */;
UNLOCK TABLES;

--
-- Table structure for table `up_roles`
--

DROP TABLE IF EXISTS `up_roles`;
/*!40101 SET @saved_cs_client     = @@character_set_client */;
/*!50503 SET character_set_client = utf8mb4 */;
CREATE TABLE `up_roles` (
  `id` int unsigned NOT NULL AUTO_INCREMENT,
  `document_id` varchar(255) DEFAULT NULL,
  `name` varchar(255) DEFAULT NULL,
  `description` varchar(255) DEFAULT NULL,
  `type` varchar(255) DEFAULT NULL,
  `created_at` datetime(6) DEFAULT NULL,
  `updated_at` datetime(6) DEFAULT NULL,
  `published_at` datetime(6) DEFAULT NULL,
  `created_by_id` int unsigned DEFAULT NULL,
  `updated_by_id` int unsigned DEFAULT NULL,
  `locale` varchar(255) DEFAULT NULL,
  PRIMARY KEY (`id`),
  KEY `up_roles_documents_idx` (`document_id`,`locale`,`published_at`),
  KEY `up_roles_created_by_id_fk` (`created_by_id`),
  KEY `up_roles_updated_by_id_fk` (`updated_by_id`),
  CONSTRAINT `up_roles_created_by_id_fk` FOREIGN KEY (`created_by_id`) REFERENCES `admin_users` (`id`) ON DELETE SET NULL,
  CONSTRAINT `up_roles_updated_by_id_fk` FOREIGN KEY (`updated_by_id`) REFERENCES `admin_users` (`id`) ON DELETE SET NULL
) ENGINE=InnoDB AUTO_INCREMENT=4 DEFAULT CHARSET=utf8mb4 COLLATE=utf8mb4_0900_ai_ci;
/*!40101 SET character_set_client = @saved_cs_client */;

--
-- Dumping data for table `up_roles`
--

LOCK TABLES `up_roles` WRITE;
/*!40000 ALTER TABLE `up_roles` DISABLE KEYS */;
INSERT INTO `up_roles` VALUES (1,'ei7vnmsx5ljd4nyqp5xdw51x','Authenticated','Default role given to authenticated user.','authenticated','2026-03-12 14:49:25.748000','2026-03-13 13:30:04.006000','2026-03-12 14:49:25.748000',NULL,NULL,NULL),(2,'fongbmkhbqs9opfgcjmxdyck','Public','Default role given to unauthenticated user.','public','2026-03-12 14:49:25.757000','2026-03-13 15:04:17.019000','2026-03-12 14:49:25.758000',NULL,NULL,NULL),(3,'j3omh4etmh67w5mwp1en7s4b','Moderator','This role only for moderators','moderator','2026-03-13 14:39:34.547000','2026-03-13 14:39:34.547000','2026-03-13 14:39:34.549000',NULL,NULL,NULL);
/*!40000 ALTER TABLE `up_roles` ENABLE KEYS */;
UNLOCK TABLES;

--
-- Table structure for table `up_users`
--

DROP TABLE IF EXISTS `up_users`;
/*!40101 SET @saved_cs_client     = @@character_set_client */;
/*!50503 SET character_set_client = utf8mb4 */;
CREATE TABLE `up_users` (
  `id` int unsigned NOT NULL AUTO_INCREMENT,
  `document_id` varchar(255) DEFAULT NULL,
  `username` varchar(255) DEFAULT NULL,
  `email` varchar(255) DEFAULT NULL,
  `provider` varchar(255) DEFAULT NULL,
  `password` varchar(255) DEFAULT NULL,
  `reset_password_token` varchar(255) DEFAULT NULL,
  `confirmation_token` varchar(255) DEFAULT NULL,
  `confirmed` tinyint(1) DEFAULT NULL,
  `blocked` tinyint(1) DEFAULT NULL,
  `created_at` datetime(6) DEFAULT NULL,
  `updated_at` datetime(6) DEFAULT NULL,
  `published_at` datetime(6) DEFAULT NULL,
  `created_by_id` int unsigned DEFAULT NULL,
  `updated_by_id` int unsigned DEFAULT NULL,
  `locale` varchar(255) DEFAULT NULL,
  PRIMARY KEY (`id`),
  KEY `up_users_documents_idx` (`document_id`,`locale`,`published_at`),
  KEY `up_users_created_by_id_fk` (`created_by_id`),
  KEY `up_users_updated_by_id_fk` (`updated_by_id`),
  CONSTRAINT `up_users_created_by_id_fk` FOREIGN KEY (`created_by_id`) REFERENCES `admin_users` (`id`) ON DELETE SET NULL,
  CONSTRAINT `up_users_updated_by_id_fk` FOREIGN KEY (`updated_by_id`) REFERENCES `admin_users` (`id`) ON DELETE SET NULL
) ENGINE=InnoDB AUTO_INCREMENT=4 DEFAULT CHARSET=utf8mb4 COLLATE=utf8mb4_0900_ai_ci;
/*!40101 SET character_set_client = @saved_cs_client */;

--
-- Dumping data for table `up_users`
--

LOCK TABLES `up_users` WRITE;
/*!40000 ALTER TABLE `up_users` DISABLE KEYS */;
INSERT INTO `up_users` VALUES (1,'ie5vr6n9ly84eflwskb9foks','sergey_sedov','somemail@test.ts','local','$2a$10$d7rjGmSpb2MH/OfAANPW5edLEstKPqWddzvsDnRsfQM2nbywrk1fu',NULL,NULL,1,0,'2026-03-12 16:01:03.726000','2026-03-17 10:27:45.219000','2026-03-17 10:27:45.128000',1,1,NULL),(2,'xgiee87nvwudzy4nvep3iuyk','test_test','somema2il@test.ts','local','$2a$10$YSBJQ8YmoNCG.GcN4pa9Z./CYtqFpB4MSWCaaHp.BhjaIL07fMOb2',NULL,NULL,1,0,'2026-03-12 16:11:32.626000','2026-03-12 16:11:32.626000','2026-03-12 16:11:32.544000',1,1,NULL),(3,'saauh7o0wjjwb99vns7g89do','moderator','somem3ail@test.ts','local','$2a$10$SSo4XQuZqH6uuciutaPMZeO5cH3WJ9d73tV0emVtVFE4gpIh0MpVu',NULL,NULL,1,0,'2026-03-13 14:49:17.084000','2026-03-13 14:49:17.084000','2026-03-13 14:49:16.977000',1,1,NULL);
/*!40000 ALTER TABLE `up_users` ENABLE KEYS */;
UNLOCK TABLES;

--
-- Table structure for table `up_users_role_lnk`
--

DROP TABLE IF EXISTS `up_users_role_lnk`;
/*!40101 SET @saved_cs_client     = @@character_set_client */;
/*!50503 SET character_set_client = utf8mb4 */;
CREATE TABLE `up_users_role_lnk` (
  `id` int unsigned NOT NULL AUTO_INCREMENT,
  `user_id` int unsigned DEFAULT NULL,
  `role_id` int unsigned DEFAULT NULL,
  `user_ord` double unsigned DEFAULT NULL,
  PRIMARY KEY (`id`),
  UNIQUE KEY `up_users_role_lnk_uq` (`user_id`,`role_id`),
  KEY `up_users_role_lnk_fk` (`user_id`),
  KEY `up_users_role_lnk_ifk` (`role_id`),
  KEY `up_users_role_lnk_oifk` (`user_ord`),
  CONSTRAINT `up_users_role_lnk_fk` FOREIGN KEY (`user_id`) REFERENCES `up_users` (`id`) ON DELETE CASCADE,
  CONSTRAINT `up_users_role_lnk_ifk` FOREIGN KEY (`role_id`) REFERENCES `up_roles` (`id`) ON DELETE CASCADE
) ENGINE=InnoDB AUTO_INCREMENT=4 DEFAULT CHARSET=utf8mb4 COLLATE=utf8mb4_0900_ai_ci;
/*!40101 SET character_set_client = @saved_cs_client */;

--
-- Dumping data for table `up_users_role_lnk`
--

LOCK TABLES `up_users_role_lnk` WRITE;
/*!40000 ALTER TABLE `up_users_role_lnk` DISABLE KEYS */;
INSERT INTO `up_users_role_lnk` VALUES (1,1,1,1),(2,2,1,2),(3,3,3,1);
/*!40000 ALTER TABLE `up_users_role_lnk` ENABLE KEYS */;
UNLOCK TABLES;

--
-- Table structure for table `upload_folders`
--

DROP TABLE IF EXISTS `upload_folders`;
/*!40101 SET @saved_cs_client     = @@character_set_client */;
/*!50503 SET character_set_client = utf8mb4 */;
CREATE TABLE `upload_folders` (
  `id` int unsigned NOT NULL AUTO_INCREMENT,
  `document_id` varchar(255) DEFAULT NULL,
  `name` varchar(255) DEFAULT NULL,
  `path_id` int DEFAULT NULL,
  `path` varchar(255) DEFAULT NULL,
  `created_at` datetime(6) DEFAULT NULL,
  `updated_at` datetime(6) DEFAULT NULL,
  `published_at` datetime(6) DEFAULT NULL,
  `created_by_id` int unsigned DEFAULT NULL,
  `updated_by_id` int unsigned DEFAULT NULL,
  `locale` varchar(255) DEFAULT NULL,
  PRIMARY KEY (`id`),
  UNIQUE KEY `upload_folders_path_id_index` (`path_id`),
  UNIQUE KEY `upload_folders_path_index` (`path`),
  KEY `upload_folders_documents_idx` (`document_id`,`locale`,`published_at`),
  KEY `upload_folders_created_by_id_fk` (`created_by_id`),
  KEY `upload_folders_updated_by_id_fk` (`updated_by_id`),
  CONSTRAINT `upload_folders_created_by_id_fk` FOREIGN KEY (`created_by_id`) REFERENCES `admin_users` (`id`) ON DELETE SET NULL,
  CONSTRAINT `upload_folders_updated_by_id_fk` FOREIGN KEY (`updated_by_id`) REFERENCES `admin_users` (`id`) ON DELETE SET NULL
) ENGINE=InnoDB DEFAULT CHARSET=utf8mb4 COLLATE=utf8mb4_0900_ai_ci;
/*!40101 SET character_set_client = @saved_cs_client */;

--
-- Dumping data for table `upload_folders`
--

LOCK TABLES `upload_folders` WRITE;
/*!40000 ALTER TABLE `upload_folders` DISABLE KEYS */;
/*!40000 ALTER TABLE `upload_folders` ENABLE KEYS */;
UNLOCK TABLES;

--
-- Table structure for table `upload_folders_parent_lnk`
--

DROP TABLE IF EXISTS `upload_folders_parent_lnk`;
/*!40101 SET @saved_cs_client     = @@character_set_client */;
/*!50503 SET character_set_client = utf8mb4 */;
CREATE TABLE `upload_folders_parent_lnk` (
  `id` int unsigned NOT NULL AUTO_INCREMENT,
  `folder_id` int unsigned DEFAULT NULL,
  `inv_folder_id` int unsigned DEFAULT NULL,
  `folder_ord` double unsigned DEFAULT NULL,
  PRIMARY KEY (`id`),
  UNIQUE KEY `upload_folders_parent_lnk_uq` (`folder_id`,`inv_folder_id`),
  KEY `upload_folders_parent_lnk_fk` (`folder_id`),
  KEY `upload_folders_parent_lnk_ifk` (`inv_folder_id`),
  KEY `upload_folders_parent_lnk_oifk` (`folder_ord`),
  CONSTRAINT `upload_folders_parent_lnk_fk` FOREIGN KEY (`folder_id`) REFERENCES `upload_folders` (`id`) ON DELETE CASCADE,
  CONSTRAINT `upload_folders_parent_lnk_ifk` FOREIGN KEY (`inv_folder_id`) REFERENCES `upload_folders` (`id`) ON DELETE CASCADE
) ENGINE=InnoDB DEFAULT CHARSET=utf8mb4 COLLATE=utf8mb4_0900_ai_ci;
/*!40101 SET character_set_client = @saved_cs_client */;

--
-- Dumping data for table `upload_folders_parent_lnk`
--

LOCK TABLES `upload_folders_parent_lnk` WRITE;
/*!40000 ALTER TABLE `upload_folders_parent_lnk` DISABLE KEYS */;
/*!40000 ALTER TABLE `upload_folders_parent_lnk` ENABLE KEYS */;
UNLOCK TABLES;
/*!40103 SET TIME_ZONE=@OLD_TIME_ZONE */;

/*!40101 SET SQL_MODE=@OLD_SQL_MODE */;
/*!40014 SET FOREIGN_KEY_CHECKS=@OLD_FOREIGN_KEY_CHECKS */;
/*!40014 SET UNIQUE_CHECKS=@OLD_UNIQUE_CHECKS */;
/*!40101 SET CHARACTER_SET_CLIENT=@OLD_CHARACTER_SET_CLIENT */;
/*!40101 SET CHARACTER_SET_RESULTS=@OLD_CHARACTER_SET_RESULTS */;
/*!40101 SET COLLATION_CONNECTION=@OLD_COLLATION_CONNECTION */;
/*!40111 SET SQL_NOTES=@OLD_SQL_NOTES */;

-- Dump completed on 2026-03-19 12:50:52
